"ID";"Codigo";"Descripcion";"Unidad de medida";"Catalogo";"Stock Total";"Stock Reservado";"Almacen";
"802";"EPP-5169";"ANTEOJO OSCURO";"07";"Elementos de Protección Personal";"2,000";"0,000";"ELDO_ALM_PRINCIPAL";
"802";"EPP-5169";"ANTEOJO OSCURO";"07";"Elementos de Protección Personal";"27,000";"0,000";"OBE_ALM_PRINCIPAL";
"801";"EPP-5168";"ANTEOJO TRANSPARENTE";"07";"Elementos de Protección Personal";"27,000";"0,000";"OBE_ALM_PRINCIPAL";
"801";"EPP-5168";"ANTEOJO TRANSPARENTE";"07";"Elementos de Protección Personal";"2,000";"0,000";"ELDO_ALM_PRINCIPAL";
"808";"EPP-5175";"ARNES PARA CASCO";"07";"Elementos de Protección Personal";"22,000";"0,000";"OBE_ALM_PRINCIPAL";
"808";"EPP-5175";"ARNES PARA CASCO";"07";"Elementos de Protección Personal";"2,000";"0,000";"ELDO_ALM_PRINCIPAL";
"812";"EPP-5180";"ARNES TEXTIL MAPUCHE A CREMALLERA COD-R3620/1";"07";"Elementos de Protección Personal";"1,000";"0,000";"OBE_ALM_PRINCIPAL";
"806";"EPP-5174";"CASCO AMARILLO";"07";"Elementos de Protección Personal";"2,000";"0,000";"ELDO_ALM_PRINCIPAL";
"806";"EPP-5174";"CASCO AMARILLO";"07";"Elementos de Protección Personal";"21,000";"0,000";"OBE_ALM_PRINCIPAL";
"799";"EPP-5176";"CASCO AZUL";"07";"Elementos de Protección Personal";"2,000";"0,000";"OBE_ALM_PRINCIPAL";
"800";"EPP-5167";"CHALECO REFLEX NARANJA";"07";"Elementos de Protección Personal";"37,000";"0,000";"OBE_ALM_PRINCIPAL";
"800";"EPP-5167";"CHALECO REFLEX NARANJA";"07";"Elementos de Protección Personal";"2,000";"0,000";"ELDO_ALM_PRINCIPAL";
"811";"EPP-5179";"CINTURON DE SUJECION LINIERO C/CABO MODELO 181 COD E181";"07";"Elementos de Protección Personal";"12,000";"0,000";"OBE_ALM_PRINCIPAL";
"811";"EPP-5179";"CINTURON DE SUJECION LINIERO C/CABO MODELO 181 COD E181";"07";"Elementos de Protección Personal";"2,000";"0,000";"ELDO_ALM_PRINCIPAL";
"810";"EPP-5178";"FAJA LUMBAR REFORZADA PROMAX LINE PLUS EN CAJA TALLE";"07";"Elementos de Protección Personal";"3,000";"0,000";"OBE_ALM_PRINCIPAL";
"803";"EPP-5170";"GUANTE MULTIFLEX NITRILO ESPUMADO";"07";"Elementos de Protección Personal";"8,000";"0,000";"ITU_ALM_PRINCIPAL";
"803";"EPP-5170";"GUANTE MULTIFLEX NITRILO ESPUMADO";"07";"Elementos de Protección Personal";"8,000";"0,000";"ELDO_ALM_PRINCIPAL";
"803";"EPP-5170";"GUANTE MULTIFLEX NITRILO ESPUMADO";"07";"Elementos de Protección Personal";"65,000";"0,000";"OBE_ALM_PRINCIPAL";
"804";"EPP-5171";"GUANTE VAQUETA MEDIO PASEO DPS221023E";"07";"Elementos de Protección Personal";"18,000";"0,000";"OBE_ALM_PRINCIPAL";
"804";"EPP-5171";"GUANTE VAQUETA MEDIO PASEO DPS221023E";"07";"Elementos de Protección Personal";"2,000";"0,000";"ELDO_ALM_PRINCIPAL";
"805";"EPP-5173";"PROTECTOR AUDITIVO TIPO COPA";"07";"Elementos de Protección Personal";"2,000";"0,000";"OBE_ALM_PRINCIPAL";
"534";"ER-4524";"AMFER FUENTE 24V 10A (FX300 TELECOM)";"07";"Equipamiento de ISP Red/Nodo. Switches, Routers, UPS, Gab.";"3,000";"0,000";"OBE_MOV_AF288VL_TOYOTA_OB06";
"534";"ER-4524";"AMFER FUENTE 24V 10A (FX300 TELECOM)";"07";"Equipamiento de ISP Red/Nodo. Switches, Routers, UPS, Gab.";"1,000";"0,000";"SPD_RANGER_KNV423";
"921";"ER-5338";"AMFER FUENTE 24V 15A (FX300 TELECOM)";"07";"Equipamiento de ISP Red/Nodo. Switches, Routers, UPS, Gab.";"6,000";"0,000";"OBE_ALM_PRINCIPAL";
"617";"ER-5055";"AMFER FUENTE 24V 20A (FX300 TELECOM)";"07";"Equipamiento de ISP Red/Nodo. Switches, Routers, UPS, Gab.";"1,000";"0,000";"SPD_PRINCIPAL";
"617";"ER-5055";"AMFER FUENTE 24V 20A (FX300 TELECOM)";"07";"Equipamiento de ISP Red/Nodo. Switches, Routers, UPS, Gab.";"1,000";"0,000";"OBE_MOV_AF288VL_TOYOTA_OB06";
"617";"ER-5055";"AMFER FUENTE 24V 20A (FX300 TELECOM)";"07";"Equipamiento de ISP Red/Nodo. Switches, Routers, UPS, Gab.";"2,000";"0,000";"OBE_ALM_PRINCIPAL";
"289";"ER-4559";"BATERIA DE LITIO 24V100AH";"07";"Equipamiento de ISP Red/Nodo. Switches, Routers, UPS, Gab.";"1,000";"0,000";"OBE_MOV_AF288VL_TOYOTA_OB06";
"582";"ER-5041";"BELSIC FUENTE 24V/5A";"07";"Equipamiento de ISP Red/Nodo. Switches, Routers, UPS, Gab.";"1,000";"0,000";"SPD_RANGER_KNV423";
"582";"ER-5041";"BELSIC FUENTE 24V/5A";"07";"Equipamiento de ISP Red/Nodo. Switches, Routers, UPS, Gab.";"1,000";"0,000";"OBE_ALM_PRINCIPAL";
"283";"ER-4521";"BELSIC FUENTE 24V/7A";"07";"Equipamiento de ISP Red/Nodo. Switches, Routers, UPS, Gab.";"1,000";"0,000";"WND-PRINCIPAL";
"283";"ER-4521";"BELSIC FUENTE 24V/7A";"07";"Equipamiento de ISP Red/Nodo. Switches, Routers, UPS, Gab.";"1,000";"0,000";"OBE_ALM_PRINCIPAL";
"193";"nousar4";"BORRAR";"07";"Equipamiento de ISP Red/Nodo. Switches, Routers, UPS, Gab.";"1,000";"0,000";"SPD_PRINCIPAL";
"204";"nousar2";"borrar";"07";"Equipamiento de ISP Red/Nodo. Switches, Routers, UPS, Gab.";"2,000";"0,000";"SPD_PRINCIPAL";
"212";"nousar5";"BORRAR";"07";"Equipamiento de ISP Red/Nodo. Switches, Routers, UPS, Gab.";"6,000";"0,000";"SPD_PRINCIPAL";
"212";"nousar5";"BORRAR";"07";"Equipamiento de ISP Red/Nodo. Switches, Routers, UPS, Gab.";"2,000";"0,000";"WND-PRINCIPAL";
"232";"nousar3";"borrar";"07";"Equipamiento de ISP Red/Nodo. Switches, Routers, UPS, Gab.";"1,000";"0,000";"SPD_PRINCIPAL";
"281";"nousar7";"BORRAR";"07";"Equipamiento de ISP Red/Nodo. Switches, Routers, UPS, Gab.";"3,000";"0,000";"WND-PRINCIPAL";
"49";"nousar6";"BORRAR";"07";"Equipamiento de ISP Red/Nodo. Switches, Routers, UPS, Gab.";"1,000";"0,000";"OBE_ALM_PRINCIPAL";
"47";"nousar";"borrar";"07";"Equipamiento de ISP Red/Nodo. Switches, Routers, UPS, Gab.";"2,000";"0,000";"OBE_ALM_PRINCIPAL";
"55";"ER-829";"CAMBIUM EPMP FORCE 200 5GHZ 200AR5-25 ROW EPMP";"07";"Equipamiento de ISP Red/Nodo. Switches, Routers, UPS, Gab.";"2,000";"0,000";"WND-PRINCIPAL";
"55";"ER-829";"CAMBIUM EPMP FORCE 200 5GHZ 200AR5-25 ROW EPMP";"07";"Equipamiento de ISP Red/Nodo. Switches, Routers, UPS, Gab.";"4,000";"0,000";"SPD_RANGER_KNV423";
"55";"ER-829";"CAMBIUM EPMP FORCE 200 5GHZ 200AR5-25 ROW EPMP";"07";"Equipamiento de ISP Red/Nodo. Switches, Routers, UPS, Gab.";"2,000";"0,000";"OBE_MOV_AF288VL_TOYOTA_OB06";
"55";"ER-829";"CAMBIUM EPMP FORCE 200 5GHZ 200AR5-25 ROW EPMP";"07";"Equipamiento de ISP Red/Nodo. Switches, Routers, UPS, Gab.";"1,000";"0,000";"OBE_ALM_REDES";
"55";"ER-829";"CAMBIUM EPMP FORCE 200 5GHZ 200AR5-25 ROW EPMP";"07";"Equipamiento de ISP Red/Nodo. Switches, Routers, UPS, Gab.";"3,000";"0,000";"OBE_ALM_PRINCIPAL";
"646";"ER-5068-U";"CAMBIUM EPMP FORCE 200 5GHZ 200AR5(USADO)";"07";"Equipamiento de ISP Red/Nodo. Switches, Routers, UPS, Gab.";"1,000";"0,000";"OBE_ALM_PRINCIPAL";
"646";"ER-5068-U";"CAMBIUM EPMP FORCE 200 5GHZ 200AR5(USADO)";"07";"Equipamiento de ISP Red/Nodo. Switches, Routers, UPS, Gab.";"1,000";"0,000";"SPD_RANGER_KNV423";
"546";"ER-4061";"CAMBIUM EPMP PTP FORCE 400C";"07";"Equipamiento de ISP Red/Nodo. Switches, Routers, UPS, Gab.";"2,000";"0,000";"SPD_PRINCIPAL";
"630";"ER-5063-U";"CAMBIUM FORCE 190 (USADO)";"07";"Equipamiento de ISP Red/Nodo. Switches, Routers, UPS, Gab.";"1,000";"0,000";"SPD_JUAN_OSTRONIUK";
"630";"ER-5063-U";"CAMBIUM FORCE 190 (USADO)";"07";"Equipamiento de ISP Red/Nodo. Switches, Routers, UPS, Gab.";"2,000";"0,000";"SPD_PRINCIPAL";
"206";"ER-3429";"CONTROLADOR SOLAR MPPT 12V/24V 30A";"07";"Equipamiento de ISP Red/Nodo. Switches, Routers, UPS, Gab.";"1,000";"0,000";"OBE_ALM_PRINCIPAL";
"206";"ER-3429";"CONTROLADOR SOLAR MPPT 12V/24V 30A";"07";"Equipamiento de ISP Red/Nodo. Switches, Routers, UPS, Gab.";"3,000";"0,000";"SPD_PRINCIPAL";
"206";"ER-3429";"CONTROLADOR SOLAR MPPT 12V/24V 30A";"07";"Equipamiento de ISP Red/Nodo. Switches, Routers, UPS, Gab.";"1,000";"0,000";"SPD_RANGER_KNV423";
"755";"ER-3429-U";"CONTROLADOR SOLAR MPPT 12V/24V 30A(USADO)";"07";"Equipamiento de ISP Red/Nodo. Switches, Routers, UPS, Gab.";"2,000";"0,000";"SPD_PRINCIPAL";
"754";"ER-5135-U";"CONTROLADOR SOLAR MPPT VOLT 12V/24V 20A (USADO)";"07";"Equipamiento de ISP Red/Nodo. Switches, Routers, UPS, Gab.";"4,000";"0,000";"SPD_PRINCIPAL";
"207";"ER-2536";"EMERSON FUENTE NETSURE 212 C23";"07";"Equipamiento de ISP Red/Nodo. Switches, Routers, UPS, Gab.";"1,000";"0,000";"OBE_ALM_PRINCIPAL";
"207";"ER-2536";"EMERSON FUENTE NETSURE 212 C23";"07";"Equipamiento de ISP Red/Nodo. Switches, Routers, UPS, Gab.";"1,000";"0,000";"OBE_MOV_AF288VL_TOYOTA_OB06";
"535";"ER-2536-U";"EMERSON FUENTE NETSURE 212 C23(USADO)";"07";"Equipamiento de ISP Red/Nodo. Switches, Routers, UPS, Gab.";"1,000";"0,000";"OBE_ALM_PRINCIPAL";
"255";"ER-4562";"ETN INTERRUPTOR DE TRANSFERENCIA ESTÁTICA ''EAT30N'' 30A";"07";"Equipamiento de ISP Red/Nodo. Switches, Routers, UPS, Gab.";"2,000";"0,000";"OBE_ALM_PRINCIPAL";
"832";"ER-5196";"F.M QSFP+ 40G CABO QSFP A QSFP AOC 15M";"07";"Equipamiento de ISP Red/Nodo. Switches, Routers, UPS, Gab.";"2,000";"0,000";"OBE_ALM_PRINCIPAL";
"901";"ER-5318";"F.M QSFP+ 40G CABO QSFP A QSFP AOC 5M";"07";"Equipamiento de ISP Red/Nodo. Switches, Routers, UPS, Gab.";"2,000";"0,000";"OBE_ALM_PRINCIPAL";
"45";"ER-1288";"FICHA RJ45";"07";"Equipamiento de ISP Red/Nodo. Switches, Routers, UPS, Gab.";"10,000";"0,000";"WND_ALM_EXTRAV_OB16_AH259TN";
"45";"ER-1288";"FICHA RJ45";"07";"Equipamiento de ISP Red/Nodo. Switches, Routers, UPS, Gab.";"4,000";"0,000";"WND_YARIS_AG619SV_OB12";
"45";"ER-1288";"FICHA RJ45";"07";"Equipamiento de ISP Red/Nodo. Switches, Routers, UPS, Gab.";"8,000";"0,000";"OCAMPO-MOVIL01";
"45";"ER-1288";"FICHA RJ45";"07";"Equipamiento de ISP Red/Nodo. Switches, Routers, UPS, Gab.";"5,000";"0,000";"TAVARES_FIAT-UNO_LEW916";
"45";"ER-1288";"FICHA RJ45";"07";"Equipamiento de ISP Red/Nodo. Switches, Routers, UPS, Gab.";"16,000";"0,000";"TAVARES_FIAT-UNO_FZD571";
"45";"ER-1288";"FICHA RJ45";"07";"Equipamiento de ISP Red/Nodo. Switches, Routers, UPS, Gab.";"19,000";"0,000";"DOSK_FIAT-UNO_NCQ134";
"45";"ER-1288";"FICHA RJ45";"07";"Equipamiento de ISP Red/Nodo. Switches, Routers, UPS, Gab.";"33,000";"0,000";"DOSK_FIAT-PALIO_NUU379";
"45";"ER-1288";"FICHA RJ45";"07";"Equipamiento de ISP Red/Nodo. Switches, Routers, UPS, Gab.";"18,000";"0,000";"OBE_FIORINO_AH259TN_OB16";
"45";"ER-1288";"FICHA RJ45";"07";"Equipamiento de ISP Red/Nodo. Switches, Routers, UPS, Gab.";"18,000";"0,000";"SPD_FIATUNO_JQL437";
"45";"ER-1288";"FICHA RJ45";"07";"Equipamiento de ISP Red/Nodo. Switches, Routers, UPS, Gab.";"35,000";"0,000";"3RO_MOV_AC343ZR_TAVARES_DANIEL";
"45";"ER-1288";"FICHA RJ45";"07";"Equipamiento de ISP Red/Nodo. Switches, Routers, UPS, Gab.";"23,000";"0,000";"OBE_ALM_EXTRAV_OB11_FABIAN";
"45";"ER-1288";"FICHA RJ45";"07";"Equipamiento de ISP Red/Nodo. Switches, Routers, UPS, Gab.";"25,000";"0,000";"OBE_MOV_AH259TD_FIORINO_OB17";
"45";"ER-1288";"FICHA RJ45";"07";"Equipamiento de ISP Red/Nodo. Switches, Routers, UPS, Gab.";"15,000";"0,000";"TAVARES_WWP416_MARBIN";
"45";"ER-1288";"FICHA RJ45";"07";"Equipamiento de ISP Red/Nodo. Switches, Routers, UPS, Gab.";"10,000";"0,000";"WND_ALM_EXTRAV_FIAT-UNO_NCQ134";
"45";"ER-1288";"FICHA RJ45";"07";"Equipamiento de ISP Red/Nodo. Switches, Routers, UPS, Gab.";"25,000";"0,000";"DOSK_FIAT-PALIO_OUE911";
"45";"ER-1288";"FICHA RJ45";"07";"Equipamiento de ISP Red/Nodo. Switches, Routers, UPS, Gab.";"9,000";"0,000";"WND_ALM_EXTRAV_FIAT-PALIO_NUU379";
"45";"ER-1288";"FICHA RJ45";"07";"Equipamiento de ISP Red/Nodo. Switches, Routers, UPS, Gab.";"58,000";"0,000";"OBE_ALM_T-I";
"45";"ER-1288";"FICHA RJ45";"07";"Equipamiento de ISP Red/Nodo. Switches, Routers, UPS, Gab.";"150,000";"0,000";"ITU_ALM_PRINCIPAL";
"45";"ER-1288";"FICHA RJ45";"07";"Equipamiento de ISP Red/Nodo. Switches, Routers, UPS, Gab.";"200,000";"0,000";"ELDO_ALM_PRINCIPAL";
"45";"ER-1288";"FICHA RJ45";"07";"Equipamiento de ISP Red/Nodo. Switches, Routers, UPS, Gab.";"27,000";"0,000";"3RO_MOV_KEO663_TAVARES_CLAUDIO";
"45";"ER-1288";"FICHA RJ45";"07";"Equipamiento de ISP Red/Nodo. Switches, Routers, UPS, Gab.";"20,000";"0,000";"SPD_PEUGEOT206_FHB226";
"45";"ER-1288";"FICHA RJ45";"07";"Equipamiento de ISP Red/Nodo. Switches, Routers, UPS, Gab.";"18,000";"0,000";"ELDO_MOVIL_AH646PT_FIORINO";
"45";"ER-1288";"FICHA RJ45";"07";"Equipamiento de ISP Red/Nodo. Switches, Routers, UPS, Gab.";"35,000";"0,000";"WND-PRINCIPAL";
"45";"ER-1288";"FICHA RJ45";"07";"Equipamiento de ISP Red/Nodo. Switches, Routers, UPS, Gab.";"2289,000";"0,000";"OBE_ALM_PRINCIPAL";
"45";"ER-1288";"FICHA RJ45";"07";"Equipamiento de ISP Red/Nodo. Switches, Routers, UPS, Gab.";"34,000";"0,000";"OBE_MOV_AC325KI_PARTNER_OB04";
"45";"ER-1288";"FICHA RJ45";"07";"Equipamiento de ISP Red/Nodo. Switches, Routers, UPS, Gab.";"23,000";"0,000";"OBE_MOV_AF626DO_FIORINO_OB07";
"45";"ER-1288";"FICHA RJ45";"07";"Equipamiento de ISP Red/Nodo. Switches, Routers, UPS, Gab.";"18,000";"0,000";"OBE_MOV_AA701EZ_CLIO_OB09";
"45";"ER-1288";"FICHA RJ45";"07";"Equipamiento de ISP Red/Nodo. Switches, Routers, UPS, Gab.";"27,000";"0,000";"OBE_MOV_AF645TX_BERLINGO_OB10";
"45";"ER-1288";"FICHA RJ45";"07";"Equipamiento de ISP Red/Nodo. Switches, Routers, UPS, Gab.";"34,000";"0,000";"OBE_MOV_AG619SX_YARIS_OB11";
"45";"ER-1288";"FICHA RJ45";"07";"Equipamiento de ISP Red/Nodo. Switches, Routers, UPS, Gab.";"19,000";"0,000";"OBE_MOV_AG660RM_FIORINO_OB13";
"45";"ER-1288";"FICHA RJ45";"07";"Equipamiento de ISP Red/Nodo. Switches, Routers, UPS, Gab.";"37,000";"0,000";"OBE_MOV_AG619SY_YARIS_OB14";
"45";"ER-1288";"FICHA RJ45";"07";"Equipamiento de ISP Red/Nodo. Switches, Routers, UPS, Gab.";"10,000";"0,000";"OBE_MOV_AC301UR_PARTNER_OB05";
"45";"ER-1288";"FICHA RJ45";"07";"Equipamiento de ISP Red/Nodo. Switches, Routers, UPS, Gab.";"62,000";"0,000";"OBE_MOV_AF288VL_TOYOTA_OB06";
"45";"ER-1288";"FICHA RJ45";"07";"Equipamiento de ISP Red/Nodo. Switches, Routers, UPS, Gab.";"240,000";"0,000";"SPD_PRINCIPAL";
"45";"ER-1288";"FICHA RJ45";"07";"Equipamiento de ISP Red/Nodo. Switches, Routers, UPS, Gab.";"8,000";"0,000";"SPD_FIORINO_AE226IV";
"45";"ER-1288";"FICHA RJ45";"07";"Equipamiento de ISP Red/Nodo. Switches, Routers, UPS, Gab.";"5,000";"1,000";"SPD_GOL_IZF196";
"45";"ER-1288";"FICHA RJ45";"07";"Equipamiento de ISP Red/Nodo. Switches, Routers, UPS, Gab.";"18,000";"0,000";"SPD_KANGOO_LDM961";
"45";"ER-1288";"FICHA RJ45";"07";"Equipamiento de ISP Red/Nodo. Switches, Routers, UPS, Gab.";"36,000";"0,000";"SPD_CORSA_GWT145";
"45";"ER-1288";"FICHA RJ45";"07";"Equipamiento de ISP Red/Nodo. Switches, Routers, UPS, Gab.";"25,000";"0,000";"WND_ECOSPORT_EWD102";
"45";"ER-1288";"FICHA RJ45";"07";"Equipamiento de ISP Red/Nodo. Switches, Routers, UPS, Gab.";"9,000";"0,000";"SPD_RANGER_KNV423";
"561";"ER-2777";"FICHA RJ45 CAT 6";"07";"Equipamiento de ISP Red/Nodo. Switches, Routers, UPS, Gab.";"39,000";"0,000";"ITU_MOV_AH864NB_FIORINO_OB-23";
"561";"ER-2777";"FICHA RJ45 CAT 6";"07";"Equipamiento de ISP Red/Nodo. Switches, Routers, UPS, Gab.";"7,000";"0,000";"SPD_FIORINO_AH646PV";
"561";"ER-2777";"FICHA RJ45 CAT 6";"07";"Equipamiento de ISP Red/Nodo. Switches, Routers, UPS, Gab.";"14,000";"0,000";"3RO_MOV_AC343ZR_TAVARES_DANIEL";
"561";"ER-2777";"FICHA RJ45 CAT 6";"07";"Equipamiento de ISP Red/Nodo. Switches, Routers, UPS, Gab.";"10,000";"0,000";"SPD_FIATUNO_JQL437";
"561";"ER-2777";"FICHA RJ45 CAT 6";"07";"Equipamiento de ISP Red/Nodo. Switches, Routers, UPS, Gab.";"100,000";"0,000";"WND-PRINCIPAL";
"561";"ER-2777";"FICHA RJ45 CAT 6";"07";"Equipamiento de ISP Red/Nodo. Switches, Routers, UPS, Gab.";"2,000";"0,000";"SPD_KANGOO_LDM961";
"561";"ER-2777";"FICHA RJ45 CAT 6";"07";"Equipamiento de ISP Red/Nodo. Switches, Routers, UPS, Gab.";"80,000";"0,000";"SPD_PRINCIPAL";
"561";"ER-2777";"FICHA RJ45 CAT 6";"07";"Equipamiento de ISP Red/Nodo. Switches, Routers, UPS, Gab.";"6,000";"0,000";"OBE_MOV_AG619SX_YARIS_OB11";
"561";"ER-2777";"FICHA RJ45 CAT 6";"07";"Equipamiento de ISP Red/Nodo. Switches, Routers, UPS, Gab.";"50,000";"0,000";"OBE_ALM_REDES";
"561";"ER-2777";"FICHA RJ45 CAT 6";"07";"Equipamiento de ISP Red/Nodo. Switches, Routers, UPS, Gab.";"282,000";"0,000";"OBE_ALM_PRINCIPAL";
"515";"ER-3353";"FO LAPIZ LIMPIADOR FTTH E2000 (SC/ST/FC/APC/UPC)";"07";"Equipamiento de ISP Red/Nodo. Switches, Routers, UPS, Gab.";"1,000";"0,000";"DOSK_FIAT-PALIO_OUE911";
"515";"ER-3353";"FO LAPIZ LIMPIADOR FTTH E2000 (SC/ST/FC/APC/UPC)";"07";"Equipamiento de ISP Red/Nodo. Switches, Routers, UPS, Gab.";"2,000";"0,000";"OBE_MOV_AF626DQ_FIORINO_OB08";
"515";"ER-3353";"FO LAPIZ LIMPIADOR FTTH E2000 (SC/ST/FC/APC/UPC)";"07";"Equipamiento de ISP Red/Nodo. Switches, Routers, UPS, Gab.";"1,000";"0,000";"SPD_RANGER_KNV423";
"515";"ER-3353";"FO LAPIZ LIMPIADOR FTTH E2000 (SC/ST/FC/APC/UPC)";"07";"Equipamiento de ISP Red/Nodo. Switches, Routers, UPS, Gab.";"51,000";"0,000";"OBE_ALM_PRINCIPAL";
"515";"ER-3353";"FO LAPIZ LIMPIADOR FTTH E2000 (SC/ST/FC/APC/UPC)";"07";"Equipamiento de ISP Red/Nodo. Switches, Routers, UPS, Gab.";"2,000";"0,000";"OBE_MOV_AG619SX_YARIS_OB11";
"515";"ER-3353";"FO LAPIZ LIMPIADOR FTTH E2000 (SC/ST/FC/APC/UPC)";"07";"Equipamiento de ISP Red/Nodo. Switches, Routers, UPS, Gab.";"1,000";"0,000";"OBE_MOV_AF626DO_FIORINO_OB07";
"515";"ER-3353";"FO LAPIZ LIMPIADOR FTTH E2000 (SC/ST/FC/APC/UPC)";"07";"Equipamiento de ISP Red/Nodo. Switches, Routers, UPS, Gab.";"3,000";"0,000";"SPD_PRINCIPAL";
"515";"ER-3353";"FO LAPIZ LIMPIADOR FTTH E2000 (SC/ST/FC/APC/UPC)";"07";"Equipamiento de ISP Red/Nodo. Switches, Routers, UPS, Gab.";"1,000";"0,000";"SPD_KANGOO_LDM961";
"515";"ER-3353";"FO LAPIZ LIMPIADOR FTTH E2000 (SC/ST/FC/APC/UPC)";"07";"Equipamiento de ISP Red/Nodo. Switches, Routers, UPS, Gab.";"1,000";"0,000";"ELDO_MOVIL_AH646PT_FIORINO";
"515";"ER-3353";"FO LAPIZ LIMPIADOR FTTH E2000 (SC/ST/FC/APC/UPC)";"07";"Equipamiento de ISP Red/Nodo. Switches, Routers, UPS, Gab.";"1,000";"0,000";"SPD_FIORINO_AH646PV";
"515";"ER-3353";"FO LAPIZ LIMPIADOR FTTH E2000 (SC/ST/FC/APC/UPC)";"07";"Equipamiento de ISP Red/Nodo. Switches, Routers, UPS, Gab.";"1,000";"0,000";"ELDO_ALM_PRINCIPAL";
"515";"ER-3353";"FO LAPIZ LIMPIADOR FTTH E2000 (SC/ST/FC/APC/UPC)";"07";"Equipamiento de ISP Red/Nodo. Switches, Routers, UPS, Gab.";"1,000";"0,000";"OBE_MOV_AH259TD_FIORINO_OB17";
"515";"ER-3353";"FO LAPIZ LIMPIADOR FTTH E2000 (SC/ST/FC/APC/UPC)";"07";"Equipamiento de ISP Red/Nodo. Switches, Routers, UPS, Gab.";"1,000";"0,000";"SPD_FIATUNO_JQL437";
"515";"ER-3353";"FO LAPIZ LIMPIADOR FTTH E2000 (SC/ST/FC/APC/UPC)";"07";"Equipamiento de ISP Red/Nodo. Switches, Routers, UPS, Gab.";"1,000";"0,000";"OBE_FIORINO_AH259TN_OB16";
"515";"ER-3353";"FO LAPIZ LIMPIADOR FTTH E2000 (SC/ST/FC/APC/UPC)";"07";"Equipamiento de ISP Red/Nodo. Switches, Routers, UPS, Gab.";"1,000";"0,000";"DOSK_FIAT-PALIO_NUU379";
"515";"ER-3353";"FO LAPIZ LIMPIADOR FTTH E2000 (SC/ST/FC/APC/UPC)";"07";"Equipamiento de ISP Red/Nodo. Switches, Routers, UPS, Gab.";"1,000";"0,000";"3RO_MOV_LUZ110_ZONAX_PETRY_02";
"515";"ER-3353";"FO LAPIZ LIMPIADOR FTTH E2000 (SC/ST/FC/APC/UPC)";"07";"Equipamiento de ISP Red/Nodo. Switches, Routers, UPS, Gab.";"1,000";"0,000";"WND-PRINCIPAL";
"905";"ER-5322";"FO QSFP 100GB 100KM LC SMF";"07";"Equipamiento de ISP Red/Nodo. Switches, Routers, UPS, Gab.";"4,000";"0,000";"OBE_ALM_PRINCIPAL";
"752";"ER-5133";"FO QSFP 28 100G 80KM 1310NM";"07";"Equipamiento de ISP Red/Nodo. Switches, Routers, UPS, Gab.";"1,000";"0,000";"SPD_PRINCIPAL";
"500";"ER-4081";"FO SFP 10GB DUPLEX 850NM 300M";"07";"Equipamiento de ISP Red/Nodo. Switches, Routers, UPS, Gab.";"8,000";"0,000";"OBE_ALM_REDES";
"753";"ER-5134";"FO SFP+ 10G 40KM LC DUPLEX 1550NM";"07";"Equipamiento de ISP Red/Nodo. Switches, Routers, UPS, Gab.";"4,000";"0,000";"SPD_PRINCIPAL";
"863";"ER-5300";"FO SFP+ 10G CABO-AOC 10m";"07";"Equipamiento de ISP Red/Nodo. Switches, Routers, UPS, Gab.";"8,000";"0,000";"OBE_ALM_PRINCIPAL";
"751";"ER-5132";"FO SFP+ 10G CABO-AOC 5m";"07";"Equipamiento de ISP Red/Nodo. Switches, Routers, UPS, Gab.";"2,000";"0,000";"WND-PRINCIPAL";
"751";"ER-5132";"FO SFP+ 10G CABO-AOC 5m";"07";"Equipamiento de ISP Red/Nodo. Switches, Routers, UPS, Gab.";"7,000";"0,000";"SPD_PRINCIPAL";
"751";"ER-5132";"FO SFP+ 10G CABO-AOC 5m";"07";"Equipamiento de ISP Red/Nodo. Switches, Routers, UPS, Gab.";"16,000";"0,000";"OBE_ALM_PRINCIPAL";
"39";"ER-3709-U";"FUENTE ALG 24V 10A(USADO)";"07";"Equipamiento de ISP Red/Nodo. Switches, Routers, UPS, Gab.";"1,000";"0,000";"OBE_ALM_PRINCIPAL";
"257";"ER-4232";"FUENTE OLT ''MODULO RETIFICADOR'' HUAWEI (R4850G2) 50A";"07";"Equipamiento de ISP Red/Nodo. Switches, Routers, UPS, Gab.";"5,000";"0,000";"OBE_ALM_PRINCIPAL";
"580";"ER-3503";"GABINETE RACK MURAL 6U";"07";"Equipamiento de ISP Red/Nodo. Switches, Routers, UPS, Gab.";"1,000";"0,000";"OBE_ALM_PRINCIPAL";
"274";"ER-4498";"HUAWEI DEMO ''AP'' AIR-ERGINIE5761R-11E (EXTERIOR)";"07";"Equipamiento de ISP Red/Nodo. Switches, Routers, UPS, Gab.";"1,000";"0,000";"OBE_ALM_PRINCIPAL";
"284";"ER-4522";"HUAWEI FUENTE SWTICH S6730/1000W/ DC PDC1000S12-DB -48";"07";"Equipamiento de ISP Red/Nodo. Switches, Routers, UPS, Gab.";"4,000";"0,000";"OBE_ALM_PRINCIPAL";
"609";"ER-3433-U";"HUAWEI S5720-28X-PWR-LI-AC(USADO)";"07";"Equipamiento de ISP Red/Nodo. Switches, Routers, UPS, Gab.";"1,000";"0,000";"OBE_ALM_PRINCIPAL";
"267";"ER-4591";"IPTV EDFA 08 PORTAS CATV 77BEY8+22+WDM SC-APC SC-APC";"07";"Equipamiento de ISP Red/Nodo. Switches, Routers, UPS, Gab.";"1,000";"0,000";"OBE_MOV_AF288VL_TOYOTA_OB06";
"251";"ER-4160";"IPTV EDFA 32 PORTAS CATV SPA-32-22+WDM SC/APC";"07";"Equipamiento de ISP Red/Nodo. Switches, Routers, UPS, Gab.";"1,000";"0,000";"OBE_ALM_PRINCIPAL";
"251";"ER-4160";"IPTV EDFA 32 PORTAS CATV SPA-32-22+WDM SC/APC";"07";"Equipamiento de ISP Red/Nodo. Switches, Routers, UPS, Gab.";"1,000";"0,000";"OBE_MOV_AF288VL_TOYOTA_OB06";
"685";"ER-5092-U";"IS-5AC(USADO)";"07";"Equipamiento de ISP Red/Nodo. Switches, Routers, UPS, Gab.";"7,000";"0,000";"OBE_ALM_PRINCIPAL";
"543";"ER-4638";"KOZUMI KS-1024RM 24port";"07";"Equipamiento de ISP Red/Nodo. Switches, Routers, UPS, Gab.";"1,000";"0,000";"SPD_PRINCIPAL";
"210";"ER-2544";"MIKROTIK DYNA6 RBDYNADISHG-6HND";"07";"Equipamiento de ISP Red/Nodo. Switches, Routers, UPS, Gab.";"1,000";"0,000";"OBE_ALM_PRINCIPAL";
"210";"ER-2544";"MIKROTIK DYNA6 RBDYNADISHG-6HND";"07";"Equipamiento de ISP Red/Nodo. Switches, Routers, UPS, Gab.";"2,000";"0,000";"OBE_MOV_AF288VL_TOYOTA_OB06";
"613";"ER-4456";"MIKROTIK LHG 5 AP/CPE+ ANTENA 5GHZ/24.5DBI  LVL3 C/F";"07";"Equipamiento de ISP Red/Nodo. Switches, Routers, UPS, Gab.";"1,000";"0,000";"SPD_ALM_DEVOLUCIONES";
"613";"ER-4456";"MIKROTIK LHG 5 AP/CPE+ ANTENA 5GHZ/24.5DBI  LVL3 C/F";"07";"Equipamiento de ISP Red/Nodo. Switches, Routers, UPS, Gab.";"1,000";"0,000";"SPD_PRINCIPAL";
"208";"ER-2537-U";"MIKROTIK MUPS INYECTOR(USADO)";"07";"Equipamiento de ISP Red/Nodo. Switches, Routers, UPS, Gab.";"5,000";"0,000";"OBE_ALM_PRINCIPAL";
"241";"ER-3626";"MIKROTIK OMNITIK RBOMNITIK-UPA-5HACD 5.8";"07";"Equipamiento de ISP Red/Nodo. Switches, Routers, UPS, Gab.";"1,000";"0,000";"OBE_MOV_AF626DQ_FIORINO_OB08";
"598";"ER-2356";"MIKROTIK OMNITIK RBOMNITIKG-5.8 AC";"07";"Equipamiento de ISP Red/Nodo. Switches, Routers, UPS, Gab.";"1,000";"0,000";"OBE_ALM_REDES";
"598";"ER-2356";"MIKROTIK OMNITIK RBOMNITIKG-5.8 AC";"07";"Equipamiento de ISP Red/Nodo. Switches, Routers, UPS, Gab.";"1,000";"0,000";"SPD_PRINCIPAL";
"249";"ER-4068";"MIKROTIK RB-WAP-AC- 2PG PARED C/F+POE";"07";"Equipamiento de ISP Red/Nodo. Switches, Routers, UPS, Gab.";"3,000";"0,000";"OBE_ALM_PRINCIPAL";
"238";"ER-3568";"MIKROTIK RB-WAPG-60GB-AP";"07";"Equipamiento de ISP Red/Nodo. Switches, Routers, UPS, Gab.";"1,000";"0,000";"OBE_ALM_PRINCIPAL";
"738";"ER-5122-U";"MIKROTIK RB260GPS(USADO)";"07";"Equipamiento de ISP Red/Nodo. Switches, Routers, UPS, Gab.";"1,000";"0,000";"SPD_ALM_DEVOLUCIONES";
"541";"ER-3400";"MIKROTIK ROUTER CCR1036-8G-2S+-8PGB";"07";"Equipamiento de ISP Red/Nodo. Switches, Routers, UPS, Gab.";"1,000";"0,000";"SPD_PRINCIPAL";
"540";"ER-2999-U";"MIKROTIK ROUTER CCR2004-1G-12S+2XS(USADO)";"07";"Equipamiento de ISP Red/Nodo. Switches, Routers, UPS, Gab.";"2,000";"0,000";"OBE_ALM_PRINCIPAL";
"642";"ER-4515-U";"MIKROTIK ROUTER CCR2116-12G-4S+4X10G SFP+ 16GB(USADO)";"07";"Equipamiento de ISP Red/Nodo. Switches, Routers, UPS, Gab.";"1,000";"0,000";"OBE_ALM_PRINCIPAL";
"487";"ER-2033";"MIKROTIK ROUTER RB 760 IGS HEX S";"07";"Equipamiento de ISP Red/Nodo. Switches, Routers, UPS, Gab.";"1,000";"0,000";"SPD_PRINCIPAL";
"600";"ER-5053-U";"MIKROTIK ROUTER RB2011 LS-IN(USADO)";"07";"Equipamiento de ISP Red/Nodo. Switches, Routers, UPS, Gab.";"1,000";"0,000";"OBE_ALM_PRINCIPAL";
"199";"ER-1516-U";"MIKROTIK ROUTER RB2011IL-IN RM 5 ETH 10/100 + 5 GIGA(USADO)";"07";"Equipamiento de ISP Red/Nodo. Switches, Routers, UPS, Gab.";"1,000";"0,000";"SPD_RANGER_KNV423";
"203";"ER-2326";"MIKROTIK ROUTER RB2011UIAS-RM-2HND WIFI 10 ETH 1 SFP";"07";"Equipamiento de ISP Red/Nodo. Switches, Routers, UPS, Gab.";"1,000";"0,000";"OBE_ALM_PRINCIPAL";
"203";"ER-2326";"MIKROTIK ROUTER RB2011UIAS-RM-2HND WIFI 10 ETH 1 SFP";"07";"Equipamiento de ISP Red/Nodo. Switches, Routers, UPS, Gab.";"1,000";"0,000";"Lucas_ Ventas B2B";
"205";"ER-2389";"MIKROTIK ROUTER RB3011UIAS-RM 10ETH 1GB RAM +1 SFP RACK";"07";"Equipamiento de ISP Red/Nodo. Switches, Routers, UPS, Gab.";"2,000";"0,000";"SPD_PRINCIPAL";
"684";"ER-1010-U";"MIKROTIK ROUTER RB4011IGS+RM 10ETH-GB-1G RAM- 1SFP(USADO)";"07";"Equipamiento de ISP Red/Nodo. Switches, Routers, UPS, Gab.";"2,000";"0,000";"OBE_ALM_PRINCIPAL";
"684";"ER-1010-U";"MIKROTIK ROUTER RB4011IGS+RM 10ETH-GB-1G RAM- 1SFP(USADO)";"07";"Equipamiento de ISP Red/Nodo. Switches, Routers, UPS, Gab.";"1,000";"0,000";"SPD_PRINCIPAL";
"34";"ER-2521";"MIKROTIK ROUTER RB750GR3 - 5 ETH - R L4 - GIGA 880MHZ";"07";"Equipamiento de ISP Red/Nodo. Switches, Routers, UPS, Gab.";"1,000";"0,000";"OBE_ALM_REDES";
"34";"ER-2521";"MIKROTIK ROUTER RB750GR3 - 5 ETH - R L4 - GIGA 880MHZ";"07";"Equipamiento de ISP Red/Nodo. Switches, Routers, UPS, Gab.";"1,000";"0,000";"SPD_JUAN_OSTRONIUK";
"34";"ER-2521";"MIKROTIK ROUTER RB750GR3 - 5 ETH - R L4 - GIGA 880MHZ";"07";"Equipamiento de ISP Red/Nodo. Switches, Routers, UPS, Gab.";"1,000";"0,000";"OBE_MOV_AF288VL_TOYOTA_OB06";
"34";"ER-2521";"MIKROTIK ROUTER RB750GR3 - 5 ETH - R L4 - GIGA 880MHZ";"07";"Equipamiento de ISP Red/Nodo. Switches, Routers, UPS, Gab.";"2,000";"0,000";"SPD_PRINCIPAL";
"33";"ER-1684-U";"MIKROTIK ROUTER RB750R2- 5 ETH - ROUTEROS L4(USADO)";"07";"Equipamiento de ISP Red/Nodo. Switches, Routers, UPS, Gab.";"1,000";"0,000";"SPD_PRINCIPAL";
"33";"ER-1684-U";"MIKROTIK ROUTER RB750R2- 5 ETH - ROUTEROS L4(USADO)";"07";"Equipamiento de ISP Red/Nodo. Switches, Routers, UPS, Gab.";"1,000";"0,000";"OBE_ALM_REDES";
"33";"ER-1684-U";"MIKROTIK ROUTER RB750R2- 5 ETH - ROUTEROS L4(USADO)";"07";"Equipamiento de ISP Red/Nodo. Switches, Routers, UPS, Gab.";"2,000";"0,000";"OBE_ALM_PRINCIPAL";
"202";"ER-2303";"MIKROTIK ROUTER RB951UI-2HND 5 ETH WIFI 1 WATT L4";"07";"Equipamiento de ISP Red/Nodo. Switches, Routers, UPS, Gab.";"8,000";"0,000";"OBE_ALM_PRINCIPAL";
"606";"ER-2303-U";"MIKROTIK ROUTER RB951UI-2HND 5 ETH WIFI 1 WATT L4(USADO)";"07";"Equipamiento de ISP Red/Nodo. Switches, Routers, UPS, Gab.";"5,000";"0,000";"OBE_ALM_PRINCIPAL";
"240";"ER-3572";"MIKROTIK ROUTER RB951UI-2ND 5ETH";"07";"Equipamiento de ISP Red/Nodo. Switches, Routers, UPS, Gab.";"2,000";"0,000";"OBE_ALM_PRINCIPAL";
"250";"ER-4110";"MIKROTIK SECTORIAL RB921GS-5HPACD-15S MANTBOX";"07";"Equipamiento de ISP Red/Nodo. Switches, Routers, UPS, Gab.";"1,000";"0,000";"OBE_ALM_PRINCIPAL";
"601";"ER-3442";"MIKROTIK SECTORIAL RB921GS-5HPACD-19S MANTBOX";"07";"Equipamiento de ISP Red/Nodo. Switches, Routers, UPS, Gab.";"1,000";"0,000";"OBE_ALM_PRINCIPAL";
"216";"ER-3001";"MIKROTIK SWITCH CRS106-1C-5S";"07";"Equipamiento de ISP Red/Nodo. Switches, Routers, UPS, Gab.";"7,000";"0,000";"OBE_ALM_PRINCIPAL";
"602";"ER-3001-U";"MIKROTIK SWITCH CRS106-1C-5S(USADO)";"07";"Equipamiento de ISP Red/Nodo. Switches, Routers, UPS, Gab.";"5,000";"0,000";"OBE_ALM_PRINCIPAL";
"295";"ER-4610";"MIKROTIK SWITCH CRS112-8G-4S IN";"07";"Equipamiento de ISP Red/Nodo. Switches, Routers, UPS, Gab.";"1,000";"0,000";"OBE_ALM_PRINCIPAL";
"220";"ER-3367-U";"MIKROTIK SWITCH CRS212-1G-10S-1S+IN(USADO)";"07";"Equipamiento de ISP Red/Nodo. Switches, Routers, UPS, Gab.";"2,000";"0,000";"OBE_ALM_PRINCIPAL";
"224";"ER-3402";"MIKROTIK SWITCH CRS305-1G-4S+IN";"07";"Equipamiento de ISP Red/Nodo. Switches, Routers, UPS, Gab.";"1,000";"0,000";"SPD_PRINCIPAL";
"224";"ER-3402";"MIKROTIK SWITCH CRS305-1G-4S+IN";"07";"Equipamiento de ISP Red/Nodo. Switches, Routers, UPS, Gab.";"5,000";"0,000";"OBE_ALM_PRINCIPAL";
"243";"ER-3672";"MIKROTIK SWITCH CRS310-1G-5S-4S+OUT (NETFIBER9)";"07";"Equipamiento de ISP Red/Nodo. Switches, Routers, UPS, Gab.";"1,000";"0,000";"OBE_ALM_PRINCIPAL";
"243";"ER-3672";"MIKROTIK SWITCH CRS310-1G-5S-4S+OUT (NETFIBER9)";"07";"Equipamiento de ISP Red/Nodo. Switches, Routers, UPS, Gab.";"1,000";"0,000";"SPD_PRINCIPAL";
"605";"ER-2534-U";"MIKROTIK SWITCH CRS317-1G-16S+RM(USADO)";"07";"Equipamiento de ISP Red/Nodo. Switches, Routers, UPS, Gab.";"1,000";"0,000";"OBE_ALM_PRINCIPAL";
"605";"ER-2534-U";"MIKROTIK SWITCH CRS317-1G-16S+RM(USADO)";"07";"Equipamiento de ISP Red/Nodo. Switches, Routers, UPS, Gab.";"1,000";"0,000";"SPD_PRINCIPAL";
"51";"ER-3670";"MIKROTIK SWITCH CRS318-16P-2S+ OUT NETPOWER";"07";"Equipamiento de ISP Red/Nodo. Switches, Routers, UPS, Gab.";"1,000";"0,000";"OBE_ALM_REDES";
"51";"ER-3670";"MIKROTIK SWITCH CRS318-16P-2S+ OUT NETPOWER";"07";"Equipamiento de ISP Red/Nodo. Switches, Routers, UPS, Gab.";"2,000";"0,000";"OBE_MOV_AF288VL_TOYOTA_OB06";
"51";"ER-3670";"MIKROTIK SWITCH CRS318-16P-2S+ OUT NETPOWER";"07";"Equipamiento de ISP Red/Nodo. Switches, Routers, UPS, Gab.";"4,000";"0,000";"OBE_ALM_PRINCIPAL";
"51";"ER-3670";"MIKROTIK SWITCH CRS318-16P-2S+ OUT NETPOWER";"07";"Equipamiento de ISP Red/Nodo. Switches, Routers, UPS, Gab.";"1,000";"0,000";"SPD_PRINCIPAL";
"599";"ER-3670-U";"MIKROTIK SWITCH CRS318-16P-2S+ OUT NETPOWER(USADO)";"07";"Equipamiento de ISP Red/Nodo. Switches, Routers, UPS, Gab.";"2,000";"0,000";"OBE_ALM_PRINCIPAL";
"599";"ER-3670-U";"MIKROTIK SWITCH CRS318-16P-2S+ OUT NETPOWER(USADO)";"07";"Equipamiento de ISP Red/Nodo. Switches, Routers, UPS, Gab.";"1,000";"0,000";"SPD_PRINCIPAL";
"599";"ER-3670-U";"MIKROTIK SWITCH CRS318-16P-2S+ OUT NETPOWER(USADO)";"07";"Equipamiento de ISP Red/Nodo. Switches, Routers, UPS, Gab.";"1,000";"0,000";"WND-PRINCIPAL";
"599";"ER-3670-U";"MIKROTIK SWITCH CRS318-16P-2S+ OUT NETPOWER(USADO)";"07";"Equipamiento de ISP Red/Nodo. Switches, Routers, UPS, Gab.";"1,000";"0,000";"OBE_MOV_AF288VL_TOYOTA_OB06";
"221";"ER-3378";"MIKROTIK SWITCH CRS318-1FI-15FR-2S-OUT NETPOWER";"07";"Equipamiento de ISP Red/Nodo. Switches, Routers, UPS, Gab.";"1,000";"0,000";"OBE_ALM_PRINCIPAL";
"739";"ER-5123-U";"MIKROTIK SWITCH CRS326-24G+2S+RM(USADO)";"07";"Equipamiento de ISP Red/Nodo. Switches, Routers, UPS, Gab.";"2,000";"0,000";"SPD_PRINCIPAL";
"542";"ER-3396";"MIKROTIK SWITCH CRS326-24S+2Q+RM";"07";"Equipamiento de ISP Red/Nodo. Switches, Routers, UPS, Gab.";"1,000";"0,000";"SPD_PRINCIPAL";
"214";"ER-2623-U";"MIKROTIK SWITCH CRS328-4C-20S-4S+RM(USADO)";"07";"Equipamiento de ISP Red/Nodo. Switches, Routers, UPS, Gab.";"1,000";"0,000";"OBE_ALM_PRINCIPAL";
"596";"ER-3231";"MIKROTIK SWITCH CSS326-24G-2S+RM";"07";"Equipamiento de ISP Red/Nodo. Switches, Routers, UPS, Gab.";"1,000";"0,000";"OBE_ALM_PRINCIPAL";
"222";"ER-3379";"MIKROTIK SWITCH CSS610-8G-2S+IN";"07";"Equipamiento de ISP Red/Nodo. Switches, Routers, UPS, Gab.";"1,000";"0,000";"SPD_PRINCIPAL";
"659";"ER-3379-U";"MIKROTIK SWITCH CSS610-8G-2S+IN(USADO)";"07";"Equipamiento de ISP Red/Nodo. Switches, Routers, UPS, Gab.";"1,000";"0,000";"OBE_ALM_PRINCIPAL";
"622";"ER-5057";"MIKROTIK SXT 5 HPND";"07";"Equipamiento de ISP Red/Nodo. Switches, Routers, UPS, Gab.";"1,000";"0,000";"SPD_CORSA_GWT145";
"622";"ER-5057";"MIKROTIK SXT 5 HPND";"07";"Equipamiento de ISP Red/Nodo. Switches, Routers, UPS, Gab.";"1,000";"0,000";"SPD_KANGOO_LDM961";
"623";"ER-5058";"MIKROTIK SXT LITE5";"07";"Equipamiento de ISP Red/Nodo. Switches, Routers, UPS, Gab.";"1,000";"0,000";"SPD_CORSA_GWT145";
"623";"ER-5058";"MIKROTIK SXT LITE5";"07";"Equipamiento de ISP Red/Nodo. Switches, Routers, UPS, Gab.";"3,000";"0,000";"SPD_GOL_IZF196";
"623";"ER-5058";"MIKROTIK SXT LITE5";"07";"Equipamiento de ISP Red/Nodo. Switches, Routers, UPS, Gab.";"1,000";"0,000";"SPD_KANGOO_LDM961";
"225";"ER-3573";"MIKROTIK SXTSQ 5 16DBI 23°";"07";"Equipamiento de ISP Red/Nodo. Switches, Routers, UPS, Gab.";"1,000";"0,000";"OBE_ALM_PRINCIPAL";
"225";"ER-3573";"MIKROTIK SXTSQ 5 16DBI 23°";"07";"Equipamiento de ISP Red/Nodo. Switches, Routers, UPS, Gab.";"1,000";"0,000";"SPD_KANGOO_LDM961";
"44";"ER-12";"MIMOSA C5C PTP-PTMP / CPE 5GHZ AC + 500 MBPS";"07";"Equipamiento de ISP Red/Nodo. Switches, Routers, UPS, Gab.";"3,000";"0,000";"OBE_ALM_PRINCIPAL";
"44";"ER-12";"MIMOSA C5C PTP-PTMP / CPE 5GHZ AC + 500 MBPS";"07";"Equipamiento de ISP Red/Nodo. Switches, Routers, UPS, Gab.";"1,000";"0,000";"OBE_ALM_REDES";
"44";"ER-12";"MIMOSA C5C PTP-PTMP / CPE 5GHZ AC + 500 MBPS";"07";"Equipamiento de ISP Red/Nodo. Switches, Routers, UPS, Gab.";"3,000";"0,000";"WND-PRINCIPAL";
"862";"ER-12-R";"MIMOSA C5C PTP-PTMP / CPE 5GHZ AC + 500 MBPS(REPARADO)";"07";"Equipamiento de ISP Red/Nodo. Switches, Routers, UPS, Gab.";"1,000";"0,000";"OBE_ALM_PRINCIPAL";
"862";"ER-12-R";"MIMOSA C5C PTP-PTMP / CPE 5GHZ AC + 500 MBPS(REPARADO)";"07";"Equipamiento de ISP Red/Nodo. Switches, Routers, UPS, Gab.";"5,000";"0,000";"SPD_PRINCIPAL";
"661";"ER-12-U";"MIMOSA C5C PTP-PTMP / CPE 5GHZ AC + 500 MBPS(USADO)";"07";"Equipamiento de ISP Red/Nodo. Switches, Routers, UPS, Gab.";"2,000";"0,000";"OBE_ALM_PRINCIPAL";
"661";"ER-12-U";"MIMOSA C5C PTP-PTMP / CPE 5GHZ AC + 500 MBPS(USADO)";"07";"Equipamiento de ISP Red/Nodo. Switches, Routers, UPS, Gab.";"2,000";"0,000";"SPD_PRINCIPAL";
"46";"ER-13";"MIMOSA C5X 5GHZ AC CPE CLIENTE 500+MBPS";"07";"Equipamiento de ISP Red/Nodo. Switches, Routers, UPS, Gab.";"2,000";"0,000";"OBE_ALM_PRINCIPAL";
"46";"ER-13";"MIMOSA C5X 5GHZ AC CPE CLIENTE 500+MBPS";"07";"Equipamiento de ISP Red/Nodo. Switches, Routers, UPS, Gab.";"1,000";"0,000";"OBE_ALM_REDES";
"46";"ER-13";"MIMOSA C5X 5GHZ AC CPE CLIENTE 500+MBPS";"07";"Equipamiento de ISP Red/Nodo. Switches, Routers, UPS, Gab.";"1,000";"0,000";"SPD_RANGER_KNV423";
"619";"ER-13-R";"MIMOSA C5X 5GHZ AC CPE CLIENTE 500+MBPS(REPARADO)";"07";"Equipamiento de ISP Red/Nodo. Switches, Routers, UPS, Gab.";"4,000";"0,000";"OBE_ALM_PRINCIPAL";
"619";"ER-13-R";"MIMOSA C5X 5GHZ AC CPE CLIENTE 500+MBPS(REPARADO)";"07";"Equipamiento de ISP Red/Nodo. Switches, Routers, UPS, Gab.";"10,000";"0,000";"SPD_PRINCIPAL";
"272";"ER-4487";"ODF 12 PORTS EXO SC/APC";"07";"Equipamiento de ISP Red/Nodo. Switches, Routers, UPS, Gab.";"1,000";"0,000";"OBE_ALM_PRINCIPAL";
"266";"ER-4350";"ODF 24 PORTS GLC C/PIGTAIL ADAPTADOR Y PIGTAIL APC";"07";"Equipamiento de ISP Red/Nodo. Switches, Routers, UPS, Gab.";"6,000";"0,000";"OBE_ALM_PRINCIPAL";
"266";"ER-4350";"ODF 24 PORTS GLC C/PIGTAIL ADAPTADOR Y PIGTAIL APC";"07";"Equipamiento de ISP Red/Nodo. Switches, Routers, UPS, Gab.";"2,000";"0,000";"SPD_PRINCIPAL";
"236";"ER-3505";"ODF 24 PUERTOS APC";"07";"Equipamiento de ISP Red/Nodo. Switches, Routers, UPS, Gab.";"2,000";"0,000";"OBE_ALM_PRINCIPAL";
"236";"ER-3505";"ODF 24 PUERTOS APC";"07";"Equipamiento de ISP Red/Nodo. Switches, Routers, UPS, Gab.";"2,000";"0,000";"OBE_MOV_AC301UR_PARTNER_OB05";
"657";"ER-5070";"OLT AN6000-7";"07";"Equipamiento de ISP Red/Nodo. Switches, Routers, UPS, Gab.";"1,000";"0,000";"OBE_ALM_PRINCIPAL";
"658";"ER-5071";"Placa GPOA C+";"07";"Equipamiento de ISP Red/Nodo. Switches, Routers, UPS, Gab.";"1,000";"0,000";"OBE_ALM_PRINCIPAL";
"332";"ER-4158";"PLACA OLT HUAWEY GPBH 8GPON C+";"07";"Equipamiento de ISP Red/Nodo. Switches, Routers, UPS, Gab.";"1,000";"0,000";"OBE_ALM_PRINCIPAL";
"332";"ER-4158";"PLACA OLT HUAWEY GPBH 8GPON C+";"07";"Equipamiento de ISP Red/Nodo. Switches, Routers, UPS, Gab.";"1,000";"0,000";"OBE_MOV_AF288VL_TOYOTA_OB06";
"563";"ER-5024";"PLACA OLT ZTE GPFD 16GPON C++";"07";"Equipamiento de ISP Red/Nodo. Switches, Routers, UPS, Gab.";"1,000";"0,000";"SPD_PRINCIPAL";
"195";"ER-646";"POE PASIVO GIGA";"07";"Equipamiento de ISP Red/Nodo. Switches, Routers, UPS, Gab.";"3,000";"0,000";"SPD_JUAN_OSTRONIUK";
"195";"ER-646";"POE PASIVO GIGA";"07";"Equipamiento de ISP Red/Nodo. Switches, Routers, UPS, Gab.";"12,000";"0,000";"SPD_PRINCIPAL";
"195";"ER-646";"POE PASIVO GIGA";"07";"Equipamiento de ISP Red/Nodo. Switches, Routers, UPS, Gab.";"2,000";"0,000";"OBE_MOV_AF626DQ_FIORINO_OB08";
"195";"ER-646";"POE PASIVO GIGA";"07";"Equipamiento de ISP Red/Nodo. Switches, Routers, UPS, Gab.";"5,000";"0,000";"OBE_ALM_REDES";
"195";"ER-646";"POE PASIVO GIGA";"07";"Equipamiento de ISP Red/Nodo. Switches, Routers, UPS, Gab.";"15,000";"0,000";"OBE_ALM_PRINCIPAL";
"264";"ER-4334";"REYEE ACCES POINT RG-RAP6202";"07";"Equipamiento de ISP Red/Nodo. Switches, Routers, UPS, Gab.";"1,000";"0,000";"OBE_ALM_PRINCIPAL";
"4";"ER-2564";"ROSETA SC. INT. P/ 2 PTOS";"07";"Equipamiento de ISP Red/Nodo. Switches, Routers, UPS, Gab.";"32,000";"0,000";"OBE_ALM_PRINCIPAL";
"4";"ER-2564";"ROSETA SC. INT. P/ 2 PTOS";"07";"Equipamiento de ISP Red/Nodo. Switches, Routers, UPS, Gab.";"1,000";"0,000";"OBE_MOV_AF626DQ_FIORINO_OB08";
"4";"ER-2564";"ROSETA SC. INT. P/ 2 PTOS";"07";"Equipamiento de ISP Red/Nodo. Switches, Routers, UPS, Gab.";"2,000";"0,000";"OBE_MOV_AC301UR_PARTNER_OB05";
"4";"ER-2564";"ROSETA SC. INT. P/ 2 PTOS";"07";"Equipamiento de ISP Red/Nodo. Switches, Routers, UPS, Gab.";"1,000";"0,000";"OBE_MOV_AH259TD_FIORINO_OB17";
"916";"ER-5333";"SERVIDOR HP DI380 G10 2.5 DUAL XION 28 NUCLEOS 120GB 128GB ONBOARD";"07";"Equipamiento de ISP Red/Nodo. Switches, Routers, UPS, Gab.";"1,000";"0,000";"OBE_ALM_PRINCIPAL";
"529";"ER-3273";"SFP 1.25G BIDI 10KM TX1310-RX1550 AZUL";"07";"Equipamiento de ISP Red/Nodo. Switches, Routers, UPS, Gab.";"1,000";"0,000";"NEANET_NOC3";
"529";"ER-3273";"SFP 1.25G BIDI 10KM TX1310-RX1550 AZUL";"07";"Equipamiento de ISP Red/Nodo. Switches, Routers, UPS, Gab.";"13,000";"0,000";"OBE_ALM_PRINCIPAL";
"528";"ER-3272";"SFP 1.25G BIDI 10KM TX1550-RX1310 AMARILLO";"07";"Equipamiento de ISP Red/Nodo. Switches, Routers, UPS, Gab.";"13,000";"0,000";"OBE_ALM_PRINCIPAL";
"528";"ER-3272";"SFP 1.25G BIDI 10KM TX1550-RX1310 AMARILLO";"07";"Equipamiento de ISP Red/Nodo. Switches, Routers, UPS, Gab.";"1,000";"0,000";"NEANET_NOC3";
"912";"ER-5329";"SFP 1.25G BIDI TX1310-RX1550 20KM AZUL";"07";"Equipamiento de ISP Red/Nodo. Switches, Routers, UPS, Gab.";"3,000";"0,000";"OBE_ALM_PRINCIPAL";
"493";"ER-3477";"SFP 1.25G BIDI TX1550-RX1310  20KM AMARILLO";"07";"Equipamiento de ISP Red/Nodo. Switches, Routers, UPS, Gab.";"3,000";"0,000";"OBE_ALM_PRINCIPAL";
"496";"ER-3407";"SFP 1.25G DUPLEX-LX 1310NM 10KM";"07";"Equipamiento de ISP Red/Nodo. Switches, Routers, UPS, Gab.";"14,000";"0,000";"OBE_ALM_PRINCIPAL";
"502";"ER-3387";"SFP 10G BIDI TX1330-RX1270NM 10KM";"07";"Equipamiento de ISP Red/Nodo. Switches, Routers, UPS, Gab.";"2,000";"0,000";"OBE_MOV_AF288VL_TOYOTA_OB06";
"494";"ER-3384";"SFP 10G DUPLEX  LR 1310NM 10KM LR";"07";"Equipamiento de ISP Red/Nodo. Switches, Routers, UPS, Gab.";"10,000";"0,000";"OBE_ALM_PRINCIPAL";
"495";"ER-3383";"SFP A RJ45";"07";"Equipamiento de ISP Red/Nodo. Switches, Routers, UPS, Gab.";"2,000";"0,000";"OBE_ALM_PRINCIPAL";
"495";"ER-3383";"SFP A RJ45";"07";"Equipamiento de ISP Red/Nodo. Switches, Routers, UPS, Gab.";"6,000";"0,000";"OBE_MOV_AF288VL_TOYOTA_OB06";
"629";"ER-5062";"STARLINK MINI SISTEMA DE RECEPCION SATELITAL C/ACCESORIOS";"07";"Equipamiento de ISP Red/Nodo. Switches, Routers, UPS, Gab.";"1,000";"0,000";"OBE_ALM_PRINCIPAL";
"244";"ER-3731";"TP-LINK SWITCH 48+4SFP PORT TL-SG3452";"07";"Equipamiento de ISP Red/Nodo. Switches, Routers, UPS, Gab.";"1,000";"0,000";"OBE_ALM_PRINCIPAL";
"544";"ER-4639";"TP-LINK TL-SG1024 24port";"07";"Equipamiento de ISP Red/Nodo. Switches, Routers, UPS, Gab.";"1,000";"0,000";"SPD_PRINCIPAL";
"645";"ER-5067-U";"UBIQUITI  Antena Sectorial Horn-5-90-13DBI(USADO)";"07";"Equipamiento de ISP Red/Nodo. Switches, Routers, UPS, Gab.";"3,000";"0,000";"WND-PRINCIPAL";
"246";"ER-3833";"UBIQUITI AIR FIBERPOE GER2";"07";"Equipamiento de ISP Red/Nodo. Switches, Routers, UPS, Gab.";"2,000";"0,000";"OBE_ALM_PRINCIPAL";
"223";"ER-3388";"UBIQUITI ANT. PANEL AIRMAX 16DBI 120Â° 5.8GHZ";"07";"Equipamiento de ISP Red/Nodo. Switches, Routers, UPS, Gab.";"3,000";"0,000";"OBE_ALM_PRINCIPAL";
"223";"ER-3388";"UBIQUITI ANT. PANEL AIRMAX 16DBI 120Â° 5.8GHZ";"07";"Equipamiento de ISP Red/Nodo. Switches, Routers, UPS, Gab.";"9,000";"0,000";"SPD_PRINCIPAL";
"196";"ER-1014";"UBIQUITI ANT. PANEL AIRMAX 19DBI 120A° 5.8GHZ";"07";"Equipamiento de ISP Red/Nodo. Switches, Routers, UPS, Gab.";"1,000";"0,000";"OBE_MOV_AF288VL_TOYOTA_OB06";
"644";"ER-5066-U";"UBIQUITI ANTENA IS-5AC 5GHZ 14DBI(USADO)";"07";"Equipamiento de ISP Red/Nodo. Switches, Routers, UPS, Gab.";"4,000";"0,000";"WND-PRINCIPAL";
"644";"ER-5066-U";"UBIQUITI ANTENA IS-5AC 5GHZ 14DBI(USADO)";"07";"Equipamiento de ISP Red/Nodo. Switches, Routers, UPS, Gab.";"5,000";"0,000";"OBE_ALM_DEVOLUCIONES";
"608";"ER-2551-U";"UBIQUITI EDGE POINT EP-R6(USADO)";"07";"Equipamiento de ISP Red/Nodo. Switches, Routers, UPS, Gab.";"3,000";"0,000";"OBE_ALM_PRINCIPAL";
"608";"ER-2551-U";"UBIQUITI EDGE POINT EP-R6(USADO)";"07";"Equipamiento de ISP Red/Nodo. Switches, Routers, UPS, Gab.";"1,000";"0,000";"SPD_PRINCIPAL";
"608";"ER-2551-U";"UBIQUITI EDGE POINT EP-R6(USADO)";"07";"Equipamiento de ISP Red/Nodo. Switches, Routers, UPS, Gab.";"1,000";"0,000";"WND-PRINCIPAL";
"581";"ER-5040";"UBIQUITI EDGE ROUTER TM4";"07";"Equipamiento de ISP Red/Nodo. Switches, Routers, UPS, Gab.";"1,000";"0,000";"OBE_ALM_PRINCIPAL";
"581";"ER-5040";"UBIQUITI EDGE ROUTER TM4";"07";"Equipamiento de ISP Red/Nodo. Switches, Routers, UPS, Gab.";"2,000";"0,000";"SPD_PRINCIPAL";
"233";"ER-3444";"UBIQUITI EDGESWITCH 16-XG";"07";"Equipamiento de ISP Red/Nodo. Switches, Routers, UPS, Gab.";"1,000";"0,000";"OBE_ALM_PRINCIPAL";
"504";"ER-3994";"UBIQUITI LITEBEAM 5AC GEN2(USADO)";"07";"Equipamiento de ISP Red/Nodo. Switches, Routers, UPS, Gab.";"2,000";"0,000";"WND-PRINCIPAL";
"504";"ER-3994";"UBIQUITI LITEBEAM 5AC GEN2(USADO)";"07";"Equipamiento de ISP Red/Nodo. Switches, Routers, UPS, Gab.";"3,000";"0,000";"SPD_RANGER_KNV423";
"504";"ER-3994";"UBIQUITI LITEBEAM 5AC GEN2(USADO)";"07";"Equipamiento de ISP Red/Nodo. Switches, Routers, UPS, Gab.";"3,000";"0,000";"SPD_KANGOO_LDM961";
"504";"ER-3994";"UBIQUITI LITEBEAM 5AC GEN2(USADO)";"07";"Equipamiento de ISP Red/Nodo. Switches, Routers, UPS, Gab.";"3,000";"0,000";"SPD_GOL_IZF196";
"504";"ER-3994";"UBIQUITI LITEBEAM 5AC GEN2(USADO)";"07";"Equipamiento de ISP Red/Nodo. Switches, Routers, UPS, Gab.";"97,000";"0,000";"SPD_PRINCIPAL";
"504";"ER-3994";"UBIQUITI LITEBEAM 5AC GEN2(USADO)";"07";"Equipamiento de ISP Red/Nodo. Switches, Routers, UPS, Gab.";"10,000";"0,000";"OBE_ALM_PRINCIPAL";
"53";"ER-4504";"UBIQUITI LITEBEAM M5 23DBI M5 316MW";"07";"Equipamiento de ISP Red/Nodo. Switches, Routers, UPS, Gab.";"2,000";"0,000";"OBE_MOV_AF288VL_TOYOTA_OB06";
"53";"ER-4504";"UBIQUITI LITEBEAM M5 23DBI M5 316MW";"07";"Equipamiento de ISP Red/Nodo. Switches, Routers, UPS, Gab.";"1,000";"0,000";"OBE_ALM_PRINCIPAL";
"488";"ER-1685";"UBIQUITI LITEBEAM M5 23DBI M5 5GHZ  150MBPS (USADA)";"07";"Equipamiento de ISP Red/Nodo. Switches, Routers, UPS, Gab.";"1,000";"0,000";"SPD_CORSA_GWT145";
"488";"ER-1685";"UBIQUITI LITEBEAM M5 23DBI M5 5GHZ  150MBPS (USADA)";"07";"Equipamiento de ISP Red/Nodo. Switches, Routers, UPS, Gab.";"25,000";"0,000";"OBE_ALM_PRINCIPAL";
"488";"ER-1685";"UBIQUITI LITEBEAM M5 23DBI M5 5GHZ  150MBPS (USADA)";"07";"Equipamiento de ISP Red/Nodo. Switches, Routers, UPS, Gab.";"3,000";"0,000";"OBE_MOV_AF626DO_FIORINO_OB07";
"488";"ER-1685";"UBIQUITI LITEBEAM M5 23DBI M5 5GHZ  150MBPS (USADA)";"07";"Equipamiento de ISP Red/Nodo. Switches, Routers, UPS, Gab.";"5,000";"0,000";"OBE_MOV_AG619SX_YARIS_OB11";
"488";"ER-1685";"UBIQUITI LITEBEAM M5 23DBI M5 5GHZ  150MBPS (USADA)";"07";"Equipamiento de ISP Red/Nodo. Switches, Routers, UPS, Gab.";"1,000";"0,000";"SPD_PRINCIPAL";
"488";"ER-1685";"UBIQUITI LITEBEAM M5 23DBI M5 5GHZ  150MBPS (USADA)";"07";"Equipamiento de ISP Red/Nodo. Switches, Routers, UPS, Gab.";"2,000";"0,000";"SPD_FIORINO_AH646PV";
"488";"ER-1685";"UBIQUITI LITEBEAM M5 23DBI M5 5GHZ  150MBPS (USADA)";"07";"Equipamiento de ISP Red/Nodo. Switches, Routers, UPS, Gab.";"4,000";"0,000";"SPD_FIORINO_AE226IV";
"488";"ER-1685";"UBIQUITI LITEBEAM M5 23DBI M5 5GHZ  150MBPS (USADA)";"07";"Equipamiento de ISP Red/Nodo. Switches, Routers, UPS, Gab.";"1,000";"0,000";"SPD_KANGOO_LDM961";
"488";"ER-1685";"UBIQUITI LITEBEAM M5 23DBI M5 5GHZ  150MBPS (USADA)";"07";"Equipamiento de ISP Red/Nodo. Switches, Routers, UPS, Gab.";"4,000";"0,000";"SPD_RANGER_KNV423";
"488";"ER-1685";"UBIQUITI LITEBEAM M5 23DBI M5 5GHZ  150MBPS (USADA)";"07";"Equipamiento de ISP Red/Nodo. Switches, Routers, UPS, Gab.";"4,000";"0,000";"TAVARES_MUW401_FACUNDO";
"488";"ER-1685";"UBIQUITI LITEBEAM M5 23DBI M5 5GHZ  150MBPS (USADA)";"07";"Equipamiento de ISP Red/Nodo. Switches, Routers, UPS, Gab.";"1,000";"0,000";"OBE_ALM_DEVOLUCIONES";
"488";"ER-1685";"UBIQUITI LITEBEAM M5 23DBI M5 5GHZ  150MBPS (USADA)";"07";"Equipamiento de ISP Red/Nodo. Switches, Routers, UPS, Gab.";"12,000";"0,000";"SPD_ALM_DEVOLUCIONES";
"488";"ER-1685";"UBIQUITI LITEBEAM M5 23DBI M5 5GHZ  150MBPS (USADA)";"07";"Equipamiento de ISP Red/Nodo. Switches, Routers, UPS, Gab.";"1,000";"0,000";"3RO_MOV_AC343ZR_TAVARES_DANIEL";
"488";"ER-1685";"UBIQUITI LITEBEAM M5 23DBI M5 5GHZ  150MBPS (USADA)";"07";"Equipamiento de ISP Red/Nodo. Switches, Routers, UPS, Gab.";"5,000";"0,000";"OBE_MOV_AH259TD_FIORINO_OB17";
"488";"ER-1685";"UBIQUITI LITEBEAM M5 23DBI M5 5GHZ  150MBPS (USADA)";"07";"Equipamiento de ISP Red/Nodo. Switches, Routers, UPS, Gab.";"1,000";"0,000";"3RO_MOV_DAX488_ZONAX_ABEL_03";
"488";"ER-1685";"UBIQUITI LITEBEAM M5 23DBI M5 5GHZ  150MBPS (USADA)";"07";"Equipamiento de ISP Red/Nodo. Switches, Routers, UPS, Gab.";"2,000";"0,000";"3RO_MOV_KEO663_TAVARES_CLAUDIO";
"583";"ER-5042";"UBIQUITI NANO SWITCH(USADO)";"07";"Equipamiento de ISP Red/Nodo. Switches, Routers, UPS, Gab.";"2,000";"0,000";"OBE_ALM_PRINCIPAL";
"583";"ER-5042";"UBIQUITI NANO SWITCH(USADO)";"07";"Equipamiento de ISP Red/Nodo. Switches, Routers, UPS, Gab.";"2,000";"0,000";"SPD_PRINCIPAL";
"590";"ER-5047";"UBIQUITI NANOBEAM M5 16DBI";"07";"Equipamiento de ISP Red/Nodo. Switches, Routers, UPS, Gab.";"16,000";"0,000";"SPD_PRINCIPAL";
"590";"ER-5047";"UBIQUITI NANOBEAM M5 16DBI";"07";"Equipamiento de ISP Red/Nodo. Switches, Routers, UPS, Gab.";"1,000";"0,000";"SPD_GOL_IZF196";
"590";"ER-5047";"UBIQUITI NANOBEAM M5 16DBI";"07";"Equipamiento de ISP Red/Nodo. Switches, Routers, UPS, Gab.";"1,000";"0,000";"SPD_FIORINO_AH646PV";
"686";"ER-5093-U";"UBIQUITI NANOSTATION AC LOCO M2(USADO)";"07";"Equipamiento de ISP Red/Nodo. Switches, Routers, UPS, Gab.";"2,000";"0,000";"OBE_ALM_PRINCIPAL";
"505";"ER-5011";"Ubiquiti PowerBeam 5ac 300";"07";"Equipamiento de ISP Red/Nodo. Switches, Routers, UPS, Gab.";"1,000";"0,000";"WND-PRINCIPAL";
"505";"ER-5011";"Ubiquiti PowerBeam 5ac 300";"07";"Equipamiento de ISP Red/Nodo. Switches, Routers, UPS, Gab.";"1,000";"0,000";"SPD_PRINCIPAL";
"695";"ER-5100";"UBIQUITI POWERBEAM 5AC GEN2";"07";"Equipamiento de ISP Red/Nodo. Switches, Routers, UPS, Gab.";"1,000";"0,000";"OBE_ALM_PRINCIPAL";
"695";"ER-5100";"UBIQUITI POWERBEAM 5AC GEN2";"07";"Equipamiento de ISP Red/Nodo. Switches, Routers, UPS, Gab.";"1,000";"0,000";"SPD_PRINCIPAL";
"48";"ER-2302";"UBIQUITI POWERBEAM M5 25DBI M5 5GHZ  400MW GB";"07";"Equipamiento de ISP Red/Nodo. Switches, Routers, UPS, Gab.";"4,000";"0,000";"SPD_PRINCIPAL";
"48";"ER-2302";"UBIQUITI POWERBEAM M5 25DBI M5 5GHZ  400MW GB";"07";"Equipamiento de ISP Red/Nodo. Switches, Routers, UPS, Gab.";"2,000";"0,000";"OBE_ALM_PRINCIPAL";
"48";"ER-2302";"UBIQUITI POWERBEAM M5 25DBI M5 5GHZ  400MW GB";"07";"Equipamiento de ISP Red/Nodo. Switches, Routers, UPS, Gab.";"1,000";"0,000";"SPD_RANGER_KNV423";
"218";"ER-3361";"UBIQUITI POWERBEAM M5 300 25DBI M5 5GHZ";"07";"Equipamiento de ISP Red/Nodo. Switches, Routers, UPS, Gab.";"1,000";"0,000";"SPD_RANGER_KNV423";
"197";"ER-1016-U";"UBIQUITI ROCKET AIRMAX M5 5GHZ 500MW(USADO)";"07";"Equipamiento de ISP Red/Nodo. Switches, Routers, UPS, Gab.";"1,000";"0,000";"OBE_ALM_PRINCIPAL";
"591";"ER-3779";"UBIQUITI ROCKET AIRMAX M5 AC LITE";"07";"Equipamiento de ISP Red/Nodo. Switches, Routers, UPS, Gab.";"2,000";"0,000";"SPD_JUAN_OSTRONIUK";
"595";"ER-5051";"UBIQUITI ROCKET AIRMAX PRISM 2AC";"07";"Equipamiento de ISP Red/Nodo. Switches, Routers, UPS, Gab.";"1,000";"0,000";"OBE_ALM_PRINCIPAL";
"595";"ER-5051";"UBIQUITI ROCKET AIRMAX PRISM 2AC";"07";"Equipamiento de ISP Red/Nodo. Switches, Routers, UPS, Gab.";"2,000";"0,000";"SPD_PRINCIPAL";
"595";"ER-5051";"UBIQUITI ROCKET AIRMAX PRISM 2AC";"07";"Equipamiento de ISP Red/Nodo. Switches, Routers, UPS, Gab.";"1,000";"0,000";"WND-PRINCIPAL";
"662";"ER-5073";"UBIQUITI ROCKET M2(USADO)";"07";"Equipamiento de ISP Red/Nodo. Switches, Routers, UPS, Gab.";"4,000";"0,000";"OBE_ALM_PRINCIPAL";
"612";"ER-4517-U";"UBIQUITI ROCKET PRISM 5 AC(USADO)";"07";"Equipamiento de ISP Red/Nodo. Switches, Routers, UPS, Gab.";"1,000";"0,000";"WND-PRINCIPAL";
"612";"ER-4517-U";"UBIQUITI ROCKET PRISM 5 AC(USADO)";"07";"Equipamiento de ISP Red/Nodo. Switches, Routers, UPS, Gab.";"3,000";"0,000";"OBE_ALM_PRINCIPAL";
"209";"ER-2543-U";"UBIQUITI ROCKET PRISMA AC GER2(USADO)";"07";"Equipamiento de ISP Red/Nodo. Switches, Routers, UPS, Gab.";"1,000";"0,000";"SPD_ALM_DEVOLUCIONES";
"209";"ER-2543-U";"UBIQUITI ROCKET PRISMA AC GER2(USADO)";"07";"Equipamiento de ISP Red/Nodo. Switches, Routers, UPS, Gab.";"4,000";"0,000";"WND-PRINCIPAL";
"209";"ER-2543-U";"UBIQUITI ROCKET PRISMA AC GER2(USADO)";"07";"Equipamiento de ISP Red/Nodo. Switches, Routers, UPS, Gab.";"1,000";"0,000";"SPD_PRINCIPAL";
"209";"ER-2543-U";"UBIQUITI ROCKET PRISMA AC GER2(USADO)";"07";"Equipamiento de ISP Red/Nodo. Switches, Routers, UPS, Gab.";"1,000";"0,000";"OBE_ALM_PRINCIPAL";
"209";"ER-2543-U";"UBIQUITI ROCKET PRISMA AC GER2(USADO)";"07";"Equipamiento de ISP Red/Nodo. Switches, Routers, UPS, Gab.";"1,000";"0,000";"OBE_ALM_REDES";
"209";"ER-2543-U";"UBIQUITI ROCKET PRISMA AC GER2(USADO)";"07";"Equipamiento de ISP Red/Nodo. Switches, Routers, UPS, Gab.";"4,000";"0,000";"OBE_MOV_AF288VL_TOYOTA_OB06";
"610";"ER-3417";"UBIQUITI SECTORIAL LITEAP 120° AC 5GHZ 16DBI";"07";"Equipamiento de ISP Red/Nodo. Switches, Routers, UPS, Gab.";"3,000";"0,000";"OBE_ALM_PRINCIPAL";
"610";"ER-3417";"UBIQUITI SECTORIAL LITEAP 120° AC 5GHZ 16DBI";"07";"Equipamiento de ISP Red/Nodo. Switches, Routers, UPS, Gab.";"1,000";"0,000";"OBE_ALM_REDES";
"611";"ER-3417-U";"UBIQUITI SECTORIAL LITEAP 120° AC 5GHZ 16DBI(USADO)";"07";"Equipamiento de ISP Red/Nodo. Switches, Routers, UPS, Gab.";"7,000";"0,000";"OBE_ALM_PRINCIPAL";
"611";"ER-3417-U";"UBIQUITI SECTORIAL LITEAP 120° AC 5GHZ 16DBI(USADO)";"07";"Equipamiento de ISP Red/Nodo. Switches, Routers, UPS, Gab.";"1,000";"0,000";"OBE_MOV_AF288VL_TOYOTA_OB06";
"611";"ER-3417-U";"UBIQUITI SECTORIAL LITEAP 120° AC 5GHZ 16DBI(USADO)";"07";"Equipamiento de ISP Red/Nodo. Switches, Routers, UPS, Gab.";"2,000";"0,000";"SPD_PRINCIPAL";
"211";"ER-2548-U";"UBIQUITI SECTORIAL LITEAP GPS 90°(USADO)";"07";"Equipamiento de ISP Red/Nodo. Switches, Routers, UPS, Gab.";"1,000";"0,000";"SPD_JUAN_OSTRONIUK";
"211";"ER-2548-U";"UBIQUITI SECTORIAL LITEAP GPS 90°(USADO)";"07";"Equipamiento de ISP Red/Nodo. Switches, Routers, UPS, Gab.";"3,000";"0,000";"WND-PRINCIPAL";
"211";"ER-2548-U";"UBIQUITI SECTORIAL LITEAP GPS 90°(USADO)";"07";"Equipamiento de ISP Red/Nodo. Switches, Routers, UPS, Gab.";"9,000";"0,000";"SPD_PRINCIPAL";
"211";"ER-2548-U";"UBIQUITI SECTORIAL LITEAP GPS 90°(USADO)";"07";"Equipamiento de ISP Red/Nodo. Switches, Routers, UPS, Gab.";"6,000";"0,000";"OBE_ALM_PRINCIPAL";
"741";"ER-2671-U";"UBIQUITI TOUGHSWITCH POE PRO 8 PORT GIGA(USADO)";"07";"Equipamiento de ISP Red/Nodo. Switches, Routers, UPS, Gab.";"1,000";"0,000";"SPD_PRINCIPAL";
"536";"ER-4535";"UPS LYONN 2000VA ULT-2000VRM";"07";"Equipamiento de ISP Red/Nodo. Switches, Routers, UPS, Gab.";"1,000";"0,000";"OBE_ALM_PRINCIPAL";
"227";"ER-3430-U";"VOLT FUENTE 250W NOBREAK 24V/9A(USADO)";"07";"Equipamiento de ISP Red/Nodo. Switches, Routers, UPS, Gab.";"1,000";"0,000";"OBE_MOV_AF288VL_TOYOTA_OB06";
"785";"ER-5154";"ZAPATILLA RACKEABLE HTAL 5T C/TERMICA";"07";"Equipamiento de ISP Red/Nodo. Switches, Routers, UPS, Gab.";"1,000";"0,000";"OBE_ALM_PRINCIPAL";
"471";"S2";"Equipo sin identificar";"07";"Equipamientos para clientes. ONUs, Routers, Mesh, Decos";"1,000";"0,000";"OBE_ALM_PRINCIPAL";
"454";"EC-5001";"F6600PV9.0.12";"07";"Equipamientos para clientes. ONUs, Routers, Mesh, Decos";"1,000";"0,000";"TAVARES_RENAULT-EXP_CYB176";
"454";"EC-5001";"F6600PV9.0.12";"07";"Equipamientos para clientes. ONUs, Routers, Mesh, Decos";"2,000";"0,000";"WND_ALM_DEVOLUCIONES";
"454";"EC-5001";"F6600PV9.0.12";"07";"Equipamientos para clientes. ONUs, Routers, Mesh, Decos";"9,000";"0,000";"WND_RETIRADOS";
"477";"EC-3979";"FO ONU V-SOL V2802DAC DUALBAND/4ANTENAS/2GE+WIFIAC/B/R";"07";"Equipamientos para clientes. ONUs, Routers, Mesh, Decos";"6,000";"0,000";"SPD_FIATUNO_JQL437";
"477";"EC-3979";"FO ONU V-SOL V2802DAC DUALBAND/4ANTENAS/2GE+WIFIAC/B/R";"07";"Equipamientos para clientes. ONUs, Routers, Mesh, Decos";"3,000";"0,000";"SPD_RANGER_KNV423";
"477";"EC-3979";"FO ONU V-SOL V2802DAC DUALBAND/4ANTENAS/2GE+WIFIAC/B/R";"07";"Equipamientos para clientes. ONUs, Routers, Mesh, Decos";"1,000";"0,000";"SPD_KANGOO_LDM961";
"477";"EC-3979";"FO ONU V-SOL V2802DAC DUALBAND/4ANTENAS/2GE+WIFIAC/B/R";"07";"Equipamientos para clientes. ONUs, Routers, Mesh, Decos";"6,000";"0,000";"SPD_GOL_IZF196";
"477";"EC-3979";"FO ONU V-SOL V2802DAC DUALBAND/4ANTENAS/2GE+WIFIAC/B/R";"07";"Equipamientos para clientes. ONUs, Routers, Mesh, Decos";"5,000";"0,000";"SPD_FIORINO_AE226IV";
"477";"EC-3979";"FO ONU V-SOL V2802DAC DUALBAND/4ANTENAS/2GE+WIFIAC/B/R";"07";"Equipamientos para clientes. ONUs, Routers, Mesh, Decos";"37,000";"0,000";"SPD_PRINCIPAL";
"477";"EC-3979";"FO ONU V-SOL V2802DAC DUALBAND/4ANTENAS/2GE+WIFIAC/B/R";"07";"Equipamientos para clientes. ONUs, Routers, Mesh, Decos";"4,000";"0,000";"SPD_ALM_DEVOLUCIONES";
"477";"EC-3979";"FO ONU V-SOL V2802DAC DUALBAND/4ANTENAS/2GE+WIFIAC/B/R";"07";"Equipamientos para clientes. ONUs, Routers, Mesh, Decos";"1,000";"0,000";"SPD_FIORINO_AH646PV";
"478";"EC-3917";"FO ONU V-SOL V2802GW 1GE+1FE+WIFIX2+2ANTENAS+B/R";"07";"Equipamientos para clientes. ONUs, Routers, Mesh, Decos";"1,000";"0,000";"SPD_GOL_IZF196";
"478";"EC-3917";"FO ONU V-SOL V2802GW 1GE+1FE+WIFIX2+2ANTENAS+B/R";"07";"Equipamientos para clientes. ONUs, Routers, Mesh, Decos";"403,000";"0,000";"OBE_ALM_DESCARTE";
"478";"EC-3917";"FO ONU V-SOL V2802GW 1GE+1FE+WIFIX2+2ANTENAS+B/R";"07";"Equipamientos para clientes. ONUs, Routers, Mesh, Decos";"1,000";"0,000";"SPD_ALM_EXTRAV_PRINCIPAL";
"922";"EC-5339";"GOSAT TV S3 MAXX 8MB/256MB DDR3";"07";"Equipamientos para clientes. ONUs, Routers, Mesh, Decos";"1,000";"0,000";"OBE_ALM_PRINCIPAL";
"506";"EC-1555";"MERCUSYS ROUTER INAL. MW302R";"07";"Equipamientos para clientes. ONUs, Routers, Mesh, Decos";"1,000";"0,000";"WND-PRINCIPAL";
"510";"EC-5019";"MERCUSYS ROUTER MW325R";"07";"Equipamientos para clientes. ONUs, Routers, Mesh, Decos";"1,000";"0,000";"WND-PRINCIPAL";
"870";"EC-5308";"OMADA ACCESS 10-PORT GIGABIT SWITCH 8PORT POE SG2210MP";"07";"Equipamientos para clientes. ONUs, Routers, Mesh, Decos";"6,000";"0,000";"OBE_ALM_PRINCIPAL";
"870";"EC-5308";"OMADA ACCESS 10-PORT GIGABIT SWITCH 8PORT POE SG2210MP";"07";"Equipamientos para clientes. ONUs, Routers, Mesh, Decos";"1,000";"0,000";"Lucas_ Ventas B2B";
"670";"EC-5082";"ONU  EGM8145X6G05";"07";"Equipamientos para clientes. ONUs, Routers, Mesh, Decos";"3,000";"0,000";"OBE_ALM_PRINCIPAL";
"178";"EC-3513";"ONU 2.4 HUAWEI (EG8M8141A5G09/EG8245H5)";"07";"Equipamientos para clientes. ONUs, Routers, Mesh, Decos";"10,000";"0,000";"OBE_ALM_PRINCIPAL";
"178";"EC-3513";"ONU 2.4 HUAWEI (EG8M8141A5G09/EG8245H5)";"07";"Equipamientos para clientes. ONUs, Routers, Mesh, Decos";"2,000";"0,000";"OBE_MOV_AF626DO_FIORINO_OB07";
"178";"EC-3513";"ONU 2.4 HUAWEI (EG8M8141A5G09/EG8245H5)";"07";"Equipamientos para clientes. ONUs, Routers, Mesh, Decos";"3,000";"0,000";"OBE_MOV_AA701EZ_CLIO_OB09";
"178";"EC-3513";"ONU 2.4 HUAWEI (EG8M8141A5G09/EG8245H5)";"07";"Equipamientos para clientes. ONUs, Routers, Mesh, Decos";"2,000";"0,000";"OCAMPO-MOVIL01";
"178";"EC-3513";"ONU 2.4 HUAWEI (EG8M8141A5G09/EG8245H5)";"07";"Equipamientos para clientes. ONUs, Routers, Mesh, Decos";"1,000";"0,000";"TAVARES_WWP416_MARBIN";
"178";"EC-3513";"ONU 2.4 HUAWEI (EG8M8141A5G09/EG8245H5)";"07";"Equipamientos para clientes. ONUs, Routers, Mesh, Decos";"1,000";"0,000";"TAVARES_BUJ117_AGUSTIN";
"178";"EC-3513";"ONU 2.4 HUAWEI (EG8M8141A5G09/EG8245H5)";"07";"Equipamientos para clientes. ONUs, Routers, Mesh, Decos";"4,000";"0,000";"OBE_AREA_RETIROS_DIEMINGER";
"178";"EC-3513";"ONU 2.4 HUAWEI (EG8M8141A5G09/EG8245H5)";"07";"Equipamientos para clientes. ONUs, Routers, Mesh, Decos";"2,000";"0,000";"TAVARES_FIAT-UNO_FZD571";
"178";"EC-3513";"ONU 2.4 HUAWEI (EG8M8141A5G09/EG8245H5)";"07";"Equipamientos para clientes. ONUs, Routers, Mesh, Decos";"1,000";"0,000";"TAVARES_IIE083_TOMAS";
"178";"EC-3513";"ONU 2.4 HUAWEI (EG8M8141A5G09/EG8245H5)";"07";"Equipamientos para clientes. ONUs, Routers, Mesh, Decos";"1,000";"0,000";"OBE_ALM_EXTRAV_EMA_PALCZYKOWSKI";
"178";"EC-3513";"ONU 2.4 HUAWEI (EG8M8141A5G09/EG8245H5)";"07";"Equipamientos para clientes. ONUs, Routers, Mesh, Decos";"2,000";"0,000";"OBE_ALM_EXTRAV_DANI_OCAMPO";
"178";"EC-3513";"ONU 2.4 HUAWEI (EG8M8141A5G09/EG8245H5)";"07";"Equipamientos para clientes. ONUs, Routers, Mesh, Decos";"1,000";"0,000";"OBE_ALM_EXTRAV_OB09_RICARDO_MELO";
"178";"EC-3513";"ONU 2.4 HUAWEI (EG8M8141A5G09/EG8245H5)";"07";"Equipamientos para clientes. ONUs, Routers, Mesh, Decos";"1,000";"0,000";"OBE_ALM_EXTRAV_TAVARES_MUW401_FACUNDO";
"178";"EC-3513";"ONU 2.4 HUAWEI (EG8M8141A5G09/EG8245H5)";"07";"Equipamientos para clientes. ONUs, Routers, Mesh, Decos";"1,000";"0,000";"OBE_ALM_EXTRAV_TAVARES_WWP416_MARBIN";
"178";"EC-3513";"ONU 2.4 HUAWEI (EG8M8141A5G09/EG8245H5)";"07";"Equipamientos para clientes. ONUs, Routers, Mesh, Decos";"3,000";"0,000";"3RO_MOV_DAX488_ZONAX_ABEL_03";
"663";"EC-5074";"ONU BDCOM GP1704-4GVC";"07";"Equipamientos para clientes. ONUs, Routers, Mesh, Decos";"8,000";"0,000";"OBE_ALM_PRINCIPAL";
"554";"EC-4643";"ONU BRIDGE FIBERHOME AN5506-01-A";"07";"Equipamientos para clientes. ONUs, Routers, Mesh, Decos";"90,000";"0,000";"SPD_PRINCIPAL";
"177";"EC-3801";"ONU G-PON  I-COIN IC435ETR S/WIFI";"07";"Equipamientos para clientes. ONUs, Routers, Mesh, Decos";"4,000";"0,000";"OBE_ALM_PRINCIPAL";
"177";"EC-3801";"ONU G-PON  I-COIN IC435ETR S/WIFI";"07";"Equipamientos para clientes. ONUs, Routers, Mesh, Decos";"1,000";"0,000";"OBE_MOV_AA701EZ_CLIO_OB09";
"177";"EC-3801";"ONU G-PON  I-COIN IC435ETR S/WIFI";"07";"Equipamientos para clientes. ONUs, Routers, Mesh, Decos";"1,000";"0,000";"OBE_ALM_DEVOLUCIONES";
"553";"EC-4642";"ONU GLC BRIDGE 2801SG";"07";"Equipamientos para clientes. ONUs, Routers, Mesh, Decos";"1,000";"0,000";"SPD_PRINCIPAL";
"180";"EC-4001";"ONU GPON WIFI HUAWEI EG8141A5 1POT+1GE+3FE";"07";"Equipamientos para clientes. ONUs, Routers, Mesh, Decos";"1,000";"0,000";"TAVARES_WWP416_MARBIN";
"180";"EC-4001";"ONU GPON WIFI HUAWEI EG8141A5 1POT+1GE+3FE";"07";"Equipamientos para clientes. ONUs, Routers, Mesh, Decos";"7,000";"0,000";"OCAMPO-MOVIL01";
"180";"EC-4001";"ONU GPON WIFI HUAWEI EG8141A5 1POT+1GE+3FE";"07";"Equipamientos para clientes. ONUs, Routers, Mesh, Decos";"1,000";"0,000";"OBE_MOV_AG660RM_FIORINO_OB13";
"180";"EC-4001";"ONU GPON WIFI HUAWEI EG8141A5 1POT+1GE+3FE";"07";"Equipamientos para clientes. ONUs, Routers, Mesh, Decos";"2,000";"0,000";"OBE_MOV_AF626DO_FIORINO_OB07";
"180";"EC-4001";"ONU GPON WIFI HUAWEI EG8141A5 1POT+1GE+3FE";"07";"Equipamientos para clientes. ONUs, Routers, Mesh, Decos";"2,000";"0,000";"OBE_MOV_AG619SX_YARIS_OB11";
"180";"EC-4001";"ONU GPON WIFI HUAWEI EG8141A5 1POT+1GE+3FE";"07";"Equipamientos para clientes. ONUs, Routers, Mesh, Decos";"2,000";"0,000";"OBE_MOV_AA701EZ_CLIO_OB09";
"180";"EC-4001";"ONU GPON WIFI HUAWEI EG8141A5 1POT+1GE+3FE";"07";"Equipamientos para clientes. ONUs, Routers, Mesh, Decos";"1,000";"0,000";"3RO_MOV_LUZ110_ZONAX_PETRY_02";
"180";"EC-4001";"ONU GPON WIFI HUAWEI EG8141A5 1POT+1GE+3FE";"07";"Equipamientos para clientes. ONUs, Routers, Mesh, Decos";"1,000";"0,000";"OBE_AREA_RETIROS_DIEMINGER";
"180";"EC-4001";"ONU GPON WIFI HUAWEI EG8141A5 1POT+1GE+3FE";"07";"Equipamientos para clientes. ONUs, Routers, Mesh, Decos";"4,000";"0,000";"TAVARES_IIE083_TOMAS";
"180";"EC-4001";"ONU GPON WIFI HUAWEI EG8141A5 1POT+1GE+3FE";"07";"Equipamientos para clientes. ONUs, Routers, Mesh, Decos";"1,000";"0,000";"3RO_MOV_NBF796_ZONAX_ANYELO_01";
"180";"EC-4001";"ONU GPON WIFI HUAWEI EG8141A5 1POT+1GE+3FE";"07";"Equipamientos para clientes. ONUs, Routers, Mesh, Decos";"2,000";"0,000";"TAVARES_FIAT-UNO_FZD571";
"180";"EC-4001";"ONU GPON WIFI HUAWEI EG8141A5 1POT+1GE+3FE";"07";"Equipamientos para clientes. ONUs, Routers, Mesh, Decos";"22,000";"0,000";"OBE_ALM_DEVOLUCIONES";
"180";"EC-4001";"ONU GPON WIFI HUAWEI EG8141A5 1POT+1GE+3FE";"07";"Equipamientos para clientes. ONUs, Routers, Mesh, Decos";"1,000";"0,000";"TAVARES_BUJ117_AGUSTIN";
"180";"EC-4001";"ONU GPON WIFI HUAWEI EG8141A5 1POT+1GE+3FE";"07";"Equipamientos para clientes. ONUs, Routers, Mesh, Decos";"2,000";"0,000";"3RO_MOV_AC343ZR_TAVARES_DANIEL";
"180";"EC-4001";"ONU GPON WIFI HUAWEI EG8141A5 1POT+1GE+3FE";"07";"Equipamientos para clientes. ONUs, Routers, Mesh, Decos";"2,000";"0,000";"OBE_ALM_EXTRAV_EMA_PALCZYKOWSKI";
"180";"EC-4001";"ONU GPON WIFI HUAWEI EG8141A5 1POT+1GE+3FE";"07";"Equipamientos para clientes. ONUs, Routers, Mesh, Decos";"2,000";"0,000";"OBE_ALM_EXTRAV_DANI_OCAMPO";
"180";"EC-4001";"ONU GPON WIFI HUAWEI EG8141A5 1POT+1GE+3FE";"07";"Equipamientos para clientes. ONUs, Routers, Mesh, Decos";"4,000";"0,000";"OBE_ALM_EXTRAV_TAVARES_WWP416_MARBIN";
"17";"EC-3999";"ONU GPON WIFI HUAWEI HG8145V5 DUAL BAND";"07";"Equipamientos para clientes. ONUs, Routers, Mesh, Decos";"1,000";"0,000";"OBE_MOV_AF626DO_FIORINO_OB07";
"17";"EC-3999";"ONU GPON WIFI HUAWEI HG8145V5 DUAL BAND";"07";"Equipamientos para clientes. ONUs, Routers, Mesh, Decos";"294,000";"0,000";"OBE_ALM_DESCARTE";
"17";"EC-3999";"ONU GPON WIFI HUAWEI HG8145V5 DUAL BAND";"07";"Equipamientos para clientes. ONUs, Routers, Mesh, Decos";"3,000";"0,000";"OBE_MOV_AG619SX_YARIS_OB11";
"17";"EC-3999";"ONU GPON WIFI HUAWEI HG8145V5 DUAL BAND";"07";"Equipamientos para clientes. ONUs, Routers, Mesh, Decos";"2,000";"0,000";"WND-PRINCIPAL";
"17";"EC-3999";"ONU GPON WIFI HUAWEI HG8145V5 DUAL BAND";"07";"Equipamientos para clientes. ONUs, Routers, Mesh, Decos";"1,000";"0,000";"WND_YARIS_AG619SV_OB12";
"17";"EC-3999";"ONU GPON WIFI HUAWEI HG8145V5 DUAL BAND";"07";"Equipamientos para clientes. ONUs, Routers, Mesh, Decos";"2,000";"0,000";"OCAMPO-MOVIL01";
"17";"EC-3999";"ONU GPON WIFI HUAWEI HG8145V5 DUAL BAND";"07";"Equipamientos para clientes. ONUs, Routers, Mesh, Decos";"2,000";"0,000";"TAVARES_WWP416_MARBIN";
"17";"EC-3999";"ONU GPON WIFI HUAWEI HG8145V5 DUAL BAND";"07";"Equipamientos para clientes. ONUs, Routers, Mesh, Decos";"1,000";"0,000";"TAVARES_BUJ117_AGUSTIN";
"17";"EC-3999";"ONU GPON WIFI HUAWEI HG8145V5 DUAL BAND";"07";"Equipamientos para clientes. ONUs, Routers, Mesh, Decos";"2,000";"0,000";"OBE_AREA_RETIROS_DIEMINGER";
"17";"EC-3999";"ONU GPON WIFI HUAWEI HG8145V5 DUAL BAND";"07";"Equipamientos para clientes. ONUs, Routers, Mesh, Decos";"1,000";"0,000";"TAVARES_FIAT-UNO_LEW916";
"17";"EC-3999";"ONU GPON WIFI HUAWEI HG8145V5 DUAL BAND";"07";"Equipamientos para clientes. ONUs, Routers, Mesh, Decos";"1,000";"0,000";"TAVARES_FIAT-UNO_FZD571";
"17";"EC-3999";"ONU GPON WIFI HUAWEI HG8145V5 DUAL BAND";"07";"Equipamientos para clientes. ONUs, Routers, Mesh, Decos";"1,000";"0,000";"OBE_FIORINO_AH259TN_OB16";
"17";"EC-3999";"ONU GPON WIFI HUAWEI HG8145V5 DUAL BAND";"07";"Equipamientos para clientes. ONUs, Routers, Mesh, Decos";"1,000";"0,000";"TAVARES_IIE083_TOMAS";
"17";"EC-3999";"ONU GPON WIFI HUAWEI HG8145V5 DUAL BAND";"07";"Equipamientos para clientes. ONUs, Routers, Mesh, Decos";"2,000";"0,000";"3RO_MOV_NBF796_ZONAX_ANYELO_01";
"17";"EC-3999";"ONU GPON WIFI HUAWEI HG8145V5 DUAL BAND";"07";"Equipamientos para clientes. ONUs, Routers, Mesh, Decos";"1,000";"0,000";"3RO_MOV_AC343ZR_TAVARES_DANIEL";
"17";"EC-3999";"ONU GPON WIFI HUAWEI HG8145V5 DUAL BAND";"07";"Equipamientos para clientes. ONUs, Routers, Mesh, Decos";"1,000";"0,000";"WND_AREA_RETIROS_FRANCO";
"17";"EC-3999";"ONU GPON WIFI HUAWEI HG8145V5 DUAL BAND";"07";"Equipamientos para clientes. ONUs, Routers, Mesh, Decos";"1,000";"0,000";"OBE_MOV_AH259TD_FIORINO_OB17";
"17";"EC-3999";"ONU GPON WIFI HUAWEI HG8145V5 DUAL BAND";"07";"Equipamientos para clientes. ONUs, Routers, Mesh, Decos";"1,000";"0,000";"OBE_ALM_EXTRAV_TAVARES_MUW401_FACUNDO";
"17";"EC-3999";"ONU GPON WIFI HUAWEI HG8145V5 DUAL BAND";"07";"Equipamientos para clientes. ONUs, Routers, Mesh, Decos";"4,000";"0,000";"OBE_ALM_EXTRAV_TAVARES_WWP416_MARBIN";
"17";"EC-3999";"ONU GPON WIFI HUAWEI HG8145V5 DUAL BAND";"07";"Equipamientos para clientes. ONUs, Routers, Mesh, Decos";"1,000";"0,000";"3RO_MOV_DAX488_ZONAX_ABEL_03";
"672";"EC-5084";"ONU HG8247H5";"07";"Equipamientos para clientes. ONUs, Routers, Mesh, Decos";"3,000";"0,000";"OBE_ALM_PRINCIPAL";
"189";"EC-4612";"ONU HG8546M";"07";"Equipamientos para clientes. ONUs, Routers, Mesh, Decos";"2,000";"0,000";"OBE_MOV_AA701EZ_CLIO_OB09";
"189";"EC-4612";"ONU HG8546M";"07";"Equipamientos para clientes. ONUs, Routers, Mesh, Decos";"2,000";"0,000";"OBE_MOV_AF626DO_FIORINO_OB07";
"189";"EC-4612";"ONU HG8546M";"07";"Equipamientos para clientes. ONUs, Routers, Mesh, Decos";"5,000";"0,000";"OBE_ALM_OFICINA";
"189";"EC-4612";"ONU HG8546M";"07";"Equipamientos para clientes. ONUs, Routers, Mesh, Decos";"1,000";"0,000";"OBE_MOV_AC325KI_PARTNER_OB04";
"189";"EC-4612";"ONU HG8546M";"07";"Equipamientos para clientes. ONUs, Routers, Mesh, Decos";"1,000";"0,000";"OCAMPO-MOVIL01";
"189";"EC-4612";"ONU HG8546M";"07";"Equipamientos para clientes. ONUs, Routers, Mesh, Decos";"1,000";"0,000";"TAVARES_WWP416_MARBIN";
"189";"EC-4612";"ONU HG8546M";"07";"Equipamientos para clientes. ONUs, Routers, Mesh, Decos";"2,000";"0,000";"TAVARES_BUJ117_AGUSTIN";
"189";"EC-4612";"ONU HG8546M";"07";"Equipamientos para clientes. ONUs, Routers, Mesh, Decos";"1,000";"0,000";"OBE_AREA_RETIROS_DIEMINGER";
"189";"EC-4612";"ONU HG8546M";"07";"Equipamientos para clientes. ONUs, Routers, Mesh, Decos";"1,000";"0,000";"3RO_MOV_NBF796_ZONAX_ANYELO_01";
"189";"EC-4612";"ONU HG8546M";"07";"Equipamientos para clientes. ONUs, Routers, Mesh, Decos";"1,000";"0,000";"3RO_MOV_DAX488_ZONAX_ABEL_03";
"189";"EC-4612";"ONU HG8546M";"07";"Equipamientos para clientes. ONUs, Routers, Mesh, Decos";"1,000";"0,000";"OBE_ALM_EXTRAV_TAVARES_WWP416_MARBIN";
"189";"EC-4612";"ONU HG8546M";"07";"Equipamientos para clientes. ONUs, Routers, Mesh, Decos";"1,000";"0,000";"OBE_ALM_EXTRAV_TAVARES_MUW401_FACUNDO";
"189";"EC-4612";"ONU HG8546M";"07";"Equipamientos para clientes. ONUs, Routers, Mesh, Decos";"7,000";"0,000";"OBE_ALM_EXTRAV_DANI_OCAMPO";
"664";"5076";"ONU HG8M8145V5G250";"07";"Equipamientos para clientes. ONUs, Routers, Mesh, Decos";"1,000";"0,000";"OBE_ALM_PRINCIPAL";
"191";"EC-4614";"ONU HS8145C";"07";"Equipamientos para clientes. ONUs, Routers, Mesh, Decos";"1,000";"0,000";"OBE_MOV_AA701EZ_CLIO_OB09";
"191";"EC-4614";"ONU HS8145C";"07";"Equipamientos para clientes. ONUs, Routers, Mesh, Decos";"2,000";"0,000";"OBE_ALM_EXTRAV_DANI_OCAMPO";
"191";"EC-4614";"ONU HS8145C";"07";"Equipamientos para clientes. ONUs, Routers, Mesh, Decos";"3,000";"0,000";"TAVARES_A221VDO_H.WAVE_IVAN";
"190";"EC-4613";"ONU HS8545M5";"07";"Equipamientos para clientes. ONUs, Routers, Mesh, Decos";"1,000";"0,000";"TAVARES_IIE083_TOMAS";
"190";"EC-4613";"ONU HS8545M5";"07";"Equipamientos para clientes. ONUs, Routers, Mesh, Decos";"1,000";"0,000";"3RO_MOV_LUZ110_ZONAX_PETRY_02";
"190";"EC-4613";"ONU HS8545M5";"07";"Equipamientos para clientes. ONUs, Routers, Mesh, Decos";"2,000";"0,000";"TAVARES_BUJ117_AGUSTIN";
"190";"EC-4613";"ONU HS8545M5";"07";"Equipamientos para clientes. ONUs, Routers, Mesh, Decos";"1,000";"0,000";"OBE_ALM_EXTRAV_TAVARES_WWP416_MARBIN";
"190";"EC-4613";"ONU HS8545M5";"07";"Equipamientos para clientes. ONUs, Routers, Mesh, Decos";"4,000";"0,000";"OBE_ALM_EXTRAV_DANI_OCAMPO";
"190";"EC-4613";"ONU HS8545M5";"07";"Equipamientos para clientes. ONUs, Routers, Mesh, Decos";"1,000";"0,000";"OBE_AREA_RETIROS_DIEMINGER";
"668";"EC-5080";"ONU HS8M8545M5G01";"07";"Equipamientos para clientes. ONUs, Routers, Mesh, Decos";"1,000";"0,000";"OBE_ALM_PRINCIPAL";
"181";"EC-4164";"ONU HUAWEI CATV GPON HG8247H5";"07";"Equipamientos para clientes. ONUs, Routers, Mesh, Decos";"59,000";"0,000";"OBE_ALM_PRINCIPAL";
"794";"EC-5164";"ONU HUAWEI ECHOLIFE EG8147X6 (CATV)";"07";"Equipamientos para clientes. ONUs, Routers, Mesh, Decos";"3,000";"0,000";"OBE_MOV_AF626DO_FIORINO_OB07";
"794";"EC-5164";"ONU HUAWEI ECHOLIFE EG8147X6 (CATV)";"07";"Equipamientos para clientes. ONUs, Routers, Mesh, Decos";"4,000";"0,000";"3RO_MOV_AC343ZR_TAVARES_DANIEL";
"794";"EC-5164";"ONU HUAWEI ECHOLIFE EG8147X6 (CATV)";"07";"Equipamientos para clientes. ONUs, Routers, Mesh, Decos";"1,000";"0,000";"OBE_MOV_AA701EZ_CLIO_OB09";
"794";"EC-5164";"ONU HUAWEI ECHOLIFE EG8147X6 (CATV)";"07";"Equipamientos para clientes. ONUs, Routers, Mesh, Decos";"2,000";"0,000";"OBE_MOV_AG660RM_FIORINO_OB13";
"794";"EC-5164";"ONU HUAWEI ECHOLIFE EG8147X6 (CATV)";"07";"Equipamientos para clientes. ONUs, Routers, Mesh, Decos";"10,000";"0,000";"OBE_MOV_AG619SY_YARIS_OB14";
"794";"EC-5164";"ONU HUAWEI ECHOLIFE EG8147X6 (CATV)";"07";"Equipamientos para clientes. ONUs, Routers, Mesh, Decos";"40,000";"0,000";"SPD_PRINCIPAL";
"794";"EC-5164";"ONU HUAWEI ECHOLIFE EG8147X6 (CATV)";"07";"Equipamientos para clientes. ONUs, Routers, Mesh, Decos";"1,000";"0,000";"WND_ECOSPORT_EWD102";
"794";"EC-5164";"ONU HUAWEI ECHOLIFE EG8147X6 (CATV)";"07";"Equipamientos para clientes. ONUs, Routers, Mesh, Decos";"1,000";"0,000";"OCAMPO-MOVIL01";
"794";"EC-5164";"ONU HUAWEI ECHOLIFE EG8147X6 (CATV)";"07";"Equipamientos para clientes. ONUs, Routers, Mesh, Decos";"1,000";"0,000";"TAVARES_WWP416_MARBIN";
"794";"EC-5164";"ONU HUAWEI ECHOLIFE EG8147X6 (CATV)";"07";"Equipamientos para clientes. ONUs, Routers, Mesh, Decos";"1,000";"0,000";"TAVARES_MUW401_FACUNDO";
"794";"EC-5164";"ONU HUAWEI ECHOLIFE EG8147X6 (CATV)";"07";"Equipamientos para clientes. ONUs, Routers, Mesh, Decos";"13,000";"0,000";"OBE_ALM_DEVOLUCIONES";
"794";"EC-5164";"ONU HUAWEI ECHOLIFE EG8147X6 (CATV)";"07";"Equipamientos para clientes. ONUs, Routers, Mesh, Decos";"1,000";"0,000";"TAVARES_FIAT-UNO_FZD571";
"794";"EC-5164";"ONU HUAWEI ECHOLIFE EG8147X6 (CATV)";"07";"Equipamientos para clientes. ONUs, Routers, Mesh, Decos";"1,000";"0,000";"DOSK_FIAT-UNO_NCQ134";
"794";"EC-5164";"ONU HUAWEI ECHOLIFE EG8147X6 (CATV)";"07";"Equipamientos para clientes. ONUs, Routers, Mesh, Decos";"4,000";"0,000";"DOSK_FIAT-PALIO_NUU379";
"794";"EC-5164";"ONU HUAWEI ECHOLIFE EG8147X6 (CATV)";"07";"Equipamientos para clientes. ONUs, Routers, Mesh, Decos";"3,000";"0,000";"OBE_FIORINO_AH259TN_OB16";
"794";"EC-5164";"ONU HUAWEI ECHOLIFE EG8147X6 (CATV)";"07";"Equipamientos para clientes. ONUs, Routers, Mesh, Decos";"10,000";"0,000";"WND_RETIRADOS";
"794";"EC-5164";"ONU HUAWEI ECHOLIFE EG8147X6 (CATV)";"07";"Equipamientos para clientes. ONUs, Routers, Mesh, Decos";"4,000";"0,000";"3RO_MOV_NBF796_ZONAX_ANYELO_01";
"794";"EC-5164";"ONU HUAWEI ECHOLIFE EG8147X6 (CATV)";"07";"Equipamientos para clientes. ONUs, Routers, Mesh, Decos";"2,000";"0,000";"WND_AREA_RETIROS_FRANCO";
"794";"EC-5164";"ONU HUAWEI ECHOLIFE EG8147X6 (CATV)";"07";"Equipamientos para clientes. ONUs, Routers, Mesh, Decos";"3,000";"0,000";"WND_ALM_EXTRAV_FIAT-UNO_NCQ134";
"844";"EC-5164-U";"ONU HUAWEI ECHOLIFE EG8147X6(CATV)(USADO)";"07";"Equipamientos para clientes. ONUs, Routers, Mesh, Decos";"2,000";"0,000";"OBE_ALM_PRINCIPAL";
"844";"EC-5164-U";"ONU HUAWEI ECHOLIFE EG8147X6(CATV)(USADO)";"07";"Equipamientos para clientes. ONUs, Routers, Mesh, Decos";"1,000";"0,000";"3RO_MOV_DAX488_ZONAX_ABEL_03";
"844";"EC-5164-U";"ONU HUAWEI ECHOLIFE EG8147X6(CATV)(USADO)";"07";"Equipamientos para clientes. ONUs, Routers, Mesh, Decos";"3,000";"0,000";"OBE_MOV_AG619SY_YARIS_OB14";
"844";"EC-5164-U";"ONU HUAWEI ECHOLIFE EG8147X6(CATV)(USADO)";"07";"Equipamientos para clientes. ONUs, Routers, Mesh, Decos";"4,000";"0,000";"OBE_MOV_AG619SX_YARIS_OB11";
"844";"EC-5164-U";"ONU HUAWEI ECHOLIFE EG8147X6(CATV)(USADO)";"07";"Equipamientos para clientes. ONUs, Routers, Mesh, Decos";"2,000";"0,000";"OBE_MOV_AF626DO_FIORINO_OB07";
"923";"EC-5340-U";"ONU HUAWEI ECHOLIFE HG8245H5(USADO)";"07";"Equipamientos para clientes. ONUs, Routers, Mesh, Decos";"140,000";"0,000";"OBE_ALM_DESCARTE";
"669";"EC-5081";"ONU HUAWEI EG8M8141A5G01";"07";"Equipamientos para clientes. ONUs, Routers, Mesh, Decos";"5,000";"0,000";"OBE_ALM_PRINCIPAL";
"186";"EC-4423";"ONU HUAWEI HG8012H";"07";"Equipamientos para clientes. ONUs, Routers, Mesh, Decos";"46,000";"0,000";"OBE_ALM_PRINCIPAL";
"186";"EC-4423";"ONU HUAWEI HG8012H";"07";"Equipamientos para clientes. ONUs, Routers, Mesh, Decos";"1,000";"0,000";"OBE_ALM_DEVOLUCIONES";
"186";"EC-4423";"ONU HUAWEI HG8012H";"07";"Equipamientos para clientes. ONUs, Routers, Mesh, Decos";"1,000";"0,000";"OBE_MOV_AF626DO_FIORINO_OB07";
"671";"EC-5083";"ONU HUAWEI HG8240H";"07";"Equipamientos para clientes. ONUs, Routers, Mesh, Decos";"1,000";"0,000";"OBE_ALM_PRINCIPAL";
"179";"EC-3954";"ONU HUAWEI HG8245W5";"07";"Equipamientos para clientes. ONUs, Routers, Mesh, Decos";"1,000";"0,000";"TAVARES_WWP416_MARBIN";
"174";"EC-2561";"ONU HUAWEI HS8546 V5";"07";"Equipamientos para clientes. ONUs, Routers, Mesh, Decos";"1,000";"0,000";"TAVARES_FIAT-UNO_FZD571";
"174";"EC-2561";"ONU HUAWEI HS8546 V5";"07";"Equipamientos para clientes. ONUs, Routers, Mesh, Decos";"1,000";"0,000";"OBE_ALM_EXTRAV_DANI_OCAMPO";
"183";"EC-4296";"ONU I-CON CATV GPON IC445ETRF";"07";"Equipamientos para clientes. ONUs, Routers, Mesh, Decos";"1,000";"0,000";"OBE_ALM_EXTRAV_DANI_OCAMPO";
"666";"EC-5078";"ONU I-CON IC410WSG";"07";"Equipamientos para clientes. ONUs, Routers, Mesh, Decos";"3,000";"0,000";"OBE_ALM_PRINCIPAL";
"185";"EC-4376";"ONU I-CON IC425ETB";"07";"Equipamientos para clientes. ONUs, Routers, Mesh, Decos";"1,000";"0,000";"OBE_MOV_AG619SX_YARIS_OB11";
"185";"EC-4376";"ONU I-CON IC425ETB";"07";"Equipamientos para clientes. ONUs, Routers, Mesh, Decos";"58,000";"0,000";"OBE_ALM_PRINCIPAL";
"185";"EC-4376";"ONU I-CON IC425ETB";"07";"Equipamientos para clientes. ONUs, Routers, Mesh, Decos";"2,000";"0,000";"OBE_MOV_AH259TD_FIORINO_OB17";
"175";"EC-2751";"ONU WIFI HUAWEI HG8120C";"07";"Equipamientos para clientes. ONUs, Routers, Mesh, Decos";"1,000";"0,000";"OBE_ALM_PRINCIPAL";
"1";"EC-2446";"ONU WIFI HUAWEI R/B";"07";"Equipamientos para clientes. ONUs, Routers, Mesh, Decos";"1,000";"0,000";"OBE_ALM_PRINCIPAL";
"1";"EC-2446";"ONU WIFI HUAWEI R/B";"07";"Equipamientos para clientes. ONUs, Routers, Mesh, Decos";"3,000";"0,000";"OBE_MOV_AC325KI_PARTNER_OB04";
"1";"EC-2446";"ONU WIFI HUAWEI R/B";"07";"Equipamientos para clientes. ONUs, Routers, Mesh, Decos";"1,000";"0,000";"OBE_ALM_EXTRAV_TAVARES_WWP416_MARBIN";
"1";"EC-2446";"ONU WIFI HUAWEI R/B";"07";"Equipamientos para clientes. ONUs, Routers, Mesh, Decos";"2,000";"0,000";"OBE_MOV_AH259TD_FIORINO_OB17";
"1";"EC-2446";"ONU WIFI HUAWEI R/B";"07";"Equipamientos para clientes. ONUs, Routers, Mesh, Decos";"1,000";"0,000";"OBE_MOV_AF288VL_TOYOTA_OB06";
"1";"EC-2446";"ONU WIFI HUAWEI R/B";"07";"Equipamientos para clientes. ONUs, Routers, Mesh, Decos";"1,000";"0,000";"OBE_MOV_AG619SY_YARIS_OB14";
"1";"EC-2446";"ONU WIFI HUAWEI R/B";"07";"Equipamientos para clientes. ONUs, Routers, Mesh, Decos";"2,000";"0,000";"OBE_MOV_AG660RM_FIORINO_OB13";
"1";"EC-2446";"ONU WIFI HUAWEI R/B";"07";"Equipamientos para clientes. ONUs, Routers, Mesh, Decos";"2,000";"0,000";"OBE_MOV_AA701EZ_CLIO_OB09";
"24";"EC-4387-U";"ONU WIFI HUAWEI/WIRETECH DUAL BAND(USADA)";"07";"Equipamientos para clientes. ONUs, Routers, Mesh, Decos";"14,000";"0,000";"OBE_ALM_PRINCIPAL";
"24";"EC-4387-U";"ONU WIFI HUAWEI/WIRETECH DUAL BAND(USADA)";"07";"Equipamientos para clientes. ONUs, Routers, Mesh, Decos";"1,000";"0,000";"OBE_AREA_RETIROS_DIEMINGER";
"24";"EC-4387-U";"ONU WIFI HUAWEI/WIRETECH DUAL BAND(USADA)";"07";"Equipamientos para clientes. ONUs, Routers, Mesh, Decos";"1,000";"0,000";"OBE_MOV_AF626DO_FIORINO_OB07";
"24";"EC-4387-U";"ONU WIFI HUAWEI/WIRETECH DUAL BAND(USADA)";"07";"Equipamientos para clientes. ONUs, Routers, Mesh, Decos";"1,000";"0,000";"OBE_MOV_AA701EZ_CLIO_OB09";
"24";"EC-4387-U";"ONU WIFI HUAWEI/WIRETECH DUAL BAND(USADA)";"07";"Equipamientos para clientes. ONUs, Routers, Mesh, Decos";"1,000";"0,000";"OCAMPO-MOVIL01";
"24";"EC-4387-U";"ONU WIFI HUAWEI/WIRETECH DUAL BAND(USADA)";"07";"Equipamientos para clientes. ONUs, Routers, Mesh, Decos";"2,000";"0,000";"Lucas_ Ventas B2B";
"24";"EC-4387-U";"ONU WIFI HUAWEI/WIRETECH DUAL BAND(USADA)";"07";"Equipamientos para clientes. ONUs, Routers, Mesh, Decos";"1,000";"0,000";"3RO_MOV_AC343ZR_TAVARES_DANIEL";
"24";"EC-4387-U";"ONU WIFI HUAWEI/WIRETECH DUAL BAND(USADA)";"07";"Equipamientos para clientes. ONUs, Routers, Mesh, Decos";"2,000";"0,000";"OBE_ALM_EXTRAV_EMA_PALCZYKOWSKI";
"24";"EC-4387-U";"ONU WIFI HUAWEI/WIRETECH DUAL BAND(USADA)";"07";"Equipamientos para clientes. ONUs, Routers, Mesh, Decos";"1,000";"0,000";"WND_ALM_DEVOLUCIONES";
"24";"EC-4387-U";"ONU WIFI HUAWEI/WIRETECH DUAL BAND(USADA)";"07";"Equipamientos para clientes. ONUs, Routers, Mesh, Decos";"3,000";"0,000";"OBE_MOV_AH259TD_FIORINO_OB17";
"24";"EC-4387-U";"ONU WIFI HUAWEI/WIRETECH DUAL BAND(USADA)";"07";"Equipamientos para clientes. ONUs, Routers, Mesh, Decos";"1,000";"0,000";"OBE_ALM_EXTRAV_TAVARES_MUW401_FACUNDO";
"28";"EC-4477";"ONU WIRETECH DUAL BAND (WTXGV2)";"07";"Equipamientos para clientes. ONUs, Routers, Mesh, Decos";"1,000";"0,000";"SPD_FIORINO_AH646PV";
"28";"EC-4477";"ONU WIRETECH DUAL BAND (WTXGV2)";"07";"Equipamientos para clientes. ONUs, Routers, Mesh, Decos";"31,000";"0,000";"SPD_ALM_DEVOLUCIONES";
"28";"EC-4477";"ONU WIRETECH DUAL BAND (WTXGV2)";"07";"Equipamientos para clientes. ONUs, Routers, Mesh, Decos";"4,000";"0,000";"WND-PRINCIPAL";
"28";"EC-4477";"ONU WIRETECH DUAL BAND (WTXGV2)";"07";"Equipamientos para clientes. ONUs, Routers, Mesh, Decos";"147,000";"0,000";"OBE_ALM_DESCARTE";
"28";"EC-4477";"ONU WIRETECH DUAL BAND (WTXGV2)";"07";"Equipamientos para clientes. ONUs, Routers, Mesh, Decos";"1,000";"0,000";"OBE_ALM_PRINCIPAL";
"184";"EC-4450";"ONU XPON 4GE/CATV/2POTS/DB/";"07";"Equipamientos para clientes. ONUs, Routers, Mesh, Decos";"2,000";"0,000";"OBE_AREA_RETIROS_DIEMINGER";
"184";"EC-4450";"ONU XPON 4GE/CATV/2POTS/DB/";"07";"Equipamientos para clientes. ONUs, Routers, Mesh, Decos";"1,000";"0,000";"TAVARES_FIAT-UNO_FZD571";
"184";"EC-4450";"ONU XPON 4GE/CATV/2POTS/DB/";"07";"Equipamientos para clientes. ONUs, Routers, Mesh, Decos";"1,000";"0,000";"TAVARES_RENAULT-EXP_CYB176";
"184";"EC-4450";"ONU XPON 4GE/CATV/2POTS/DB/";"07";"Equipamientos para clientes. ONUs, Routers, Mesh, Decos";"1,000";"0,000";"DOSK_FIAT-PALIO_NUU379";
"184";"EC-4450";"ONU XPON 4GE/CATV/2POTS/DB/";"07";"Equipamientos para clientes. ONUs, Routers, Mesh, Decos";"1,000";"0,000";"TAVARES_IIE083_TOMAS";
"184";"EC-4450";"ONU XPON 4GE/CATV/2POTS/DB/";"07";"Equipamientos para clientes. ONUs, Routers, Mesh, Decos";"32,000";"0,000";"WND_RETIRADOS";
"184";"EC-4450";"ONU XPON 4GE/CATV/2POTS/DB/";"07";"Equipamientos para clientes. ONUs, Routers, Mesh, Decos";"1,000";"0,000";"3RO_MOV_NBF796_ZONAX_ANYELO_01";
"184";"EC-4450";"ONU XPON 4GE/CATV/2POTS/DB/";"07";"Equipamientos para clientes. ONUs, Routers, Mesh, Decos";"2,000";"0,000";"WND_ALM_DEVOLUCIONES";
"184";"EC-4450";"ONU XPON 4GE/CATV/2POTS/DB/";"07";"Equipamientos para clientes. ONUs, Routers, Mesh, Decos";"2,000";"0,000";"OBE_ALM_EXTRAV_DANI_OCAMPO";
"184";"EC-4450";"ONU XPON 4GE/CATV/2POTS/DB/";"07";"Equipamientos para clientes. ONUs, Routers, Mesh, Decos";"1,000";"0,000";"OBE_ALM_EXTRAV_OB10_SEBASTIAN_DS";
"184";"EC-4450";"ONU XPON 4GE/CATV/2POTS/DB/";"07";"Equipamientos para clientes. ONUs, Routers, Mesh, Decos";"1,000";"0,000";"WND_ALM_EXTRAV_FIAT-UNO_NCQ134";
"184";"EC-4450";"ONU XPON 4GE/CATV/2POTS/DB/";"07";"Equipamientos para clientes. ONUs, Routers, Mesh, Decos";"1,000";"0,000";"OCAMPO-MOVIL01";
"184";"EC-4450";"ONU XPON 4GE/CATV/2POTS/DB/";"07";"Equipamientos para clientes. ONUs, Routers, Mesh, Decos";"1,000";"0,000";"3RO_MOV_LUZ110_ZONAX_PETRY_02";
"184";"EC-4450";"ONU XPON 4GE/CATV/2POTS/DB/";"07";"Equipamientos para clientes. ONUs, Routers, Mesh, Decos";"1,000";"0,000";"WND_ECOSPORT_EWD102";
"184";"EC-4450";"ONU XPON 4GE/CATV/2POTS/DB/";"07";"Equipamientos para clientes. ONUs, Routers, Mesh, Decos";"1,000";"0,000";"OBE_MOV_AG619SX_YARIS_OB11";
"667";"EC-5079";"ONU XPON QT-X04CW";"07";"Equipamientos para clientes. ONUs, Routers, Mesh, Decos";"1,000";"0,000";"OBE_ALM_PRINCIPAL";
"656";"EC-5069";"ONU ZTE F6201B V9.3 Wifi6 AX3000";"07";"Equipamientos para clientes. ONUs, Routers, Mesh, Decos";"1,000";"0,000";"OBE_AREA_RETIROS_DIEMINGER";
"656";"EC-5069";"ONU ZTE F6201B V9.3 Wifi6 AX3000";"07";"Equipamientos para clientes. ONUs, Routers, Mesh, Decos";"108,000";"0,000";"OBE_ALM_DEVOLUCIONES";
"656";"EC-5069";"ONU ZTE F6201B V9.3 Wifi6 AX3000";"07";"Equipamientos para clientes. ONUs, Routers, Mesh, Decos";"1,000";"0,000";"TAVARES_FIAT-UNO_LEW916";
"656";"EC-5069";"ONU ZTE F6201B V9.3 Wifi6 AX3000";"07";"Equipamientos para clientes. ONUs, Routers, Mesh, Decos";"1,000";"0,000";"TAVARES_WWP416_MARBIN";
"656";"EC-5069";"ONU ZTE F6201B V9.3 Wifi6 AX3000";"07";"Equipamientos para clientes. ONUs, Routers, Mesh, Decos";"7,000";"0,000";"TAVARES_MUW401_FACUNDO";
"656";"EC-5069";"ONU ZTE F6201B V9.3 Wifi6 AX3000";"07";"Equipamientos para clientes. ONUs, Routers, Mesh, Decos";"13,000";"0,000";"WND_RETIRADOS";
"656";"EC-5069";"ONU ZTE F6201B V9.3 Wifi6 AX3000";"07";"Equipamientos para clientes. ONUs, Routers, Mesh, Decos";"12,000";"0,000";"3RO_MOV_NBF796_ZONAX_ANYELO_01";
"656";"EC-5069";"ONU ZTE F6201B V9.3 Wifi6 AX3000";"07";"Equipamientos para clientes. ONUs, Routers, Mesh, Decos";"1,000";"0,000";"WND_AREA_RETIROS_FRANCO";
"656";"EC-5069";"ONU ZTE F6201B V9.3 Wifi6 AX3000";"07";"Equipamientos para clientes. ONUs, Routers, Mesh, Decos";"4,000";"0,000";"WND_ALM_DEVOLUCIONES";
"656";"EC-5069";"ONU ZTE F6201B V9.3 Wifi6 AX3000";"07";"Equipamientos para clientes. ONUs, Routers, Mesh, Decos";"5,000";"0,000";"ITU_ALM_PRINCIPAL";
"656";"EC-5069";"ONU ZTE F6201B V9.3 Wifi6 AX3000";"07";"Equipamientos para clientes. ONUs, Routers, Mesh, Decos";"1,000";"0,000";"3RO_MOV_KEO663_TAVARES_CLAUDIO";
"656";"EC-5069";"ONU ZTE F6201B V9.3 Wifi6 AX3000";"07";"Equipamientos para clientes. ONUs, Routers, Mesh, Decos";"1,000";"0,000";"SPD_FIORINO_AH646PV";
"656";"EC-5069";"ONU ZTE F6201B V9.3 Wifi6 AX3000";"07";"Equipamientos para clientes. ONUs, Routers, Mesh, Decos";"4,000";"0,000";"ITU_MOV_AH864NB_FIORINO_OB-23";
"656";"EC-5069";"ONU ZTE F6201B V9.3 Wifi6 AX3000";"07";"Equipamientos para clientes. ONUs, Routers, Mesh, Decos";"3,000";"0,000";"DOSK_FIAT-PALIO_NUU379";
"656";"EC-5069";"ONU ZTE F6201B V9.3 Wifi6 AX3000";"07";"Equipamientos para clientes. ONUs, Routers, Mesh, Decos";"22,000";"0,000";"OBE_ALM_PRINCIPAL";
"656";"EC-5069";"ONU ZTE F6201B V9.3 Wifi6 AX3000";"07";"Equipamientos para clientes. ONUs, Routers, Mesh, Decos";"2,000";"0,000";"ELECTROTECNIA-MOVIL-02";
"656";"EC-5069";"ONU ZTE F6201B V9.3 Wifi6 AX3000";"07";"Equipamientos para clientes. ONUs, Routers, Mesh, Decos";"8,000";"0,000";"SPD_KANGOO_LDM961";
"656";"EC-5069";"ONU ZTE F6201B V9.3 Wifi6 AX3000";"07";"Equipamientos para clientes. ONUs, Routers, Mesh, Decos";"4,000";"0,000";"SPD_GOL_IZF196";
"656";"EC-5069";"ONU ZTE F6201B V9.3 Wifi6 AX3000";"07";"Equipamientos para clientes. ONUs, Routers, Mesh, Decos";"3,000";"0,000";"SPD_FIORINO_AE226IV";
"656";"EC-5069";"ONU ZTE F6201B V9.3 Wifi6 AX3000";"07";"Equipamientos para clientes. ONUs, Routers, Mesh, Decos";"15,000";"0,000";"SPD_CORSA_GWT145";
"656";"EC-5069";"ONU ZTE F6201B V9.3 Wifi6 AX3000";"07";"Equipamientos para clientes. ONUs, Routers, Mesh, Decos";"35,000";"0,000";"SPD_PRINCIPAL";
"656";"EC-5069";"ONU ZTE F6201B V9.3 Wifi6 AX3000";"07";"Equipamientos para clientes. ONUs, Routers, Mesh, Decos";"2,000";"0,000";"OBE_MOV_AG619SY_YARIS_OB14";
"656";"EC-5069";"ONU ZTE F6201B V9.3 Wifi6 AX3000";"07";"Equipamientos para clientes. ONUs, Routers, Mesh, Decos";"4,000";"0,000";"DOSK_FIAT-UNO_NCQ134";
"656";"EC-5069";"ONU ZTE F6201B V9.3 Wifi6 AX3000";"07";"Equipamientos para clientes. ONUs, Routers, Mesh, Decos";"177,000";"0,000";"OBE_ALM_CATRIEL";
"743";"EC-5069-U";"ONU ZTE F6201B V9.3 Wifi6 AX3000(USADO)";"07";"Equipamientos para clientes. ONUs, Routers, Mesh, Decos";"2,000";"0,000";"TAVARES_WWP416_MARBIN";
"743";"EC-5069-U";"ONU ZTE F6201B V9.3 Wifi6 AX3000(USADO)";"07";"Equipamientos para clientes. ONUs, Routers, Mesh, Decos";"62,000";"0,000";"OBE_ALM_PRINCIPAL";
"27";"EC-4468";"ONU ZTE F6600R DUAL BAND WIFI (CATV)";"07";"Equipamientos para clientes. ONUs, Routers, Mesh, Decos";"34,000";"0,000";"WND_RETIRADOS";
"27";"EC-4468";"ONU ZTE F6600R DUAL BAND WIFI (CATV)";"07";"Equipamientos para clientes. ONUs, Routers, Mesh, Decos";"4,000";"0,000";"WND_AREA_RETIROS_FRANCO";
"27";"EC-4468";"ONU ZTE F6600R DUAL BAND WIFI (CATV)";"07";"Equipamientos para clientes. ONUs, Routers, Mesh, Decos";"1,000";"0,000";"OBE_ALM_EXTRAV_EMA_PALCZYKOWSKI";
"27";"EC-4468";"ONU ZTE F6600R DUAL BAND WIFI (CATV)";"07";"Equipamientos para clientes. ONUs, Routers, Mesh, Decos";"3,000";"0,000";"3RO_MOV_AC343ZR_TAVARES_DANIEL";
"27";"EC-4468";"ONU ZTE F6600R DUAL BAND WIFI (CATV)";"07";"Equipamientos para clientes. ONUs, Routers, Mesh, Decos";"15,000";"0,000";"3RO_MOV_NBF796_ZONAX_ANYELO_01";
"27";"EC-4468";"ONU ZTE F6600R DUAL BAND WIFI (CATV)";"07";"Equipamientos para clientes. ONUs, Routers, Mesh, Decos";"13,000";"0,000";"SPD_FIATUNO_JQL437";
"27";"EC-4468";"ONU ZTE F6600R DUAL BAND WIFI (CATV)";"07";"Equipamientos para clientes. ONUs, Routers, Mesh, Decos";"3,000";"0,000";"WND_ALM_EXTRAV_PRINCIPAL";
"27";"EC-4468";"ONU ZTE F6600R DUAL BAND WIFI (CATV)";"07";"Equipamientos para clientes. ONUs, Routers, Mesh, Decos";"3,000";"0,000";"TAVARES_IIE083_TOMAS";
"27";"EC-4468";"ONU ZTE F6600R DUAL BAND WIFI (CATV)";"07";"Equipamientos para clientes. ONUs, Routers, Mesh, Decos";"3,000";"1,000";"OBE_FIORINO_AH259TN_OB16";
"27";"EC-4468";"ONU ZTE F6600R DUAL BAND WIFI (CATV)";"07";"Equipamientos para clientes. ONUs, Routers, Mesh, Decos";"9,000";"0,000";"DOSK_FIAT-PALIO_NUU379";
"27";"EC-4468";"ONU ZTE F6600R DUAL BAND WIFI (CATV)";"07";"Equipamientos para clientes. ONUs, Routers, Mesh, Decos";"6,000";"0,000";"DOSK_FIAT-UNO_NCQ134";
"27";"EC-4468";"ONU ZTE F6600R DUAL BAND WIFI (CATV)";"07";"Equipamientos para clientes. ONUs, Routers, Mesh, Decos";"2,000";"0,000";"TAVARES_RENAULT-EXP_CYB176";
"27";"EC-4468";"ONU ZTE F6600R DUAL BAND WIFI (CATV)";"07";"Equipamientos para clientes. ONUs, Routers, Mesh, Decos";"6,000";"0,000";"TAVARES_FIAT-UNO_FZD571";
"27";"EC-4468";"ONU ZTE F6600R DUAL BAND WIFI (CATV)";"07";"Equipamientos para clientes. ONUs, Routers, Mesh, Decos";"7,000";"0,000";"TAVARES_FIAT-UNO_LEW916";
"27";"EC-4468";"ONU ZTE F6600R DUAL BAND WIFI (CATV)";"07";"Equipamientos para clientes. ONUs, Routers, Mesh, Decos";"13,000";"0,000";"OBE_ALM_DEVOLUCIONES";
"27";"EC-4468";"ONU ZTE F6600R DUAL BAND WIFI (CATV)";"07";"Equipamientos para clientes. ONUs, Routers, Mesh, Decos";"12,000";"0,000";"OBE_AREA_RETIROS_DIEMINGER";
"27";"EC-4468";"ONU ZTE F6600R DUAL BAND WIFI (CATV)";"07";"Equipamientos para clientes. ONUs, Routers, Mesh, Decos";"5,000";"0,000";"TAVARES_MUW401_FACUNDO";
"27";"EC-4468";"ONU ZTE F6600R DUAL BAND WIFI (CATV)";"07";"Equipamientos para clientes. ONUs, Routers, Mesh, Decos";"3,000";"0,000";"3RO_MOV_AD874FY_FIORINO_ZONAX_EZEQUIEL_04";
"27";"EC-4468";"ONU ZTE F6600R DUAL BAND WIFI (CATV)";"07";"Equipamientos para clientes. ONUs, Routers, Mesh, Decos";"5,000";"0,000";"3RO_MOV_KEO663_TAVARES_CLAUDIO";
"27";"EC-4468";"ONU ZTE F6600R DUAL BAND WIFI (CATV)";"07";"Equipamientos para clientes. ONUs, Routers, Mesh, Decos";"1,000";"0,000";"TAVARES_A221VDO_H.WAVE_IVAN";
"27";"EC-4468";"ONU ZTE F6600R DUAL BAND WIFI (CATV)";"07";"Equipamientos para clientes. ONUs, Routers, Mesh, Decos";"55,000";"0,000";"ELDO_ALM_PRINCIPAL";
"27";"EC-4468";"ONU ZTE F6600R DUAL BAND WIFI (CATV)";"07";"Equipamientos para clientes. ONUs, Routers, Mesh, Decos";"45,000";"0,000";"ITU_ALM_PRINCIPAL";
"27";"EC-4468";"ONU ZTE F6600R DUAL BAND WIFI (CATV)";"07";"Equipamientos para clientes. ONUs, Routers, Mesh, Decos";"6,000";"0,000";"OBE_ALM_EXTRAV_TAVARES_WWP416_MARBIN";
"27";"EC-4468";"ONU ZTE F6600R DUAL BAND WIFI (CATV)";"07";"Equipamientos para clientes. ONUs, Routers, Mesh, Decos";"11,000";"0,000";"WND_ALM_EXTRAV_FIAT-UNO_NCQ134";
"27";"EC-4468";"ONU ZTE F6600R DUAL BAND WIFI (CATV)";"07";"Equipamientos para clientes. ONUs, Routers, Mesh, Decos";"9,000";"0,000";"SPD_FIORINO_AH646PV";
"27";"EC-4468";"ONU ZTE F6600R DUAL BAND WIFI (CATV)";"07";"Equipamientos para clientes. ONUs, Routers, Mesh, Decos";"2,000";"0,000";"ITU_MOV_AH864NB_FIORINO_OB-23";
"27";"EC-4468";"ONU ZTE F6600R DUAL BAND WIFI (CATV)";"07";"Equipamientos para clientes. ONUs, Routers, Mesh, Decos";"35,000";"0,000";"WND_ALM_DEVOLUCIONES";
"27";"EC-4468";"ONU ZTE F6600R DUAL BAND WIFI (CATV)";"07";"Equipamientos para clientes. ONUs, Routers, Mesh, Decos";"12,000";"0,000";"DOSK_FIAT-PALIO_OUE911";
"27";"EC-4468";"ONU ZTE F6600R DUAL BAND WIFI (CATV)";"07";"Equipamientos para clientes. ONUs, Routers, Mesh, Decos";"3,000";"0,000";"OBE_ALM_EXTRAV_DANI_OCAMPO";
"27";"EC-4468";"ONU ZTE F6600R DUAL BAND WIFI (CATV)";"07";"Equipamientos para clientes. ONUs, Routers, Mesh, Decos";"2,000";"0,000";"ELDO_ALM_DEVOLUCIONES";
"27";"EC-4468";"ONU ZTE F6600R DUAL BAND WIFI (CATV)";"07";"Equipamientos para clientes. ONUs, Routers, Mesh, Decos";"2,000";"0,000";"OBE_MOV_AH259TD_FIORINO_OB17";
"27";"EC-4468";"ONU ZTE F6600R DUAL BAND WIFI (CATV)";"07";"Equipamientos para clientes. ONUs, Routers, Mesh, Decos";"5,000";"0,000";"SPD_PEUGEOT206_FHB226";
"27";"EC-4468";"ONU ZTE F6600R DUAL BAND WIFI (CATV)";"07";"Equipamientos para clientes. ONUs, Routers, Mesh, Decos";"1,000";"0,000";"OBE_ALM_EXTRAV_TAVARES_DANIEL";
"27";"EC-4468";"ONU ZTE F6600R DUAL BAND WIFI (CATV)";"07";"Equipamientos para clientes. ONUs, Routers, Mesh, Decos";"1,000";"0,000";"OBE_ALM_EXTRAV_OB07_GUILLERMO";
"27";"EC-4468";"ONU ZTE F6600R DUAL BAND WIFI (CATV)";"07";"Equipamientos para clientes. ONUs, Routers, Mesh, Decos";"1,000";"0,000";"TAVARES_WWP416_MARBIN";
"27";"EC-4468";"ONU ZTE F6600R DUAL BAND WIFI (CATV)";"07";"Equipamientos para clientes. ONUs, Routers, Mesh, Decos";"3,000";"0,000";"3RO_MOV_LUZ110_ZONAX_PETRY_02";
"27";"EC-4468";"ONU ZTE F6600R DUAL BAND WIFI (CATV)";"07";"Equipamientos para clientes. ONUs, Routers, Mesh, Decos";"25,000";"0,000";"OBE_ALM_PRINCIPAL";
"27";"EC-4468";"ONU ZTE F6600R DUAL BAND WIFI (CATV)";"07";"Equipamientos para clientes. ONUs, Routers, Mesh, Decos";"580,000";"0,000";"OBE_ALM_CATRIEL";
"27";"EC-4468";"ONU ZTE F6600R DUAL BAND WIFI (CATV)";"07";"Equipamientos para clientes. ONUs, Routers, Mesh, Decos";"6,000";"0,000";"OBE_MOV_AC325KI_PARTNER_OB04";
"27";"EC-4468";"ONU ZTE F6600R DUAL BAND WIFI (CATV)";"07";"Equipamientos para clientes. ONUs, Routers, Mesh, Decos";"4,000";"0,000";"OBE_MOV_AF626DO_FIORINO_OB07";
"27";"EC-4468";"ONU ZTE F6600R DUAL BAND WIFI (CATV)";"07";"Equipamientos para clientes. ONUs, Routers, Mesh, Decos";"8,000";"0,000";"OBE_MOV_AA701EZ_CLIO_OB09";
"27";"EC-4468";"ONU ZTE F6600R DUAL BAND WIFI (CATV)";"07";"Equipamientos para clientes. ONUs, Routers, Mesh, Decos";"5,000";"0,000";"OBE_MOV_AF645TX_BERLINGO_OB10";
"27";"EC-4468";"ONU ZTE F6600R DUAL BAND WIFI (CATV)";"07";"Equipamientos para clientes. ONUs, Routers, Mesh, Decos";"4,000";"0,000";"OBE_MOV_AG619SX_YARIS_OB11";
"27";"EC-4468";"ONU ZTE F6600R DUAL BAND WIFI (CATV)";"07";"Equipamientos para clientes. ONUs, Routers, Mesh, Decos";"3,000";"0,000";"OBE_MOV_AG660RM_FIORINO_OB13";
"27";"EC-4468";"ONU ZTE F6600R DUAL BAND WIFI (CATV)";"07";"Equipamientos para clientes. ONUs, Routers, Mesh, Decos";"12,000";"0,000";"SPD_CORSA_GWT145";
"27";"EC-4468";"ONU ZTE F6600R DUAL BAND WIFI (CATV)";"07";"Equipamientos para clientes. ONUs, Routers, Mesh, Decos";"2,000";"0,000";"SPD_FIORINO_AE226IV";
"27";"EC-4468";"ONU ZTE F6600R DUAL BAND WIFI (CATV)";"07";"Equipamientos para clientes. ONUs, Routers, Mesh, Decos";"12,000";"0,000";"SPD_KANGOO_LDM961";
"27";"EC-4468";"ONU ZTE F6600R DUAL BAND WIFI (CATV)";"07";"Equipamientos para clientes. ONUs, Routers, Mesh, Decos";"10,000";"0,000";"WND-PRINCIPAL";
"27";"EC-4468";"ONU ZTE F6600R DUAL BAND WIFI (CATV)";"07";"Equipamientos para clientes. ONUs, Routers, Mesh, Decos";"3,000";"0,000";"WND_ECOSPORT_EWD102";
"27";"EC-4468";"ONU ZTE F6600R DUAL BAND WIFI (CATV)";"07";"Equipamientos para clientes. ONUs, Routers, Mesh, Decos";"5,000";"0,000";"WND_YARIS_AG619SV_OB12";
"27";"EC-4468";"ONU ZTE F6600R DUAL BAND WIFI (CATV)";"07";"Equipamientos para clientes. ONUs, Routers, Mesh, Decos";"6,000";"0,000";"ELECTROTECNIA-MOVIL-02";
"27";"EC-4468";"ONU ZTE F6600R DUAL BAND WIFI (CATV)";"07";"Equipamientos para clientes. ONUs, Routers, Mesh, Decos";"40,000";"0,000";"SPD_PRINCIPAL";
"27";"EC-4468";"ONU ZTE F6600R DUAL BAND WIFI (CATV)";"07";"Equipamientos para clientes. ONUs, Routers, Mesh, Decos";"2,000";"0,000";"OCAMPO-MOVIL01";
"187";"EC-4468-U";"ONU ZTE F6600R DUAL BAND WIFI (CATV)(USADA)";"07";"Equipamientos para clientes. ONUs, Routers, Mesh, Decos";"9,000";"0,000";"WND_ALM_EXTRAV_FIAT-UNO_NCQ134";
"187";"EC-4468-U";"ONU ZTE F6600R DUAL BAND WIFI (CATV)(USADA)";"07";"Equipamientos para clientes. ONUs, Routers, Mesh, Decos";"3,000";"0,000";"TAVARES_A221VDO_H.WAVE_IVAN";
"187";"EC-4468-U";"ONU ZTE F6600R DUAL BAND WIFI (CATV)(USADA)";"07";"Equipamientos para clientes. ONUs, Routers, Mesh, Decos";"3,000";"0,000";"3RO_MOV_DAX488_ZONAX_ABEL_03";
"187";"EC-4468-U";"ONU ZTE F6600R DUAL BAND WIFI (CATV)(USADA)";"07";"Equipamientos para clientes. ONUs, Routers, Mesh, Decos";"2,000";"0,000";"3RO_MOV_KEO663_TAVARES_CLAUDIO";
"187";"EC-4468-U";"ONU ZTE F6600R DUAL BAND WIFI (CATV)(USADA)";"07";"Equipamientos para clientes. ONUs, Routers, Mesh, Decos";"3,000";"0,000";"OBE_MOV_AH259TD_FIORINO_OB17";
"187";"EC-4468-U";"ONU ZTE F6600R DUAL BAND WIFI (CATV)(USADA)";"07";"Equipamientos para clientes. ONUs, Routers, Mesh, Decos";"4,000";"0,000";"3RO_MOV_NBF796_ZONAX_ANYELO_01";
"187";"EC-4468-U";"ONU ZTE F6600R DUAL BAND WIFI (CATV)(USADA)";"07";"Equipamientos para clientes. ONUs, Routers, Mesh, Decos";"5,000";"0,000";"WND_RETIRADOS";
"187";"EC-4468-U";"ONU ZTE F6600R DUAL BAND WIFI (CATV)(USADA)";"07";"Equipamientos para clientes. ONUs, Routers, Mesh, Decos";"8,000";"0,000";"DOSK_FIAT-PALIO_NUU379";
"187";"EC-4468-U";"ONU ZTE F6600R DUAL BAND WIFI (CATV)(USADA)";"07";"Equipamientos para clientes. ONUs, Routers, Mesh, Decos";"12,000";"0,000";"OBE_ALM_PRINCIPAL";
"187";"EC-4468-U";"ONU ZTE F6600R DUAL BAND WIFI (CATV)(USADA)";"07";"Equipamientos para clientes. ONUs, Routers, Mesh, Decos";"1,000";"0,000";"DOSK_FIAT-UNO_NCQ134";
"187";"EC-4468-U";"ONU ZTE F6600R DUAL BAND WIFI (CATV)(USADA)";"07";"Equipamientos para clientes. ONUs, Routers, Mesh, Decos";"2,000";"0,000";"OBE_MOV_AC325KI_PARTNER_OB04";
"187";"EC-4468-U";"ONU ZTE F6600R DUAL BAND WIFI (CATV)(USADA)";"07";"Equipamientos para clientes. ONUs, Routers, Mesh, Decos";"2,000";"0,000";"TAVARES_FIAT-UNO_FZD571";
"187";"EC-4468-U";"ONU ZTE F6600R DUAL BAND WIFI (CATV)(USADA)";"07";"Equipamientos para clientes. ONUs, Routers, Mesh, Decos";"2,000";"0,000";"OBE_ALM_DEVOLUCIONES";
"187";"EC-4468-U";"ONU ZTE F6600R DUAL BAND WIFI (CATV)(USADA)";"07";"Equipamientos para clientes. ONUs, Routers, Mesh, Decos";"1,000";"0,000";"OBE_AREA_RETIROS_DIEMINGER";
"187";"EC-4468-U";"ONU ZTE F6600R DUAL BAND WIFI (CATV)(USADA)";"07";"Equipamientos para clientes. ONUs, Routers, Mesh, Decos";"1,000";"0,000";"OBE_MOV_AA701EZ_CLIO_OB09";
"187";"EC-4468-U";"ONU ZTE F6600R DUAL BAND WIFI (CATV)(USADA)";"07";"Equipamientos para clientes. ONUs, Routers, Mesh, Decos";"1,000";"0,000";"OBE_MOV_AG619SX_YARIS_OB11";
"187";"EC-4468-U";"ONU ZTE F6600R DUAL BAND WIFI (CATV)(USADA)";"07";"Equipamientos para clientes. ONUs, Routers, Mesh, Decos";"1,000";"0,000";"3RO_MOV_LUZ110_ZONAX_PETRY_02";
"187";"EC-4468-U";"ONU ZTE F6600R DUAL BAND WIFI (CATV)(USADA)";"07";"Equipamientos para clientes. ONUs, Routers, Mesh, Decos";"1,000";"0,000";"OCAMPO-MOVIL01";
"187";"EC-4468-U";"ONU ZTE F6600R DUAL BAND WIFI (CATV)(USADA)";"07";"Equipamientos para clientes. ONUs, Routers, Mesh, Decos";"1,000";"0,000";"OBE_MOV_AG660RM_FIORINO_OB13";
"32";"EC-4534-U";"ONU ZTE F670L V1.1 DUAL BAND WIFI (USADA)";"07";"Equipamientos para clientes. ONUs, Routers, Mesh, Decos";"2,000";"0,000";"WND-PRINCIPAL";
"32";"EC-4534-U";"ONU ZTE F670L V1.1 DUAL BAND WIFI (USADA)";"07";"Equipamientos para clientes. ONUs, Routers, Mesh, Decos";"1,000";"0,000";"WND_YARIS_AG619SV_OB12";
"32";"EC-4534-U";"ONU ZTE F670L V1.1 DUAL BAND WIFI (USADA)";"07";"Equipamientos para clientes. ONUs, Routers, Mesh, Decos";"1,000";"0,000";"OCAMPO-MOVIL01";
"32";"EC-4534-U";"ONU ZTE F670L V1.1 DUAL BAND WIFI (USADA)";"07";"Equipamientos para clientes. ONUs, Routers, Mesh, Decos";"1,000";"0,000";"3RO_MOV_LUZ110_ZONAX_PETRY_02";
"32";"EC-4534-U";"ONU ZTE F670L V1.1 DUAL BAND WIFI (USADA)";"07";"Equipamientos para clientes. ONUs, Routers, Mesh, Decos";"1,000";"0,000";"TAVARES_BUJ117_AGUSTIN";
"32";"EC-4534-U";"ONU ZTE F670L V1.1 DUAL BAND WIFI (USADA)";"07";"Equipamientos para clientes. ONUs, Routers, Mesh, Decos";"2,000";"0,000";"OBE_AREA_RETIROS_DIEMINGER";
"32";"EC-4534-U";"ONU ZTE F670L V1.1 DUAL BAND WIFI (USADA)";"07";"Equipamientos para clientes. ONUs, Routers, Mesh, Decos";"41,000";"0,000";"OBE_ALM_DEVOLUCIONES";
"32";"EC-4534-U";"ONU ZTE F670L V1.1 DUAL BAND WIFI (USADA)";"07";"Equipamientos para clientes. ONUs, Routers, Mesh, Decos";"1,000";"0,000";"DOSK_FIAT-UNO_NCQ134";
"32";"EC-4534-U";"ONU ZTE F670L V1.1 DUAL BAND WIFI (USADA)";"07";"Equipamientos para clientes. ONUs, Routers, Mesh, Decos";"2,000";"0,000";"DOSK_FIAT-PALIO_NUU379";
"32";"EC-4534-U";"ONU ZTE F670L V1.1 DUAL BAND WIFI (USADA)";"07";"Equipamientos para clientes. ONUs, Routers, Mesh, Decos";"3,000";"0,000";"WND_RETIRADOS";
"32";"EC-4534-U";"ONU ZTE F670L V1.1 DUAL BAND WIFI (USADA)";"07";"Equipamientos para clientes. ONUs, Routers, Mesh, Decos";"5,000";"0,000";"WND_ALM_DEVOLUCIONES";
"32";"EC-4534-U";"ONU ZTE F670L V1.1 DUAL BAND WIFI (USADA)";"07";"Equipamientos para clientes. ONUs, Routers, Mesh, Decos";"4,000";"0,000";"WND_ALM_EXTRAV_FIAT-UNO_NCQ134";
"32";"EC-4534-U";"ONU ZTE F670L V1.1 DUAL BAND WIFI (USADA)";"07";"Equipamientos para clientes. ONUs, Routers, Mesh, Decos";"4,000";"0,000";"ELDO_MOVIL_AH646PT_FIORINO";
"146";"EC-4589";"ONU ZTE ZXHN F6600P DB/WIFI6 (FXS)";"07";"Equipamientos para clientes. ONUs, Routers, Mesh, Decos";"3,000";"0,000";"WND_ECOSPORT_EWD102";
"146";"EC-4589";"ONU ZTE ZXHN F6600P DB/WIFI6 (FXS)";"07";"Equipamientos para clientes. ONUs, Routers, Mesh, Decos";"1060,000";"0,000";"OBE_ALM_CATRIEL";
"146";"EC-4589";"ONU ZTE ZXHN F6600P DB/WIFI6 (FXS)";"07";"Equipamientos para clientes. ONUs, Routers, Mesh, Decos";"2,000";"0,000";"ELDO_ALM_DEVOLUCIONES";
"146";"EC-4589";"ONU ZTE ZXHN F6600P DB/WIFI6 (FXS)";"07";"Equipamientos para clientes. ONUs, Routers, Mesh, Decos";"10,000";"0,000";"DOSK_FIAT-PALIO_OUE911";
"146";"EC-4589";"ONU ZTE ZXHN F6600P DB/WIFI6 (FXS)";"07";"Equipamientos para clientes. ONUs, Routers, Mesh, Decos";"9,000";"0,000";"SPD_PEUGEOT206_FHB226";
"146";"EC-4589";"ONU ZTE ZXHN F6600P DB/WIFI6 (FXS)";"07";"Equipamientos para clientes. ONUs, Routers, Mesh, Decos";"103,000";"0,000";"ELDO_ALM_PRINCIPAL";
"146";"EC-4589";"ONU ZTE ZXHN F6600P DB/WIFI6 (FXS)";"07";"Equipamientos para clientes. ONUs, Routers, Mesh, Decos";"80,000";"0,000";"ITU_ALM_PRINCIPAL";
"146";"EC-4589";"ONU ZTE ZXHN F6600P DB/WIFI6 (FXS)";"07";"Equipamientos para clientes. ONUs, Routers, Mesh, Decos";"1,000";"0,000";"OBE_ALM_EXTRAV_TAVARES_MUW401_FACUNDO";
"146";"EC-4589";"ONU ZTE ZXHN F6600P DB/WIFI6 (FXS)";"07";"Equipamientos para clientes. ONUs, Routers, Mesh, Decos";"2,000";"0,000";"WND_ALM_EXTRAV_FIAT-UNO_NCQ134";
"146";"EC-4589";"ONU ZTE ZXHN F6600P DB/WIFI6 (FXS)";"07";"Equipamientos para clientes. ONUs, Routers, Mesh, Decos";"2,000";"0,000";"OBE_ALM_EXTRAV_DANI_OCAMPO";
"146";"EC-4589";"ONU ZTE ZXHN F6600P DB/WIFI6 (FXS)";"07";"Equipamientos para clientes. ONUs, Routers, Mesh, Decos";"8,000";"0,000";"WND_ALM_DEVOLUCIONES";
"146";"EC-4589";"ONU ZTE ZXHN F6600P DB/WIFI6 (FXS)";"07";"Equipamientos para clientes. ONUs, Routers, Mesh, Decos";"5,000";"0,000";"WND_AREA_RETIROS_FRANCO";
"146";"EC-4589";"ONU ZTE ZXHN F6600P DB/WIFI6 (FXS)";"07";"Equipamientos para clientes. ONUs, Routers, Mesh, Decos";"2,000";"0,000";"OBE_ALM_EXTRAV_EMA_PALCZYKOWSKI";
"146";"EC-4589";"ONU ZTE ZXHN F6600P DB/WIFI6 (FXS)";"07";"Equipamientos para clientes. ONUs, Routers, Mesh, Decos";"1,000";"0,000";"3RO_MOV_NBF796_ZONAX_ANYELO_01";
"146";"EC-4589";"ONU ZTE ZXHN F6600P DB/WIFI6 (FXS)";"07";"Equipamientos para clientes. ONUs, Routers, Mesh, Decos";"2,000";"0,000";"SPD_ALM_DEVOLUCIONES";
"146";"EC-4589";"ONU ZTE ZXHN F6600P DB/WIFI6 (FXS)";"07";"Equipamientos para clientes. ONUs, Routers, Mesh, Decos";"51,000";"0,000";"WND_RETIRADOS";
"146";"EC-4589";"ONU ZTE ZXHN F6600P DB/WIFI6 (FXS)";"07";"Equipamientos para clientes. ONUs, Routers, Mesh, Decos";"4,000";"0,000";"OBE_FIORINO_AH259TN_OB16";
"146";"EC-4589";"ONU ZTE ZXHN F6600P DB/WIFI6 (FXS)";"07";"Equipamientos para clientes. ONUs, Routers, Mesh, Decos";"2,000";"0,000";"OBE_MOV_AA701EZ_CLIO_OB09";
"146";"EC-4589";"ONU ZTE ZXHN F6600P DB/WIFI6 (FXS)";"07";"Equipamientos para clientes. ONUs, Routers, Mesh, Decos";"50,000";"0,000";"OBE_ALM_PRINCIPAL";
"146";"EC-4589";"ONU ZTE ZXHN F6600P DB/WIFI6 (FXS)";"07";"Equipamientos para clientes. ONUs, Routers, Mesh, Decos";"7,000";"0,000";"SPD_PRINCIPAL";
"146";"EC-4589";"ONU ZTE ZXHN F6600P DB/WIFI6 (FXS)";"07";"Equipamientos para clientes. ONUs, Routers, Mesh, Decos";"1,000";"0,000";"SPD_FIORINO_AE226IV";
"146";"EC-4589";"ONU ZTE ZXHN F6600P DB/WIFI6 (FXS)";"07";"Equipamientos para clientes. ONUs, Routers, Mesh, Decos";"1,000";"0,000";"SPD_KANGOO_LDM961";
"146";"EC-4589";"ONU ZTE ZXHN F6600P DB/WIFI6 (FXS)";"07";"Equipamientos para clientes. ONUs, Routers, Mesh, Decos";"2,000";"0,000";"TAVARES_IIE083_TOMAS";
"146";"EC-4589";"ONU ZTE ZXHN F6600P DB/WIFI6 (FXS)";"07";"Equipamientos para clientes. ONUs, Routers, Mesh, Decos";"1,000";"0,000";"OCAMPO-MOVIL01";
"146";"EC-4589";"ONU ZTE ZXHN F6600P DB/WIFI6 (FXS)";"07";"Equipamientos para clientes. ONUs, Routers, Mesh, Decos";"3,000";"0,000";"TAVARES_WWP416_MARBIN";
"146";"EC-4589";"ONU ZTE ZXHN F6600P DB/WIFI6 (FXS)";"07";"Equipamientos para clientes. ONUs, Routers, Mesh, Decos";"6,000";"0,000";"3RO_MOV_LUZ110_ZONAX_PETRY_02";
"146";"EC-4589";"ONU ZTE ZXHN F6600P DB/WIFI6 (FXS)";"07";"Equipamientos para clientes. ONUs, Routers, Mesh, Decos";"6,000";"0,000";"OBE_AREA_RETIROS_DIEMINGER";
"146";"EC-4589";"ONU ZTE ZXHN F6600P DB/WIFI6 (FXS)";"07";"Equipamientos para clientes. ONUs, Routers, Mesh, Decos";"26,000";"0,000";"OBE_ALM_DEVOLUCIONES";
"146";"EC-4589";"ONU ZTE ZXHN F6600P DB/WIFI6 (FXS)";"07";"Equipamientos para clientes. ONUs, Routers, Mesh, Decos";"10,000";"0,000";"TAVARES_FIAT-UNO_LEW916";
"146";"EC-4589";"ONU ZTE ZXHN F6600P DB/WIFI6 (FXS)";"07";"Equipamientos para clientes. ONUs, Routers, Mesh, Decos";"3,000";"0,000";"DOSK_FIAT-UNO_NCQ134";
"539";"EC-4589-U";"ONU ZTE ZXHN F6600P DB/WIFI6 (FXS) (USADA)";"07";"Equipamientos para clientes. ONUs, Routers, Mesh, Decos";"4,000";"0,000";"WND_RETIRADOS";
"539";"EC-4589-U";"ONU ZTE ZXHN F6600P DB/WIFI6 (FXS) (USADA)";"07";"Equipamientos para clientes. ONUs, Routers, Mesh, Decos";"15,000";"0,000";"WND-PRINCIPAL";
"539";"EC-4589-U";"ONU ZTE ZXHN F6600P DB/WIFI6 (FXS) (USADA)";"07";"Equipamientos para clientes. ONUs, Routers, Mesh, Decos";"2,000";"0,000";"WND_YARIS_AG619SV_OB12";
"539";"EC-4589-U";"ONU ZTE ZXHN F6600P DB/WIFI6 (FXS) (USADA)";"07";"Equipamientos para clientes. ONUs, Routers, Mesh, Decos";"4,000";"0,000";"ELECTROTECNIA-MOVIL-02";
"539";"EC-4589-U";"ONU ZTE ZXHN F6600P DB/WIFI6 (FXS) (USADA)";"07";"Equipamientos para clientes. ONUs, Routers, Mesh, Decos";"5,000";"0,000";"OCAMPO-MOVIL01";
"539";"EC-4589-U";"ONU ZTE ZXHN F6600P DB/WIFI6 (FXS) (USADA)";"07";"Equipamientos para clientes. ONUs, Routers, Mesh, Decos";"2,000";"0,000";"TAVARES_WWP416_MARBIN";
"539";"EC-4589-U";"ONU ZTE ZXHN F6600P DB/WIFI6 (FXS) (USADA)";"07";"Equipamientos para clientes. ONUs, Routers, Mesh, Decos";"5,000";"0,000";"TAVARES_MUW401_FACUNDO";
"539";"EC-4589-U";"ONU ZTE ZXHN F6600P DB/WIFI6 (FXS) (USADA)";"07";"Equipamientos para clientes. ONUs, Routers, Mesh, Decos";"3,000";"0,000";"OBE_MOV_AA701EZ_CLIO_OB09";
"539";"EC-4589-U";"ONU ZTE ZXHN F6600P DB/WIFI6 (FXS) (USADA)";"07";"Equipamientos para clientes. ONUs, Routers, Mesh, Decos";"25,000";"0,000";"OBE_ALM_DEVOLUCIONES";
"539";"EC-4589-U";"ONU ZTE ZXHN F6600P DB/WIFI6 (FXS) (USADA)";"07";"Equipamientos para clientes. ONUs, Routers, Mesh, Decos";"5,000";"0,000";"TAVARES_FIAT-UNO_LEW916";
"539";"EC-4589-U";"ONU ZTE ZXHN F6600P DB/WIFI6 (FXS) (USADA)";"07";"Equipamientos para clientes. ONUs, Routers, Mesh, Decos";"6,000";"0,000";"TAVARES_FIAT-UNO_FZD571";
"539";"EC-4589-U";"ONU ZTE ZXHN F6600P DB/WIFI6 (FXS) (USADA)";"07";"Equipamientos para clientes. ONUs, Routers, Mesh, Decos";"4,000";"0,000";"3RO_MOV_NBF796_ZONAX_ANYELO_01";
"539";"EC-4589-U";"ONU ZTE ZXHN F6600P DB/WIFI6 (FXS) (USADA)";"07";"Equipamientos para clientes. ONUs, Routers, Mesh, Decos";"3,000";"0,000";"3RO_MOV_AD874FY_FIORINO_ZONAX_EZEQUIEL_04";
"539";"EC-4589-U";"ONU ZTE ZXHN F6600P DB/WIFI6 (FXS) (USADA)";"07";"Equipamientos para clientes. ONUs, Routers, Mesh, Decos";"2,000";"0,000";"3RO_MOV_KEO663_TAVARES_CLAUDIO";
"539";"EC-4589-U";"ONU ZTE ZXHN F6600P DB/WIFI6 (FXS) (USADA)";"07";"Equipamientos para clientes. ONUs, Routers, Mesh, Decos";"3,000";"0,000";"3RO_MOV_DAX488_ZONAX_ABEL_03";
"539";"EC-4589-U";"ONU ZTE ZXHN F6600P DB/WIFI6 (FXS) (USADA)";"07";"Equipamientos para clientes. ONUs, Routers, Mesh, Decos";"4,000";"0,000";"3RO_MOV_AC343ZR_TAVARES_DANIEL";
"539";"EC-4589-U";"ONU ZTE ZXHN F6600P DB/WIFI6 (FXS) (USADA)";"07";"Equipamientos para clientes. ONUs, Routers, Mesh, Decos";"1,000";"0,000";"TAVARES_A221VDO_H.WAVE_IVAN";
"539";"EC-4589-U";"ONU ZTE ZXHN F6600P DB/WIFI6 (FXS) (USADA)";"07";"Equipamientos para clientes. ONUs, Routers, Mesh, Decos";"11,000";"0,000";"WND_ALM_EXTRAV_FIAT-UNO_NCQ134";
"539";"EC-4589-U";"ONU ZTE ZXHN F6600P DB/WIFI6 (FXS) (USADA)";"07";"Equipamientos para clientes. ONUs, Routers, Mesh, Decos";"2,000";"0,000";"OBE_MOV_AH259TD_FIORINO_OB17";
"539";"EC-4589-U";"ONU ZTE ZXHN F6600P DB/WIFI6 (FXS) (USADA)";"07";"Equipamientos para clientes. ONUs, Routers, Mesh, Decos";"1,000";"0,000";"SPD_FIORINO_AE226IV";
"539";"EC-4589-U";"ONU ZTE ZXHN F6600P DB/WIFI6 (FXS) (USADA)";"07";"Equipamientos para clientes. ONUs, Routers, Mesh, Decos";"4,000";"0,000";"SPD_PRINCIPAL";
"539";"EC-4589-U";"ONU ZTE ZXHN F6600P DB/WIFI6 (FXS) (USADA)";"07";"Equipamientos para clientes. ONUs, Routers, Mesh, Decos";"3,000";"0,000";"OBE_MOV_AG619SY_YARIS_OB14";
"539";"EC-4589-U";"ONU ZTE ZXHN F6600P DB/WIFI6 (FXS) (USADA)";"07";"Equipamientos para clientes. ONUs, Routers, Mesh, Decos";"3,000";"0,000";"OBE_MOV_AG660RM_FIORINO_OB13";
"539";"EC-4589-U";"ONU ZTE ZXHN F6600P DB/WIFI6 (FXS) (USADA)";"07";"Equipamientos para clientes. ONUs, Routers, Mesh, Decos";"4,000";"0,000";"OBE_MOV_AG619SX_YARIS_OB11";
"539";"EC-4589-U";"ONU ZTE ZXHN F6600P DB/WIFI6 (FXS) (USADA)";"07";"Equipamientos para clientes. ONUs, Routers, Mesh, Decos";"3,000";"0,000";"OBE_MOV_AF645TX_BERLINGO_OB10";
"539";"EC-4589-U";"ONU ZTE ZXHN F6600P DB/WIFI6 (FXS) (USADA)";"07";"Equipamientos para clientes. ONUs, Routers, Mesh, Decos";"6,000";"0,000";"OBE_MOV_AF626DO_FIORINO_OB07";
"539";"EC-4589-U";"ONU ZTE ZXHN F6600P DB/WIFI6 (FXS) (USADA)";"07";"Equipamientos para clientes. ONUs, Routers, Mesh, Decos";"6,000";"0,000";"OBE_MOV_AC325KI_PARTNER_OB04";
"539";"EC-4589-U";"ONU ZTE ZXHN F6600P DB/WIFI6 (FXS) (USADA)";"07";"Equipamientos para clientes. ONUs, Routers, Mesh, Decos";"4,000";"0,000";"SPD_KANGOO_LDM961";
"465";"EC-5012";"ONU-type-eth-4-pots-2-catv-0";"07";"Equipamientos para clientes. ONUs, Routers, Mesh, Decos";"1,000";"0,000";"OBE_MOV_AG619SX_YARIS_OB11";
"507";"EC-4398";"REYEE - RUIJIE RG-EW1200 ROUTER AC1200 MESH";"07";"Equipamientos para clientes. ONUs, Routers, Mesh, Decos";"1,000";"0,000";"SPD_PRINCIPAL";
"538";"EC-4636";"ROUTER DUAL BAND R/B (TP-LINK, TENDA, RUIJIE,ZTE,ETC)";"07";"Equipamientos para clientes. ONUs, Routers, Mesh, Decos";"2,000";"0,000";"SPD_ALM_DEVOLUCIONES";
"538";"EC-4636";"ROUTER DUAL BAND R/B (TP-LINK, TENDA, RUIJIE,ZTE,ETC)";"07";"Equipamientos para clientes. ONUs, Routers, Mesh, Decos";"1,000";"0,000";"SPD_RANGER_KNV423";
"538";"EC-4636";"ROUTER DUAL BAND R/B (TP-LINK, TENDA, RUIJIE,ZTE,ETC)";"07";"Equipamientos para clientes. ONUs, Routers, Mesh, Decos";"5,000";"0,000";"SPD_PRINCIPAL";
"475";"EC-1556";"ROUTER INAL. 2.4ghz R/B (TP-LINK,TENDA,RUIJIE,MERCUSYS,ETC)";"07";"Equipamientos para clientes. ONUs, Routers, Mesh, Decos";"4,000";"0,000";"OBE_MOV_AH259TD_FIORINO_OB17";
"475";"EC-1556";"ROUTER INAL. 2.4ghz R/B (TP-LINK,TENDA,RUIJIE,MERCUSYS,ETC)";"07";"Equipamientos para clientes. ONUs, Routers, Mesh, Decos";"4,000";"0,000";"SPD_GOL_IZF196";
"475";"EC-1556";"ROUTER INAL. 2.4ghz R/B (TP-LINK,TENDA,RUIJIE,MERCUSYS,ETC)";"07";"Equipamientos para clientes. ONUs, Routers, Mesh, Decos";"5,000";"0,000";"SPD_KANGOO_LDM961";
"475";"EC-1556";"ROUTER INAL. 2.4ghz R/B (TP-LINK,TENDA,RUIJIE,MERCUSYS,ETC)";"07";"Equipamientos para clientes. ONUs, Routers, Mesh, Decos";"2,000";"0,000";"SPD_FIORINO_AE226IV";
"475";"EC-1556";"ROUTER INAL. 2.4ghz R/B (TP-LINK,TENDA,RUIJIE,MERCUSYS,ETC)";"07";"Equipamientos para clientes. ONUs, Routers, Mesh, Decos";"3,000";"0,000";"SPD_RANGER_KNV423";
"475";"EC-1556";"ROUTER INAL. 2.4ghz R/B (TP-LINK,TENDA,RUIJIE,MERCUSYS,ETC)";"07";"Equipamientos para clientes. ONUs, Routers, Mesh, Decos";"7,000";"0,000";"WND-PRINCIPAL";
"475";"EC-1556";"ROUTER INAL. 2.4ghz R/B (TP-LINK,TENDA,RUIJIE,MERCUSYS,ETC)";"07";"Equipamientos para clientes. ONUs, Routers, Mesh, Decos";"1,000";"0,000";"WND_YARIS_AG619SV_OB12";
"475";"EC-1556";"ROUTER INAL. 2.4ghz R/B (TP-LINK,TENDA,RUIJIE,MERCUSYS,ETC)";"07";"Equipamientos para clientes. ONUs, Routers, Mesh, Decos";"4,000";"0,000";"TAVARES_MUW401_FACUNDO";
"475";"EC-1556";"ROUTER INAL. 2.4ghz R/B (TP-LINK,TENDA,RUIJIE,MERCUSYS,ETC)";"07";"Equipamientos para clientes. ONUs, Routers, Mesh, Decos";"5,000";"0,000";"OBE_ALM_DEVOLUCIONES";
"475";"EC-1556";"ROUTER INAL. 2.4ghz R/B (TP-LINK,TENDA,RUIJIE,MERCUSYS,ETC)";"07";"Equipamientos para clientes. ONUs, Routers, Mesh, Decos";"9,000";"0,000";"SPD_ALM_DEVOLUCIONES";
"475";"EC-1556";"ROUTER INAL. 2.4ghz R/B (TP-LINK,TENDA,RUIJIE,MERCUSYS,ETC)";"07";"Equipamientos para clientes. ONUs, Routers, Mesh, Decos";"2,000";"0,000";"3RO_MOV_AC343ZR_TAVARES_DANIEL";
"475";"EC-1556";"ROUTER INAL. 2.4ghz R/B (TP-LINK,TENDA,RUIJIE,MERCUSYS,ETC)";"07";"Equipamientos para clientes. ONUs, Routers, Mesh, Decos";"101,000";"0,000";"SPD_PRINCIPAL";
"475";"EC-1556";"ROUTER INAL. 2.4ghz R/B (TP-LINK,TENDA,RUIJIE,MERCUSYS,ETC)";"07";"Equipamientos para clientes. ONUs, Routers, Mesh, Decos";"1,000";"0,000";"OBE_MOV_AF626DQ_FIORINO_OB08";
"475";"EC-1556";"ROUTER INAL. 2.4ghz R/B (TP-LINK,TENDA,RUIJIE,MERCUSYS,ETC)";"07";"Equipamientos para clientes. ONUs, Routers, Mesh, Decos";"1,000";"0,000";"OBE_MOV_AG619SY_YARIS_OB14";
"475";"EC-1556";"ROUTER INAL. 2.4ghz R/B (TP-LINK,TENDA,RUIJIE,MERCUSYS,ETC)";"07";"Equipamientos para clientes. ONUs, Routers, Mesh, Decos";"3,000";"0,000";"OBE_MOV_AG619SX_YARIS_OB11";
"475";"EC-1556";"ROUTER INAL. 2.4ghz R/B (TP-LINK,TENDA,RUIJIE,MERCUSYS,ETC)";"07";"Equipamientos para clientes. ONUs, Routers, Mesh, Decos";"2,000";"0,000";"OBE_MOV_AA701EZ_CLIO_OB09";
"475";"EC-1556";"ROUTER INAL. 2.4ghz R/B (TP-LINK,TENDA,RUIJIE,MERCUSYS,ETC)";"07";"Equipamientos para clientes. ONUs, Routers, Mesh, Decos";"5,000";"0,000";"OBE_MOV_AF626DO_FIORINO_OB07";
"475";"EC-1556";"ROUTER INAL. 2.4ghz R/B (TP-LINK,TENDA,RUIJIE,MERCUSYS,ETC)";"07";"Equipamientos para clientes. ONUs, Routers, Mesh, Decos";"2,000";"0,000";"OBE_ALM_PRINCIPAL";
"475";"EC-1556";"ROUTER INAL. 2.4ghz R/B (TP-LINK,TENDA,RUIJIE,MERCUSYS,ETC)";"07";"Equipamientos para clientes. ONUs, Routers, Mesh, Decos";"5,000";"0,000";"SPD_ALM_EXTRAV_PRINCIPAL";
"475";"EC-1556";"ROUTER INAL. 2.4ghz R/B (TP-LINK,TENDA,RUIJIE,MERCUSYS,ETC)";"07";"Equipamientos para clientes. ONUs, Routers, Mesh, Decos";"2,000";"0,000";"3RO_MOV_KEO663_TAVARES_CLAUDIO";
"475";"EC-1556";"ROUTER INAL. 2.4ghz R/B (TP-LINK,TENDA,RUIJIE,MERCUSYS,ETC)";"07";"Equipamientos para clientes. ONUs, Routers, Mesh, Decos";"6,000";"0,000";"SPD_FIORINO_AH646PV";
"681";"EC-5090";"ROUTER MESH V.SOL";"07";"Equipamientos para clientes. ONUs, Routers, Mesh, Decos";"3,000";"0,000";"OBE_ALM_PRINCIPAL";
"699";"EC-5104";"TP-LINK CONTROLADOR OMADA (OC300)";"07";"Equipamientos para clientes. ONUs, Routers, Mesh, Decos";"3,000";"0,000";"OBE_ALM_PRINCIPAL";
"558";"EC-4645";"TP-LINK CONTROLADOR OMADA HARDWARE (OC200)";"07";"Equipamientos para clientes. ONUs, Routers, Mesh, Decos";"1,000";"0,000";"Lucas_ Ventas B2B";
"579";"EC-5039";"TP-LINK OMADA EAP615-WALL";"07";"Equipamientos para clientes. ONUs, Routers, Mesh, Decos";"2,000";"0,000";"OBE_ALM_PRINCIPAL";
"579";"EC-5039";"TP-LINK OMADA EAP615-WALL";"07";"Equipamientos para clientes. ONUs, Routers, Mesh, Decos";"2,000";"0,000";"OBE_MOV_AH259TD_FIORINO_OB17";
"871";"EC-5309";"TP-LINK OMADA EAP650 AX3000 AP GIGABIT";"07";"Equipamientos para clientes. ONUs, Routers, Mesh, Decos";"23,000";"0,000";"OBE_ALM_PRINCIPAL";
"865";"EC-5302";"TP-LINK OMADA EAP655-WALL";"07";"Equipamientos para clientes. ONUs, Routers, Mesh, Decos";"28,000";"0,000";"OBE_ALM_PRINCIPAL";
"578";"EC-5038";"TP-LINK OMADA ER7206 ROUTER 5 PORT";"07";"Equipamientos para clientes. ONUs, Routers, Mesh, Decos";"6,000";"0,000";"OBE_ALM_PRINCIPAL";
"577";"EC-5037";"TP-LINK OMADA SG2218P SWITCH 16PORT POE+";"07";"Equipamientos para clientes. ONUs, Routers, Mesh, Decos";"1,000";"0,000";"Lucas_ Ventas B2B";
"577";"EC-5037";"TP-LINK OMADA SG2218P SWITCH 16PORT POE+";"07";"Equipamientos para clientes. ONUs, Routers, Mesh, Decos";"8,000";"0,000";"OBE_ALM_PRINCIPAL";
"476";"EC-3085";"TP-LINK ROUTER INAL. ARCHER C1200 INSTALACIONES C50";"07";"Equipamientos para clientes. ONUs, Routers, Mesh, Decos";"1,000";"0,000";"OBE_MOV_AF626DO_FIORINO_OB07";
"476";"EC-3085";"TP-LINK ROUTER INAL. ARCHER C1200 INSTALACIONES C50";"07";"Equipamientos para clientes. ONUs, Routers, Mesh, Decos";"1,000";"0,000";"OBE_MOV_AG619SX_YARIS_OB11";
"476";"EC-3085";"TP-LINK ROUTER INAL. ARCHER C1200 INSTALACIONES C50";"07";"Equipamientos para clientes. ONUs, Routers, Mesh, Decos";"1,000";"0,000";"OBE_MOV_AF288VL_TOYOTA_OB06";
"694";"EC-5099";"TP-LINK ROUTER TL-WR940N";"07";"Equipamientos para clientes. ONUs, Routers, Mesh, Decos";"21,000";"0,000";"SPD_ALM_DEVOLUCIONES";
"693";"EC-5098";"TP-LINK ROUTER TL-WR941ND";"07";"Equipamientos para clientes. ONUs, Routers, Mesh, Decos";"14,000";"0,000";"SPD_ALM_DEVOLUCIONES";
"522";"EC-3730";"TP-LINK SWITCH 8 PORT TL-SG1008 GIGA";"07";"Equipamientos para clientes. ONUs, Routers, Mesh, Decos";"1,000";"0,000";"Lucas_ Ventas B2B";
"522";"EC-3730";"TP-LINK SWITCH 8 PORT TL-SG1008 GIGA";"07";"Equipamientos para clientes. ONUs, Routers, Mesh, Decos";"7,000";"0,000";"OBE_ALM_PRINCIPAL";
"523";"EC-4573";"TP-LINK SWITCH 8 PORT TL-SG1008P GIGA 4P POE";"07";"Equipamientos para clientes. ONUs, Routers, Mesh, Decos";"1,000";"0,000";"OBE_ALM_PRINCIPAL";
"573";"EC-5036";"TP-LINK SWITCH 8PORT  SMART 4POE+/4POE G/ TL-SG2008P";"07";"Equipamientos para clientes. ONUs, Routers, Mesh, Decos";"10,000";"0,000";"OBE_ALM_PRINCIPAL";
"729";"EC-5113";"TP-LINK SWITCH GIGA TL-SG108PE";"07";"Equipamientos para clientes. ONUs, Routers, Mesh, Decos";"4,000";"0,000";"OBE_ALM_PRINCIPAL";
"911";"EC-5328";"TP-LINK SWITCH OMADA 5-PORT POE+ WITH POE++ IN  TL-SG1005P-PD";"07";"Equipamientos para clientes. ONUs, Routers, Mesh, Decos";"2,000";"0,000";"OBE_ALM_PRINCIPAL";
"545";"EC-4640";"UBIQUITI NANOSTATION AC LOCO";"07";"Equipamientos para clientes. ONUs, Routers, Mesh, Decos";"2,000";"0,000";"SPD_RANGER_KNV423";
"545";"EC-4640";"UBIQUITI NANOSTATION AC LOCO";"07";"Equipamientos para clientes. ONUs, Routers, Mesh, Decos";"2,000";"0,000";"SPD_FIORINO_AH646PV";
"545";"EC-4640";"UBIQUITI NANOSTATION AC LOCO";"07";"Equipamientos para clientes. ONUs, Routers, Mesh, Decos";"1,000";"0,000";"SPD_CORSA_GWT145";
"545";"EC-4640";"UBIQUITI NANOSTATION AC LOCO";"07";"Equipamientos para clientes. ONUs, Routers, Mesh, Decos";"16,000";"0,000";"SPD_PRINCIPAL";
"545";"EC-4640";"UBIQUITI NANOSTATION AC LOCO";"07";"Equipamientos para clientes. ONUs, Routers, Mesh, Decos";"2,000";"0,000";"OBE_ALM_PRINCIPAL";
"545";"EC-4640";"UBIQUITI NANOSTATION AC LOCO";"07";"Equipamientos para clientes. ONUs, Routers, Mesh, Decos";"3,000";"0,000";"SPD_GOL_IZF196";
"615";"EC-1277-U";"UBIQUITI NANOSTATION LOCO5 AIRMAX MIMO 200W(USADO)";"07";"Equipamientos para clientes. ONUs, Routers, Mesh, Decos";"1,000";"0,000";"SPD_ALM_DEVOLUCIONES";
"615";"EC-1277-U";"UBIQUITI NANOSTATION LOCO5 AIRMAX MIMO 200W(USADO)";"07";"Equipamientos para clientes. ONUs, Routers, Mesh, Decos";"16,000";"0,000";"SPD_PRINCIPAL";
"470";"EC-5017";"XN020-G3v";"07";"Equipamientos para clientes. ONUs, Routers, Mesh, Decos";"3,000";"0,000";"SPD_ALM_DEVOLUCIONES";
"472";"EC-4469";"ZTE MESH H196A AP DUAL BAND (TORRE)";"07";"Equipamientos para clientes. ONUs, Routers, Mesh, Decos";"5,000";"0,000";"OBE_MOV_AC325KI_PARTNER_OB04";
"472";"EC-4469";"ZTE MESH H196A AP DUAL BAND (TORRE)";"07";"Equipamientos para clientes. ONUs, Routers, Mesh, Decos";"2,000";"0,000";"ITU_ALM_PRINCIPAL";
"472";"EC-4469";"ZTE MESH H196A AP DUAL BAND (TORRE)";"07";"Equipamientos para clientes. ONUs, Routers, Mesh, Decos";"1,000";"0,000";"WND_ALM_EXTRAV_FIAT-UNO_NCQ134";
"472";"EC-4469";"ZTE MESH H196A AP DUAL BAND (TORRE)";"07";"Equipamientos para clientes. ONUs, Routers, Mesh, Decos";"1,000";"0,000";"WND_ALM_EXTRAV_OB16_AH259TN";
"472";"EC-4469";"ZTE MESH H196A AP DUAL BAND (TORRE)";"07";"Equipamientos para clientes. ONUs, Routers, Mesh, Decos";"3,000";"0,000";"OBE_MOV_AH259TD_FIORINO_OB17";
"472";"EC-4469";"ZTE MESH H196A AP DUAL BAND (TORRE)";"07";"Equipamientos para clientes. ONUs, Routers, Mesh, Decos";"1,000";"0,000";"WND_ALM_EXTRAV_PRINCIPAL";
"472";"EC-4469";"ZTE MESH H196A AP DUAL BAND (TORRE)";"07";"Equipamientos para clientes. ONUs, Routers, Mesh, Decos";"2,000";"0,000";"OBE_ALM_EXTRAV_DANI_OCAMPO";
"472";"EC-4469";"ZTE MESH H196A AP DUAL BAND (TORRE)";"07";"Equipamientos para clientes. ONUs, Routers, Mesh, Decos";"1,000";"0,000";"WND_ALM_DEVOLUCIONES";
"472";"EC-4469";"ZTE MESH H196A AP DUAL BAND (TORRE)";"07";"Equipamientos para clientes. ONUs, Routers, Mesh, Decos";"6,000";"0,000";"OBE_ALM_EXTRAV_EMA_PALCZYKOWSKI";
"472";"EC-4469";"ZTE MESH H196A AP DUAL BAND (TORRE)";"07";"Equipamientos para clientes. ONUs, Routers, Mesh, Decos";"1,000";"0,000";"OBE_FIORINO_AH259TN_OB16";
"472";"EC-4469";"ZTE MESH H196A AP DUAL BAND (TORRE)";"07";"Equipamientos para clientes. ONUs, Routers, Mesh, Decos";"1,000";"0,000";"TAVARES_FIAT-UNO_LEW916";
"472";"EC-4469";"ZTE MESH H196A AP DUAL BAND (TORRE)";"07";"Equipamientos para clientes. ONUs, Routers, Mesh, Decos";"4,000";"0,000";"OBE_MOV_AF626DO_FIORINO_OB07";
"472";"EC-4469";"ZTE MESH H196A AP DUAL BAND (TORRE)";"07";"Equipamientos para clientes. ONUs, Routers, Mesh, Decos";"1,000";"0,000";"OBE_MOV_AG619SX_YARIS_OB11";
"472";"EC-4469";"ZTE MESH H196A AP DUAL BAND (TORRE)";"07";"Equipamientos para clientes. ONUs, Routers, Mesh, Decos";"2,000";"0,000";"OBE_MOV_AG660RM_FIORINO_OB13";
"472";"EC-4469";"ZTE MESH H196A AP DUAL BAND (TORRE)";"07";"Equipamientos para clientes. ONUs, Routers, Mesh, Decos";"2,000";"0,000";"OBE_MOV_AG619SY_YARIS_OB14";
"472";"EC-4469";"ZTE MESH H196A AP DUAL BAND (TORRE)";"07";"Equipamientos para clientes. ONUs, Routers, Mesh, Decos";"5,000";"0,000";"SPD_PRINCIPAL";
"472";"EC-4469";"ZTE MESH H196A AP DUAL BAND (TORRE)";"07";"Equipamientos para clientes. ONUs, Routers, Mesh, Decos";"2,000";"0,000";"WND_ECOSPORT_EWD102";
"472";"EC-4469";"ZTE MESH H196A AP DUAL BAND (TORRE)";"07";"Equipamientos para clientes. ONUs, Routers, Mesh, Decos";"1,000";"0,000";"OCAMPO-MOVIL01";
"472";"EC-4469";"ZTE MESH H196A AP DUAL BAND (TORRE)";"07";"Equipamientos para clientes. ONUs, Routers, Mesh, Decos";"1,000";"0,000";"TAVARES_WWP416_MARBIN";
"472";"EC-4469";"ZTE MESH H196A AP DUAL BAND (TORRE)";"07";"Equipamientos para clientes. ONUs, Routers, Mesh, Decos";"2,000";"0,000";"OBE_AREA_RETIROS_DIEMINGER";
"472";"EC-4469";"ZTE MESH H196A AP DUAL BAND (TORRE)";"07";"Equipamientos para clientes. ONUs, Routers, Mesh, Decos";"2,000";"0,000";"DOSK_FIAT-UNO_NCQ134";
"473";"EC-4531";"ZTE ROUTER WIFI H3601N";"07";"Equipamientos para clientes. ONUs, Routers, Mesh, Decos";"4,000";"0,000";"3RO_MOV_NBF796_ZONAX_ANYELO_01";
"473";"EC-4531";"ZTE ROUTER WIFI H3601N";"07";"Equipamientos para clientes. ONUs, Routers, Mesh, Decos";"3,000";"0,000";"OBE_MOV_AF626DO_FIORINO_OB07";
"473";"EC-4531";"ZTE ROUTER WIFI H3601N";"07";"Equipamientos para clientes. ONUs, Routers, Mesh, Decos";"1,000";"0,000";"OBE_MOV_AA701EZ_CLIO_OB09";
"473";"EC-4531";"ZTE ROUTER WIFI H3601N";"07";"Equipamientos para clientes. ONUs, Routers, Mesh, Decos";"1,000";"0,000";"OBE_MOV_AG619SY_YARIS_OB14";
"473";"EC-4531";"ZTE ROUTER WIFI H3601N";"07";"Equipamientos para clientes. ONUs, Routers, Mesh, Decos";"1,000";"0,000";"SPD_PRINCIPAL";
"473";"EC-4531";"ZTE ROUTER WIFI H3601N";"07";"Equipamientos para clientes. ONUs, Routers, Mesh, Decos";"1,000";"0,000";"WND_YARIS_AG619SV_OB12";
"473";"EC-4531";"ZTE ROUTER WIFI H3601N";"07";"Equipamientos para clientes. ONUs, Routers, Mesh, Decos";"1,000";"0,000";"OCAMPO-MOVIL01";
"473";"EC-4531";"ZTE ROUTER WIFI H3601N";"07";"Equipamientos para clientes. ONUs, Routers, Mesh, Decos";"1,000";"0,000";"OBE_ALM_EXTRAV_EMA_PALCZYKOWSKI";
"473";"EC-4531";"ZTE ROUTER WIFI H3601N";"07";"Equipamientos para clientes. ONUs, Routers, Mesh, Decos";"1,000";"0,000";"WND_AREA_RETIROS_FRANCO";
"473";"EC-4531";"ZTE ROUTER WIFI H3601N";"07";"Equipamientos para clientes. ONUs, Routers, Mesh, Decos";"2,000";"0,000";"WND_ALM_EXTRAV_PRINCIPAL";
"473";"EC-4531";"ZTE ROUTER WIFI H3601N";"07";"Equipamientos para clientes. ONUs, Routers, Mesh, Decos";"1,000";"0,000";"WND_ALM_EXTRAV_FIAT-UNO_NCQ134";
"883";"EC-4531-U";"ZTE ROUTER WIFI H3601N(USADO)";"07";"Equipamientos para clientes. ONUs, Routers, Mesh, Decos";"2,000";"0,000";"ITU_ALM_PRINCIPAL";
"697";"IE-5102";"CAJA PLASTICA RECTANGULAR (PARA AP) (KALCAJCCA02)";"07";"Insumos y materiales de Electricidad";"22,000";"0,000";"OBE_ALM_PRINCIPAL";
"549";"IE-3910";"Interruptor Termomagnético bipolar 15A";"07";"Insumos y materiales de Electricidad";"5,000";"0,000";"SPD_PRINCIPAL";
"549";"IE-3910";"Interruptor Termomagnético bipolar 15A";"07";"Insumos y materiales de Electricidad";"1,000";"0,000";"SPD_RANGER_KNV423";
"698";"IE-5103";"JACK RJ45 P/REDES S/TAPA CAT6 (SCHREDACC04)";"07";"Insumos y materiales de Electricidad";"20,000";"0,000";"OBE_ALM_PRINCIPAL";
"550";"IE-3911";"Protector sobretensión unipolar 40A";"07";"Insumos y materiales de Electricidad";"15,000";"0,000";"SPD_PRINCIPAL";
"760";"MH-5139";"ADAPTADOR HUB 8 EN 1 ETHERNET/HDMI/USB 3.0/ SD Y ENTRADA USB-C DE CAGAR";"07";"Maquinas y Herramientas.";"6,000";"0,000";"OBE_ALM_PRINCIPAL";
"759";"MH-5138";"Adaptador USB C 3.0 a Ethernet UE300C Tp-Link";"07";"Maquinas y Herramientas.";"3,000";"0,000";"OBE_ALM_PRINCIPAL";
"618";"MH-5056";"Alicate Corte Lateral Bahco 2101g-160 Profesional";"07";"Maquinas y Herramientas.";"8,000";"0,000";"OBE_ALM_PRINCIPAL";
"828";"MH-5192";"Aspiradora AS4308";"07";"Maquinas y Herramientas.";"1,000";"0,000";"ITU_ALM_PRINCIPAL";
"585";"MH-5043";"Auricular Hyperx Cloud III";"07";"Maquinas y Herramientas.";"1,000";"0,000";"SPD_PRINCIPAL";
"637";"MH-3869";"AURICULAR XTECH C/MIC (XTS-220)";"07";"Maquinas y Herramientas.";"3,000";"0,000";"OBE_ALM_PRINCIPAL";
"564";"MH-1129";"Batería ''NARUMI'' 12V-7A";"07";"Maquinas y Herramientas.";"10,000";"0,000";"OBE_ALM_PRINCIPAL";
"680";"MH-5089";"BOLSO NEGRO FTTH";"07";"Maquinas y Herramientas.";"6,000";"0,000";"OBE_ALM_PRINCIPAL";
"680";"MH-5089";"BOLSO NEGRO FTTH";"07";"Maquinas y Herramientas.";"3,000";"0,000";"SPD_PRINCIPAL";
"680";"MH-5089";"BOLSO NEGRO FTTH";"07";"Maquinas y Herramientas.";"3,000";"0,000";"WND-PRINCIPAL";
"717";"MH-3743";"BUSCAPOLO PLANO 1000V";"07";"Maquinas y Herramientas.";"1,000";"0,000";"OBE_ALM_PRINCIPAL";
"627";"MH-5061";"CABLE TESTER PARA OTDR 1KM SC-FC";"07";"Maquinas y Herramientas.";"1,000";"0,000";"OBE_ALM_PRINCIPAL";
"847";"MH-5202";"CAJA HEAVY DUTY BLACK PANTHER P/ALMACENAJE 42L";"07";"Maquinas y Herramientas.";"3,000";"0,000";"OBE_ALM_PRINCIPAL";
"846";"MH-5201";"CAJA HERRAMIENTA BLACK PANTHER 16 CERRADURA METAL";"07";"Maquinas y Herramientas.";"3,000";"0,000";"OBE_ALM_PRINCIPAL";
"778";"MH-5146";"CASCO DE SERGURIDAD PARA MOTO";"07";"Maquinas y Herramientas.";"2,000";"0,000";"OBE_ALM_PRINCIPAL";
"771";"MH-5145";"CELULAR XIAOMI REDMI 15C";"07";"Maquinas y Herramientas.";"4,000";"0,000";"OBE_ALM_T-I";
"771";"MH-5145";"CELULAR XIAOMI REDMI 15C";"07";"Maquinas y Herramientas.";"1,000";"0,000";"SPD_PRINCIPAL";
"724";"MH-4195";"CINTA PASACABLE 15MTS";"07";"Maquinas y Herramientas.";"2,000";"0,000";"OBE_ALM_PRINCIPAL";
"562";"MH-5023";"CLEAVER FO ''F2H'' GW-800";"07";"Maquinas y Herramientas.";"15,000";"0,000";"OBE_ALM_PRINCIPAL";
"562";"MH-5023";"CLEAVER FO ''F2H'' GW-800";"07";"Maquinas y Herramientas.";"3,000";"0,000";"SPD_PRINCIPAL";
"562";"MH-5023";"CLEAVER FO ''F2H'' GW-800";"07";"Maquinas y Herramientas.";"1,000";"0,000";"WND-PRINCIPAL";
"679";"MH-5088";"CLEAVER SKL-6C";"07";"Maquinas y Herramientas.";"7,000";"0,000";"OBE_ALM_PRINCIPAL";
"531";"MH-3939";"CLEAVER TAWAA FC-30 ORIENTEK";"07";"Maquinas y Herramientas.";"2,000";"0,000";"WND-PRINCIPAL";
"809";"MH-5177";"CONO 75CM BASE DE GOMA NARANJA";"07";"Maquinas y Herramientas.";"4,000";"0,000";"ELDO_ALM_PRINCIPAL";
"809";"MH-5177";"CONO 75CM BASE DE GOMA NARANJA";"07";"Maquinas y Herramientas.";"4,000";"0,000";"ITU_ALM_PRINCIPAL";
"809";"MH-5177";"CONO 75CM BASE DE GOMA NARANJA";"07";"Maquinas y Herramientas.";"6,000";"0,000";"OBE_ALM_PRINCIPAL";
"723";"MH-4133";"CONO CIUDAD NVA ERA C/BASE C/1 REF 50CM";"07";"Maquinas y Herramientas.";"4,000";"0,000";"OBE_ALM_PRINCIPAL";
"852";"MH-5207";"DESORNILLADO PL 6X150MM";"07";"Maquinas y Herramientas.";"3,000";"0,000";"OBE_ALM_PRINCIPAL";
"850";"MH-5205";"DESTORNILLADOR PH 6X150MM";"07";"Maquinas y Herramientas.";"3,000";"0,000";"OBE_ALM_PRINCIPAL";
"894";"MH-5304";"Disco HDD 8tb WD Purple 3.5";"07";"Maquinas y Herramientas.";"1,000";"0,000";"OBE_ALM_T-I";
"918";"MH-5335";"DISCO IRON WOLF 4TB (DATA CENTER)";"07";"Maquinas y Herramientas.";"4,000";"0,000";"OBE_ALM_PRINCIPAL";
"917";"MH-5334";"DISCO SSD 480GB DC600M (DATA CENTER)";"07";"Maquinas y Herramientas.";"2,000";"0,000";"OBE_ALM_PRINCIPAL";
"624";"MH-5059";"ESCALERAS TIJERA SIMPLE FIBRA DIELECTRICA/1.5MTS/5 ESCALONES/TAF5";"07";"Maquinas y Herramientas.";"2,000";"0,000";"ITU_ALM_PRINCIPAL";
"624";"MH-5059";"ESCALERAS TIJERA SIMPLE FIBRA DIELECTRICA/1.5MTS/5 ESCALONES/TAF5";"07";"Maquinas y Herramientas.";"2,000";"0,000";"ELDO_ALM_PRINCIPAL";
"533";"MH-4092";"FO PELADORA VAINA 8PK-325(VERDE)";"07";"Maquinas y Herramientas.";"13,000";"0,000";"OBE_ALM_PRINCIPAL";
"533";"MH-4092";"FO PELADORA VAINA 8PK-325(VERDE)";"07";"Maquinas y Herramientas.";"3,000";"0,000";"SPD_PRINCIPAL";
"533";"MH-4092";"FO PELADORA VAINA 8PK-325(VERDE)";"07";"Maquinas y Herramientas.";"1,000";"1,000";"SPD_RANGER_KNV423";
"533";"MH-4092";"FO PELADORA VAINA 8PK-325(VERDE)";"07";"Maquinas y Herramientas.";"1,000";"0,000";"WND-PRINCIPAL";
"833";"MH-5197";"FUSIONADORA ORIENTEK T45";"07";"Maquinas y Herramientas.";"2,000";"0,000";"OBE_ALM_PRINCIPAL";
"866";"MH-5303";"IMPRESORA EPSON L3250 WIFI";"07";"Maquinas y Herramientas.";"2,000";"0,000";"OBE_ALM_T-I";
"820";"MH-5184";"IMPRESORA HP SMART TANK 210 WIRELESS";"07";"Maquinas y Herramientas.";"1,000";"0,000";"OBE_ALM_PRINCIPAL";
"687";"MH-4623";"Kit Herramientas Nappo NHK053 159P";"07";"Maquinas y Herramientas.";"2,000";"0,000";"OBE_ALM_PRINCIPAL";
"678";"MH-5087";"LASER FTTH";"07";"Maquinas y Herramientas.";"1,000";"0,000";"WND-PRINCIPAL";
"678";"MH-5087";"LASER FTTH";"07";"Maquinas y Herramientas.";"1,000";"2,000";"SPD_CORSA_GWT145";
"678";"MH-5087";"LASER FTTH";"07";"Maquinas y Herramientas.";"2,000";"0,000";"SPD_PRINCIPAL";
"678";"MH-5087";"LASER FTTH";"07";"Maquinas y Herramientas.";"7,000";"0,000";"OBE_ALM_PRINCIPAL";
"854";"MH-5209";"LUBRICANTE AEROSOL WD-40 X 311GRS";"07";"Maquinas y Herramientas.";"1,000";"0,000";"OBE_ALM_T-I";
"854";"MH-5209";"LUBRICANTE AEROSOL WD-40 X 311GRS";"07";"Maquinas y Herramientas.";"4,000";"0,000";"OBE_ALM_PRINCIPAL";
"855";"MH-5210";"LUBRICANTE LIMPIA CONTACTO PNT AEROSOL X 419CC";"07";"Maquinas y Herramientas.";"5,000";"0,000";"OBE_ALM_T-I";
"725";"MH-3722";"MACHETE";"07";"Maquinas y Herramientas.";"2,000";"0,000";"OBE_ALM_PRINCIPAL";
"704";"MH-3796";"MARTILLO MEDIANO 450G";"07";"Maquinas y Herramientas.";"3,000";"0,000";"OBE_ALM_PRINCIPAL";
"848";"MH-5203";"MECHA P/MADERA BREMEN LARGO 8MM X 18";"07";"Maquinas y Herramientas.";"2,000";"0,000";"OBE_ALM_PRINCIPAL";
"720";"MH-3720";"MECHA PARA PARED(CONCRETO)  8X400 WIDIA LARGA";"07";"Maquinas y Herramientas.";"7,000";"0,000";"OBE_ALM_PRINCIPAL";
"726";"MH-4218";"MECHA WIDIA PARA CONCRETO 6MM CORTA";"07";"Maquinas y Herramientas.";"14,000";"0,000";"OBE_ALM_PRINCIPAL";
"859";"MH-5214";"MECHA WIDIA PARA CONCRETO 8MM CORTA";"07";"Maquinas y Herramientas.";"12,000";"0,000";"OBE_ALM_PRINCIPAL";
"566";"MH-5030";"Monitor LG 24 100hz";"07";"Maquinas y Herramientas.";"6,000";"0,000";"OBE_ALM_T-I";
"757";"MH-5136";"Monitor Philips 27 272V8LA/55 Full HD";"07";"Maquinas y Herramientas.";"1,000";"0,000";"OBE_ALM_T-I";
"730";"MH-5114";"MONITOR SAMSUNG 27 D300";"07";"Maquinas y Herramientas.";"1,000";"0,000";"OBE_ALM_PRINCIPAL";
"772";"MH-5148";"MOUSE PAD PARA PERSONAL DE OBERCOM 30X25";"07";"Maquinas y Herramientas.";"8,000";"0,000";"OBE_ALM_T-I";
"772";"MH-5148";"MOUSE PAD PARA PERSONAL DE OBERCOM 30X25";"07";"Maquinas y Herramientas.";"39,000";"0,000";"OBE_ALM_PRINCIPAL";
"860";"MH-5215";"NOTEBOOK HP 255 G10 R3-7330U/16GB/512SSD";"07";"Maquinas y Herramientas.";"1,000";"0,000";"OBE_ALM_T-I";
"861";"MH-5216";"NOTEBOOK HP 255 G10 R7-7735U 16GB/512SSD";"07";"Maquinas y Herramientas.";"2,000";"0,000";"OBE_ALM_T-I";
"869";"MH-5307";"NOTEBOOK LENOVO 15.6 R5/16GB/512SSD";"07";"Maquinas y Herramientas.";"3,000";"0,000";"OBE_ALM_T-I";
"770";"MH-5144";"NOTEBOOK LENOVO IDEAPAD I5-1335U/16GB/256GB SSD /15.6 FHD";"07";"Maquinas y Herramientas.";"1,000";"0,000";"ELDO_ALM_PRINCIPAL";
"568";"MH-5032";"Notebook Lenovo Ryzen5/16ram/512ssd";"07";"Maquinas y Herramientas.";"2,000";"0,000";"OBE_ALM_PRINCIPAL";
"742";"MH-5125";"NOTEBOOK LENOVO V15 G4 AMD R3 7320U/16RAM/512SSD/15.6";"07";"Maquinas y Herramientas.";"1,000";"0,000";"SPD_PRINCIPAL";
"856";"MH-5211";"ORGANIZADOR BLACK PANTHER 267 X 157 X 262";"07";"Maquinas y Herramientas.";"1,000";"0,000";"OBE_ALM_PRINCIPAL";
"628";"MH-5060";"OTDR TR600-P 2 SS2 1310-1550-1625";"07";"Maquinas y Herramientas.";"1,000";"0,000";"OBE_ALM_PRINCIPAL";
"719";"MH-4425";"PELACABLE PARA CABLE COAXIAL";"07";"Maquinas y Herramientas.";"13,000";"0,000";"OBE_ALM_PRINCIPAL";
"719";"MH-4425";"PELACABLE PARA CABLE COAXIAL";"07";"Maquinas y Herramientas.";"3,000";"0,000";"SPD_PRINCIPAL";
"719";"MH-4425";"PELACABLE PARA CABLE COAXIAL";"07";"Maquinas y Herramientas.";"1,000";"0,000";"SPD_KANGOO_LDM961";
"719";"MH-4425";"PELACABLE PARA CABLE COAXIAL";"07";"Maquinas y Herramientas.";"1,000";"0,000";"WND-PRINCIPAL";
"719";"MH-4425";"PELACABLE PARA CABLE COAXIAL";"07";"Maquinas y Herramientas.";"1,000";"0,000";"ITU_ALM_PRINCIPAL";
"620";"MH-4190";"PELADORA DE FO P/FTTH (GW119)";"07";"Maquinas y Herramientas.";"9,000";"0,000";"OBE_ALM_PRINCIPAL";
"718";"MH-4293";"PINZA COMPRESION CABLE COAXIAL RG6";"07";"Maquinas y Herramientas.";"1,000";"0,000";"WND-PRINCIPAL";
"718";"MH-4293";"PINZA COMPRESION CABLE COAXIAL RG6";"07";"Maquinas y Herramientas.";"1,000";"0,000";"ITU_ALM_PRINCIPAL";
"718";"MH-4293";"PINZA COMPRESION CABLE COAXIAL RG6";"07";"Maquinas y Herramientas.";"1,000";"1,000";"SPD_KANGOO_LDM961";
"718";"MH-4293";"PINZA COMPRESION CABLE COAXIAL RG6";"07";"Maquinas y Herramientas.";"3,000";"0,000";"SPD_PRINCIPAL";
"718";"MH-4293";"PINZA COMPRESION CABLE COAXIAL RG6";"07";"Maquinas y Herramientas.";"14,000";"0,000";"OBE_ALM_PRINCIPAL";
"715";"MH-3258";"PINZA CRIMPEADORA RJ45";"07";"Maquinas y Herramientas.";"1,000";"0,000";"ITU_ALM_PRINCIPAL";
"676";"MH-5085";"PINZA DECAPADORA(AMARILLA)";"07";"Maquinas y Herramientas.";"1,000";"0,000";"WND-PRINCIPAL";
"676";"MH-5085";"PINZA DECAPADORA(AMARILLA)";"07";"Maquinas y Herramientas.";"3,000";"0,000";"SPD_PRINCIPAL";
"676";"MH-5085";"PINZA DECAPADORA(AMARILLA)";"07";"Maquinas y Herramientas.";"19,000";"0,000";"OBE_ALM_PRINCIPAL";
"703";"MH-4226";"PINZA UNIVERSAL 6";"07";"Maquinas y Herramientas.";"1,000";"0,000";"OBE_ALM_PRINCIPAL";
"849";"MH-5204";"PINZA UNIVERSAL 8";"07";"Maquinas y Herramientas.";"2,000";"0,000";"OBE_ALM_PRINCIPAL";
"702";"MH-4538";"POWER METER PON 1310/1490/1550 WIRETECH";"07";"Maquinas y Herramientas.";"1,000";"0,000";"ITU_ALM_PRINCIPAL";
"702";"MH-4538";"POWER METER PON 1310/1490/1550 WIRETECH";"07";"Maquinas y Herramientas.";"7,000";"0,000";"OBE_ALM_PRINCIPAL";
"702";"MH-4538";"POWER METER PON 1310/1490/1550 WIRETECH";"07";"Maquinas y Herramientas.";"1,000";"0,000";"WND-PRINCIPAL";
"702";"MH-4538";"POWER METER PON 1310/1490/1550 WIRETECH";"07";"Maquinas y Herramientas.";"1,000";"0,000";"SPD_KANGOO_LDM961";
"702";"MH-4538";"POWER METER PON 1310/1490/1550 WIRETECH";"07";"Maquinas y Herramientas.";"1,000";"0,000";"SPD_PRINCIPAL";
"621";"MH-4098";"POWERMETTER - MEDIDOR DE POTENCIA";"07";"Maquinas y Herramientas.";"1,000";"0,000";"SPD_PRINCIPAL";
"621";"MH-4098";"POWERMETTER - MEDIDOR DE POTENCIA";"07";"Maquinas y Herramientas.";"1,000";"0,000";"SPD_GOL_IZF196";
"831";"MH-5195";"SILLA ATENCION PERSONALIZADA";"07";"Maquinas y Herramientas.";"1,000";"0,000";"OBE_ALM_PRINCIPAL";
"827";"MH-5191";"Silla de escritorio para cajera";"07";"Maquinas y Herramientas.";"1,000";"0,000";"OBE_ALM_PRINCIPAL";
"791";"MH-5161";"Silla para cliente(tapizado: malla de poliéster";"07";"Maquinas y Herramientas.";"2,000";"0,000";"ELDO_ALM_PRINCIPAL";
"826";"MH-5190";"Smart  TV 50 QUINT";"07";"Maquinas y Herramientas.";"2,000";"0,000";"OBE_ALM_PRINCIPAL";
"797";"MH-5165";"SOPORTE DE TV  MOVIL 14-55";"07";"Maquinas y Herramientas.";"4,000";"0,000";"OBE_ALM_PRINCIPAL";
"567";"MH-5031";"Soporte-base para Notebook";"07";"Maquinas y Herramientas.";"2,000";"0,000";"OBE_ALM_PRINCIPAL";
"708";"MH-3719";"TALADRO C/PERCUTOR (ULTIMATE)";"07";"Maquinas y Herramientas.";"1,000";"0,000";"OBE_ALM_PRINCIPAL";
"570";"MH-5034";"Teclado + mouse Logitech inalámbrico";"07";"Maquinas y Herramientas.";"10,000";"0,000";"OBE_ALM_T-I";
"570";"MH-5034";"Teclado + mouse Logitech inalámbrico";"07";"Maquinas y Herramientas.";"8,000";"0,000";"OBE_ALM_PRINCIPAL";
"677";"MH-5086";"TIJERA FIBRA";"07";"Maquinas y Herramientas.";"5,000";"0,000";"OBE_ALM_PRINCIPAL";
"796";"MH-5160";"TV QUINT VIDAA 43 SMART FHD";"07";"Maquinas y Herramientas.";"1,000";"0,000";"OBE_ALM_PRINCIPAL";
"884";"MH-5217";"WIRELESS CÁMARA HIKVISION DOMO 2MP DS-2DE2C200MWG";"07";"Maquinas y Herramientas.";"2,000";"0,000";"OBE_ALM_T-I";
"908";"MH-5325";"WIRELESS CÁMARA HIKVISION DOMO 4MP DS-2DE2C400MWG";"07";"Maquinas y Herramientas.";"1,000";"0,000";"OBE_ALM_T-I";
"889";"MH-5221";"WIRELESS SENSOR DE MOVIMIENTO HIKVISION DS-PDP15P-EG2- WB";"07";"Maquinas y Herramientas.";"1,000";"0,000";"OBE_ALM_T-I";
"783";"MH-5152";"XIAOMI REDMI NOTE 14";"07";"Maquinas y Herramientas.";"1,000";"0,000";"OBE_ALM_T-I";
"783";"MH-5152";"XIAOMI REDMI NOTE 14";"07";"Maquinas y Herramientas.";"3,000";"0,000";"WND-PRINCIPAL";
"783";"MH-5152";"XIAOMI REDMI NOTE 14";"07";"Maquinas y Herramientas.";"5,000";"0,000";"OBE_ALM_PRINCIPAL";
"858";"MH-5213";"ZORRA BLACK PANTHER 2000KG";"07";"Maquinas y Herramientas.";"1,000";"0,000";"OBE_ALM_PRINCIPAL";
"8";"MR-2640";"ACOPLE APC (CONECTOR SC-APC HEMBRA/HEMBRA)";"07";"Materiales consumibles de Redes. FO, UTP,  NAP.";"6,000";"0,000";"OBE_FIORINO_AH259TN_OB16";
"8";"MR-2640";"ACOPLE APC (CONECTOR SC-APC HEMBRA/HEMBRA)";"07";"Materiales consumibles de Redes. FO, UTP,  NAP.";"146,000";"0,000";"WND-PRINCIPAL";
"8";"MR-2640";"ACOPLE APC (CONECTOR SC-APC HEMBRA/HEMBRA)";"07";"Materiales consumibles de Redes. FO, UTP,  NAP.";"9,000";"0,000";"SPD_PRINCIPAL";
"8";"MR-2640";"ACOPLE APC (CONECTOR SC-APC HEMBRA/HEMBRA)";"07";"Materiales consumibles de Redes. FO, UTP,  NAP.";"2,000";"0,000";"OBE_ALM_PRINCIPAL";
"682";"MR-2610-U";"BOTELLA EMPALME 36 HILOS (USADO)";"07";"Materiales consumibles de Redes. FO, UTP,  NAP.";"5,000";"0,000";"OBE_ALM_PRINCIPAL";
"5";"MR-2566";"BOTELLA EMPALME 48 HILOS";"07";"Materiales consumibles de Redes. FO, UTP,  NAP.";"15,000";"0,000";"OBE_ALM_PRINCIPAL";
"5";"MR-2566";"BOTELLA EMPALME 48 HILOS";"07";"Materiales consumibles de Redes. FO, UTP,  NAP.";"47,000";"0,000";"ITU_ALM_PRINCIPAL";
"5";"MR-2566";"BOTELLA EMPALME 48 HILOS";"07";"Materiales consumibles de Redes. FO, UTP,  NAP.";"3,000";"0,000";"3RO_PROY_OBRA_BYTE-CARLOS";
"5";"MR-2566";"BOTELLA EMPALME 48 HILOS";"07";"Materiales consumibles de Redes. FO, UTP,  NAP.";"1,000";"0,000";"OBE_FIORINO_AH259TN_OB16";
"5";"MR-2566";"BOTELLA EMPALME 48 HILOS";"07";"Materiales consumibles de Redes. FO, UTP,  NAP.";"13,000";"0,000";"SPD_PRINCIPAL";
"5";"MR-2566";"BOTELLA EMPALME 48 HILOS";"07";"Materiales consumibles de Redes. FO, UTP,  NAP.";"8,000";"0,000";"OBE_MOV_AF288VL_TOYOTA_OB06";
"5";"MR-2566";"BOTELLA EMPALME 48 HILOS";"07";"Materiales consumibles de Redes. FO, UTP,  NAP.";"1,000";"0,000";"OBE_MOV_AF626DQ_FIORINO_OB08";
"5";"MR-2566";"BOTELLA EMPALME 48 HILOS";"07";"Materiales consumibles de Redes. FO, UTP,  NAP.";"1,000";"0,000";"OBE_ALM_CATRIEL";
"5";"MR-2566";"BOTELLA EMPALME 48 HILOS";"07";"Materiales consumibles de Redes. FO, UTP,  NAP.";"1,000";"0,000";"OBE_ALM_REDES";
"5";"MR-2566";"BOTELLA EMPALME 48 HILOS";"07";"Materiales consumibles de Redes. FO, UTP,  NAP.";"96,000";"0,000";"ELDO_ALM_PRINCIPAL";
"920";"MR-5337";"CABLE COAXIAL RG59 ARMADO X 15MTS";"07";"Materiales consumibles de Redes. FO, UTP,  NAP.";"36,000";"0,000";"OBE_ALM_PRINCIPAL";
"43";"MR-4492";"CABLE COAXIAL RG6";"02";"Materiales consumibles de Redes. FO, UTP,  NAP.";"247,000";"0,000";"3RO_MOV_KEO663_TAVARES_CLAUDIO";
"43";"MR-4492";"CABLE COAXIAL RG6";"02";"Materiales consumibles de Redes. FO, UTP,  NAP.";"335,000";"0,000";"3RO_MOV_DAX488_ZONAX_ABEL_03";
"43";"MR-4492";"CABLE COAXIAL RG6";"02";"Materiales consumibles de Redes. FO, UTP,  NAP.";"36,000";"0,000";"WND_ALM_EXTRAV_OB16_AH259TN";
"43";"MR-4492";"CABLE COAXIAL RG6";"02";"Materiales consumibles de Redes. FO, UTP,  NAP.";"915,000";"0,000";"ELDO_ALM_PRINCIPAL";
"43";"MR-4492";"CABLE COAXIAL RG6";"02";"Materiales consumibles de Redes. FO, UTP,  NAP.";"457,000";"0,000";"ITU_ALM_PRINCIPAL";
"43";"MR-4492";"CABLE COAXIAL RG6";"02";"Materiales consumibles de Redes. FO, UTP,  NAP.";"79,000";"0,000";"OBE_MOV_AH259TD_FIORINO_OB17";
"43";"MR-4492";"CABLE COAXIAL RG6";"02";"Materiales consumibles de Redes. FO, UTP,  NAP.";"209,000";"0,000";"SPD_PEUGEOT206_FHB226";
"43";"MR-4492";"CABLE COAXIAL RG6";"02";"Materiales consumibles de Redes. FO, UTP,  NAP.";"50,000";"0,000";"ELDO_MOVIL_AH646PT_FIORINO";
"43";"MR-4492";"CABLE COAXIAL RG6";"02";"Materiales consumibles de Redes. FO, UTP,  NAP.";"235,000";"0,000";"ITU_MOV_AH864NB_FIORINO_OB-23";
"43";"MR-4492";"CABLE COAXIAL RG6";"02";"Materiales consumibles de Redes. FO, UTP,  NAP.";"262,000";"0,000";"3RO_MOV_AD874FY_FIORINO_ZONAX_EZEQUIEL_04";
"43";"MR-4492";"CABLE COAXIAL RG6";"02";"Materiales consumibles de Redes. FO, UTP,  NAP.";"281,000";"0,000";"DOSK_FIAT-PALIO_OUE911";
"43";"MR-4492";"CABLE COAXIAL RG6";"02";"Materiales consumibles de Redes. FO, UTP,  NAP.";"175,000";"0,000";"OBE_MOV_AG660RM_FIORINO_OB13";
"43";"MR-4492";"CABLE COAXIAL RG6";"02";"Materiales consumibles de Redes. FO, UTP,  NAP.";"312,000";"0,000";"OBE_MOV_AG619SY_YARIS_OB14";
"43";"MR-4492";"CABLE COAXIAL RG6";"02";"Materiales consumibles de Redes. FO, UTP,  NAP.";"913,000";"0,000";"SPD_PRINCIPAL";
"43";"MR-4492";"CABLE COAXIAL RG6";"02";"Materiales consumibles de Redes. FO, UTP,  NAP.";"297,000";"0,000";"SPD_CORSA_GWT145";
"43";"MR-4492";"CABLE COAXIAL RG6";"02";"Materiales consumibles de Redes. FO, UTP,  NAP.";"255,000";"0,000";"SPD_FIORINO_AE226IV";
"43";"MR-4492";"CABLE COAXIAL RG6";"02";"Materiales consumibles de Redes. FO, UTP,  NAP.";"158,000";"0,000";"3RO_MOV_LUZ110_ZONAX_PETRY_02";
"43";"MR-4492";"CABLE COAXIAL RG6";"02";"Materiales consumibles de Redes. FO, UTP,  NAP.";"0,500";"0,000";"SPD_KANGOO_AE071VE";
"43";"MR-4492";"CABLE COAXIAL RG6";"02";"Materiales consumibles de Redes. FO, UTP,  NAP.";"2145,000";"0,000";"OBE_ALM_PRINCIPAL";
"43";"MR-4492";"CABLE COAXIAL RG6";"02";"Materiales consumibles de Redes. FO, UTP,  NAP.";"80,000";"0,000";"OBE_ALM_REDES";
"43";"MR-4492";"CABLE COAXIAL RG6";"02";"Materiales consumibles de Redes. FO, UTP,  NAP.";"290,000";"0,000";"OBE_MOV_AC325KI_PARTNER_OB04";
"43";"MR-4492";"CABLE COAXIAL RG6";"02";"Materiales consumibles de Redes. FO, UTP,  NAP.";"240,000";"0,000";"OBE_MOV_AF626DO_FIORINO_OB07";
"43";"MR-4492";"CABLE COAXIAL RG6";"02";"Materiales consumibles de Redes. FO, UTP,  NAP.";"71,000";"0,000";"OBE_MOV_AA701EZ_CLIO_OB09";
"43";"MR-4492";"CABLE COAXIAL RG6";"02";"Materiales consumibles de Redes. FO, UTP,  NAP.";"305,000";"0,000";"OBE_MOV_AF645TX_BERLINGO_OB10";
"43";"MR-4492";"CABLE COAXIAL RG6";"02";"Materiales consumibles de Redes. FO, UTP,  NAP.";"57,000";"0,000";"DOSK_FIAT-PALIO_NUU379";
"43";"MR-4492";"CABLE COAXIAL RG6";"02";"Materiales consumibles de Redes. FO, UTP,  NAP.";"305,000";"0,000";"WND-PRINCIPAL";
"43";"MR-4492";"CABLE COAXIAL RG6";"02";"Materiales consumibles de Redes. FO, UTP,  NAP.";"367,000";"0,000";"WND_ECOSPORT_EWD102";
"43";"MR-4492";"CABLE COAXIAL RG6";"02";"Materiales consumibles de Redes. FO, UTP,  NAP.";"298,000";"0,000";"WND_YARIS_AG619SV_OB12";
"43";"MR-4492";"CABLE COAXIAL RG6";"02";"Materiales consumibles de Redes. FO, UTP,  NAP.";"305,000";"0,000";"ELECTROTECNIA-MOVIL-02";
"43";"MR-4492";"CABLE COAXIAL RG6";"02";"Materiales consumibles de Redes. FO, UTP,  NAP.";"315,000";"0,000";"OCAMPO-MOVIL01";
"43";"MR-4492";"CABLE COAXIAL RG6";"02";"Materiales consumibles de Redes. FO, UTP,  NAP.";"126,000";"0,000";"TAVARES_WWP416_MARBIN";
"43";"MR-4492";"CABLE COAXIAL RG6";"02";"Materiales consumibles de Redes. FO, UTP,  NAP.";"136,000";"0,000";"SPD_KANGOO_LDM961";
"43";"MR-4492";"CABLE COAXIAL RG6";"02";"Materiales consumibles de Redes. FO, UTP,  NAP.";"374,000";"0,000";"TAVARES_MUW401_FACUNDO";
"43";"MR-4492";"CABLE COAXIAL RG6";"02";"Materiales consumibles de Redes. FO, UTP,  NAP.";"140,000";"0,000";"TAVARES_BUJ117_AGUSTIN";
"43";"MR-4492";"CABLE COAXIAL RG6";"02";"Materiales consumibles de Redes. FO, UTP,  NAP.";"183,000";"0,000";"TAVARES_FIAT-UNO_LEW916";
"43";"MR-4492";"CABLE COAXIAL RG6";"02";"Materiales consumibles de Redes. FO, UTP,  NAP.";"232,000";"0,000";"TAVARES_FIAT-UNO_FZD571";
"43";"MR-4492";"CABLE COAXIAL RG6";"02";"Materiales consumibles de Redes. FO, UTP,  NAP.";"192,000";"0,000";"DOSK_FIAT-UNO_NCQ134";
"43";"MR-4492";"CABLE COAXIAL RG6";"02";"Materiales consumibles de Redes. FO, UTP,  NAP.";"284,000";"0,000";"SPD_FIORINO_AH646PV";
"43";"MR-4492";"CABLE COAXIAL RG6";"02";"Materiales consumibles de Redes. FO, UTP,  NAP.";"236,000";"0,000";"OBE_FIORINO_AH259TN_OB16";
"43";"MR-4492";"CABLE COAXIAL RG6";"02";"Materiales consumibles de Redes. FO, UTP,  NAP.";"356,000";"0,000";"SPD_FIATUNO_JQL437";
"43";"MR-4492";"CABLE COAXIAL RG6";"02";"Materiales consumibles de Redes. FO, UTP,  NAP.";"152,000";"0,000";"Lucas_ Ventas B2B";
"43";"MR-4492";"CABLE COAXIAL RG6";"02";"Materiales consumibles de Redes. FO, UTP,  NAP.";"422,000";"0,000";"OBE_MOV_AG619SX_YARIS_OB11";
"43";"MR-4492";"CABLE COAXIAL RG6";"02";"Materiales consumibles de Redes. FO, UTP,  NAP.";"1312,000";"0,000";"3RO_MOV_NBF796_ZONAX_ANYELO_01";
"43";"MR-4492";"CABLE COAXIAL RG6";"02";"Materiales consumibles de Redes. FO, UTP,  NAP.";"309,000";"0,000";"3RO_MOV_AC343ZR_TAVARES_DANIEL";
"43";"MR-4492";"CABLE COAXIAL RG6";"02";"Materiales consumibles de Redes. FO, UTP,  NAP.";"50,000";"0,000";"OBE_ALM_EXTRAV_EMA_PALCZYKOWSKI";
"43";"MR-4492";"CABLE COAXIAL RG6";"02";"Materiales consumibles de Redes. FO, UTP,  NAP.";"18,000";"0,000";"OBE_ALM_EXTRAV_OB14_FACUNDO_MANCINI";
"822";"MR-5186";"CABLE OPTICO ASU 12H SPAN100 X mts (bobina 5KM)";"07";"Materiales consumibles de Redes. FO, UTP,  NAP.";"45000,000";"0,000";"ELDO_ALM_PRINCIPAL";
"822";"MR-5186";"CABLE OPTICO ASU 12H SPAN100 X mts (bobina 5KM)";"07";"Materiales consumibles de Redes. FO, UTP,  NAP.";"30000,000";"0,000";"ITU_ALM_PRINCIPAL";
"822";"MR-5186";"CABLE OPTICO ASU 12H SPAN100 X mts (bobina 5KM)";"07";"Materiales consumibles de Redes. FO, UTP,  NAP.";"3700,000";"0,000";"3RO_PROY_OBRA_BYTE-CARLOS";
"822";"MR-5186";"CABLE OPTICO ASU 12H SPAN100 X mts (bobina 5KM)";"07";"Materiales consumibles de Redes. FO, UTP,  NAP.";"105,000";"0,000";"OBE_MOV_AC301UR_PARTNER_OB05";
"822";"MR-5186";"CABLE OPTICO ASU 12H SPAN100 X mts (bobina 5KM)";"07";"Materiales consumibles de Redes. FO, UTP,  NAP.";"3834,000";"0,000";"OBE_ALM_REDES";
"821";"MR-5185";"CABLE OPTICO ASU 6H SPAN100 X Mts (bobina 5km)";"07";"Materiales consumibles de Redes. FO, UTP,  NAP.";"40000,000";"0,000";"ELDO_ALM_PRINCIPAL";
"821";"MR-5185";"CABLE OPTICO ASU 6H SPAN100 X Mts (bobina 5km)";"07";"Materiales consumibles de Redes. FO, UTP,  NAP.";"6500,000";"0,000";"3RO_PROY_OBRA_BYTE-CARLOS";
"821";"MR-5185";"CABLE OPTICO ASU 6H SPAN100 X Mts (bobina 5km)";"07";"Materiales consumibles de Redes. FO, UTP,  NAP.";"3769,000";"0,000";"OBE_ALM_REDES";
"20";"MR-4250";"CABLE OPTICO CFOA AS80 ADDS 24F X MTS";"02";"Materiales consumibles de Redes. FO, UTP,  NAP.";"2177,000";"0,000";"OBE_FIORINO_AH259TN_OB16";
"20";"MR-4250";"CABLE OPTICO CFOA AS80 ADDS 24F X MTS";"02";"Materiales consumibles de Redes. FO, UTP,  NAP.";"2594,000";"0,000";"WND-PRINCIPAL";
"7";"MR-2608";"CABLE OPTICO CFOA-SM-AS120 MINI-RA 24F X MTS";"02";"Materiales consumibles de Redes. FO, UTP,  NAP.";"83990,000";"0,000";"ELDO_ALM_PRINCIPAL";
"7";"MR-2608";"CABLE OPTICO CFOA-SM-AS120 MINI-RA 24F X MTS";"02";"Materiales consumibles de Redes. FO, UTP,  NAP.";"8000,000";"4327,000";"NordesteTelecomunicaciones_ALM_Tercero_ITU";
"7";"MR-2608";"CABLE OPTICO CFOA-SM-AS120 MINI-RA 24F X MTS";"02";"Materiales consumibles de Redes. FO, UTP,  NAP.";"4000,000";"0,000";"ITU_ALM_PRINCIPAL";
"7";"MR-2608";"CABLE OPTICO CFOA-SM-AS120 MINI-RA 24F X MTS";"02";"Materiales consumibles de Redes. FO, UTP,  NAP.";"1592,000";"0,000";"3RO_PROY_OBRA_BYTE-CARLOS";
"7";"MR-2608";"CABLE OPTICO CFOA-SM-AS120 MINI-RA 24F X MTS";"02";"Materiales consumibles de Redes. FO, UTP,  NAP.";"1533,000";"0,000";"SPD_PRINCIPAL";
"7";"MR-2608";"CABLE OPTICO CFOA-SM-AS120 MINI-RA 24F X MTS";"02";"Materiales consumibles de Redes. FO, UTP,  NAP.";"10780,000";"0,000";"OBE_ALM_CATRIEL";
"7";"MR-2608";"CABLE OPTICO CFOA-SM-AS120 MINI-RA 24F X MTS";"02";"Materiales consumibles de Redes. FO, UTP,  NAP.";"3110,000";"0,000";"OBE_ALM_REDES";
"766";"MR-5140";"CABLE OPTICO CFOA-SM-AS120(multibuffer) MINI-RA 48F X MTS";"07";"Materiales consumibles de Redes. FO, UTP,  NAP.";"3190,000";"0,000";"OBE_ALM_REDES";
"766";"MR-5140";"CABLE OPTICO CFOA-SM-AS120(multibuffer) MINI-RA 48F X MTS";"07";"Materiales consumibles de Redes. FO, UTP,  NAP.";"60,000";"0,000";"OBE_MOV_AC301UR_PARTNER_OB05";
"13";"MR-3548";"CABLE OPTICO CFOA-SM-AS80 MINI-RA 06F X MTS";"02";"Materiales consumibles de Redes. FO, UTP,  NAP.";"48000,000";"14294,000";"NordesteTelecomunicaciones_ALM_Tercero_ITU";
"13";"MR-3548";"CABLE OPTICO CFOA-SM-AS80 MINI-RA 06F X MTS";"02";"Materiales consumibles de Redes. FO, UTP,  NAP.";"91,000";"0,000";"SPD_RANGER_KNV423";
"13";"MR-3548";"CABLE OPTICO CFOA-SM-AS80 MINI-RA 06F X MTS";"02";"Materiales consumibles de Redes. FO, UTP,  NAP.";"1471,000";"0,000";"SPD_PRINCIPAL";
"16";"MR-3898";"CABLE OPTICO CFOA-SM-AS80 MINI-RA 48F X MTS";"02";"Materiales consumibles de Redes. FO, UTP,  NAP.";"1941,000";"0,000";"SPD_PRINCIPAL";
"18";"MR-4162";"CABLE OPTICO CFOA-SM-AS80-MINI RA 12F";"02";"Materiales consumibles de Redes. FO, UTP,  NAP.";"1278,000";"0,000";"OBE_MOV_AF288VL_TOYOTA_OB06";
"18";"MR-4162";"CABLE OPTICO CFOA-SM-AS80-MINI RA 12F";"02";"Materiales consumibles de Redes. FO, UTP,  NAP.";"8000,000";"2553,000";"NordesteTelecomunicaciones_ALM_Tercero_ITU";
"18";"MR-4162";"CABLE OPTICO CFOA-SM-AS80-MINI RA 12F";"02";"Materiales consumibles de Redes. FO, UTP,  NAP.";"461,000";"0,000";"OBE_MOV_AH158HO_MRCDS-1016";
"786";"MR-5155";"CABLE OPTICO CFOA-SM-AS80-S 12F PKP X MTS";"07";"Materiales consumibles de Redes. FO, UTP,  NAP.";"324,000";"0,000";"3RO_PROY_OBRA_BYTE-CARLOS";
"786";"MR-5155";"CABLE OPTICO CFOA-SM-AS80-S 12F PKP X MTS";"07";"Materiales consumibles de Redes. FO, UTP,  NAP.";"16000,000";"0,000";"ELDO_ALM_PRINCIPAL";
"784";"MR-5153";"CABLE OPTICO CFOA-SM-AS80-S 48F PKP X MTS";"02";"Materiales consumibles de Redes. FO, UTP,  NAP.";"12000,000";"2857,000";"NordesteTelecomunicaciones_ALM_Tercero_ITU";
"784";"MR-5153";"CABLE OPTICO CFOA-SM-AS80-S 48F PKP X MTS";"02";"Materiales consumibles de Redes. FO, UTP,  NAP.";"8000,000";"0,000";"ELDO_ALM_PRINCIPAL";
"19";"MR-4163";"CABLE OPTICO TUBO  ADSS80 ADSS 06-CORES X MTS";"02";"Materiales consumibles de Redes. FO, UTP,  NAP.";"1823,000";"0,000";"OBE_MOV_AF288VL_TOYOTA_OB06";
"683";"MR-5091";"CAJA 1X16 PRE CONECTORIZADA NT 270 DB-16";"07";"Materiales consumibles de Redes. FO, UTP,  NAP.";"5,000";"0,000";"OBE_ALM_PRINCIPAL";
"625";"MR-5075";"CAJA FDB EXTERIOR FTTH 2X8 COMPLETA";"07";"Materiales consumibles de Redes. FO, UTP,  NAP.";"18,000";"0,000";"OBE_ALM_PRINCIPAL";
"11";"MR-3020";"CAJA SECUNDARIA NAP 16 C/SPLITTER";"07";"Materiales consumibles de Redes. FO, UTP,  NAP.";"8,000";"0,000";"SPD_PRINCIPAL";
"11";"MR-3020";"CAJA SECUNDARIA NAP 16 C/SPLITTER";"07";"Materiales consumibles de Redes. FO, UTP,  NAP.";"2,000";"0,000";"OBE_ALM_REDES";
"11";"MR-3020";"CAJA SECUNDARIA NAP 16 C/SPLITTER";"07";"Materiales consumibles de Redes. FO, UTP,  NAP.";"2,000";"0,000";"OBE_MOV_AF288VL_TOYOTA_OB06";
"674";"MR-3020-U";"CAJA SECUNDARIA NAP 16 C/SPLITTER (USADO)";"07";"Materiales consumibles de Redes. FO, UTP,  NAP.";"2,000";"0,000";"OBE_ALM_PRINCIPAL";
"746";"MR-5125";"CAJA SECUNDARIA NAP 16 SIN SPLITTER";"07";"Materiales consumibles de Redes. FO, UTP,  NAP.";"16,000";"0,000";"3RO_PROY_OBRA_BYTE-CARLOS";
"746";"MR-5125";"CAJA SECUNDARIA NAP 16 SIN SPLITTER";"07";"Materiales consumibles de Redes. FO, UTP,  NAP.";"158,000";"0,000";"ITU_ALM_PRINCIPAL";
"746";"MR-5125";"CAJA SECUNDARIA NAP 16 SIN SPLITTER";"07";"Materiales consumibles de Redes. FO, UTP,  NAP.";"28,000";"0,000";"OBE_ALM_CATRIEL";
"746";"MR-5125";"CAJA SECUNDARIA NAP 16 SIN SPLITTER";"07";"Materiales consumibles de Redes. FO, UTP,  NAP.";"288,000";"0,000";"ELDO_ALM_PRINCIPAL";
"746";"MR-5125";"CAJA SECUNDARIA NAP 16 SIN SPLITTER";"07";"Materiales consumibles de Redes. FO, UTP,  NAP.";"8,000";"0,000";"OBE_ALM_PRINCIPAL";
"10";"MR-3019";"CAJA SECUNDARIA NAP 8 C/SPLITTER";"07";"Materiales consumibles de Redes. FO, UTP,  NAP.";"1,000";"0,000";"OBE_MOV_AH158HO_MRCDS-1016";
"10";"MR-3019";"CAJA SECUNDARIA NAP 8 C/SPLITTER";"07";"Materiales consumibles de Redes. FO, UTP,  NAP.";"4,000";"0,000";"OBE_MOV_AF626DQ_FIORINO_OB08";
"10";"MR-3019";"CAJA SECUNDARIA NAP 8 C/SPLITTER";"07";"Materiales consumibles de Redes. FO, UTP,  NAP.";"1,000";"0,000";"OBE_MOV_AC301UR_PARTNER_OB05";
"10";"MR-3019";"CAJA SECUNDARIA NAP 8 C/SPLITTER";"07";"Materiales consumibles de Redes. FO, UTP,  NAP.";"31,000";"0,000";"OBE_ALM_PRINCIPAL";
"10";"MR-3019";"CAJA SECUNDARIA NAP 8 C/SPLITTER";"07";"Materiales consumibles de Redes. FO, UTP,  NAP.";"112,000";"0,000";"ELDO_ALM_PRINCIPAL";
"10";"MR-3019";"CAJA SECUNDARIA NAP 8 C/SPLITTER";"07";"Materiales consumibles de Redes. FO, UTP,  NAP.";"63,000";"0,000";"OBE_MOV_AF288VL_TOYOTA_OB06";
"10";"MR-3019";"CAJA SECUNDARIA NAP 8 C/SPLITTER";"07";"Materiales consumibles de Redes. FO, UTP,  NAP.";"6,000";"0,000";"SPD_PRINCIPAL";
"10";"MR-3019";"CAJA SECUNDARIA NAP 8 C/SPLITTER";"07";"Materiales consumibles de Redes. FO, UTP,  NAP.";"5,000";"0,000";"WND-PRINCIPAL";
"10";"MR-3019";"CAJA SECUNDARIA NAP 8 C/SPLITTER";"07";"Materiales consumibles de Redes. FO, UTP,  NAP.";"1,000";"0,000";"OBE_FIORINO_AH259TN_OB16";
"10";"MR-3019";"CAJA SECUNDARIA NAP 8 C/SPLITTER";"07";"Materiales consumibles de Redes. FO, UTP,  NAP.";"55,000";"0,000";"ITU_ALM_PRINCIPAL";
"10";"MR-3019";"CAJA SECUNDARIA NAP 8 C/SPLITTER";"07";"Materiales consumibles de Redes. FO, UTP,  NAP.";"10,000";"0,000";"3RO_PROY_OBRA_BYTE-CARLOS";
"10";"MR-3019";"CAJA SECUNDARIA NAP 8 C/SPLITTER";"07";"Materiales consumibles de Redes. FO, UTP,  NAP.";"5,000";"0,000";"OBE_ALM_REDES";
"10";"MR-3019";"CAJA SECUNDARIA NAP 8 C/SPLITTER";"07";"Materiales consumibles de Redes. FO, UTP,  NAP.";"80,000";"0,000";"OBE_ALM_CATRIEL";
"548";"MR-5022";"CAJA SECUNDARIA NAP 8 C/SPLITTER ''Blanca''";"07";"Materiales consumibles de Redes. FO, UTP,  NAP.";"2,000";"0,000";"OBE_ALM_PRINCIPAL";
"673";"MR-3019-U";"CAJA SECUNDARIA NAP 8 C/SPLITTER (USADO)";"07";"Materiales consumibles de Redes. FO, UTP,  NAP.";"36,000";"0,000";"OBE_ALM_PRINCIPAL";
"688";"MR-4605";"CINTA AISLADORA";"07";"Materiales consumibles de Redes. FO, UTP,  NAP.";"1,000";"0,000";"ITU_ALM_PRINCIPAL";
"688";"MR-4605";"CINTA AISLADORA";"07";"Materiales consumibles de Redes. FO, UTP,  NAP.";"1,000";"0,000";"ITU_MOV_AH864NB_FIORINO_OB-23";
"688";"MR-4605";"CINTA AISLADORA";"07";"Materiales consumibles de Redes. FO, UTP,  NAP.";"28,000";"0,000";"OBE_ALM_PRINCIPAL";
"688";"MR-4605";"CINTA AISLADORA";"07";"Materiales consumibles de Redes. FO, UTP,  NAP.";"3,000";"0,000";"OBE_ALM_REDES";
"688";"MR-4605";"CINTA AISLADORA";"07";"Materiales consumibles de Redes. FO, UTP,  NAP.";"2,000";"0,000";"OBE_MOV_AC325KI_PARTNER_OB04";
"688";"MR-4605";"CINTA AISLADORA";"07";"Materiales consumibles de Redes. FO, UTP,  NAP.";"1,000";"0,000";"OBE_MOV_AA701EZ_CLIO_OB09";
"688";"MR-4605";"CINTA AISLADORA";"07";"Materiales consumibles de Redes. FO, UTP,  NAP.";"1,000";"0,000";"OBE_MOV_AF645TX_BERLINGO_OB10";
"688";"MR-4605";"CINTA AISLADORA";"07";"Materiales consumibles de Redes. FO, UTP,  NAP.";"1,000";"0,000";"OBE_MOV_AG619SX_YARIS_OB11";
"688";"MR-4605";"CINTA AISLADORA";"07";"Materiales consumibles de Redes. FO, UTP,  NAP.";"4,000";"0,000";"OBE_MOV_AG660RM_FIORINO_OB13";
"688";"MR-4605";"CINTA AISLADORA";"07";"Materiales consumibles de Redes. FO, UTP,  NAP.";"1,000";"0,000";"OBE_MOV_AG619SY_YARIS_OB14";
"688";"MR-4605";"CINTA AISLADORA";"07";"Materiales consumibles de Redes. FO, UTP,  NAP.";"1,000";"0,000";"OBE_MOV_AH158HO_MRCDS-1016";
"688";"MR-4605";"CINTA AISLADORA";"07";"Materiales consumibles de Redes. FO, UTP,  NAP.";"1,000";"0,000";"OBE_MOV_AF626DQ_FIORINO_OB08";
"688";"MR-4605";"CINTA AISLADORA";"07";"Materiales consumibles de Redes. FO, UTP,  NAP.";"2,000";"0,000";"OBE_MOV_AC301UR_PARTNER_OB05";
"688";"MR-4605";"CINTA AISLADORA";"07";"Materiales consumibles de Redes. FO, UTP,  NAP.";"1,000";"0,000";"SPD_CORSA_GWT145";
"688";"MR-4605";"CINTA AISLADORA";"07";"Materiales consumibles de Redes. FO, UTP,  NAP.";"1,000";"0,000";"DOSK_FIAT-PALIO_OUE911";
"688";"MR-4605";"CINTA AISLADORA";"07";"Materiales consumibles de Redes. FO, UTP,  NAP.";"2,000";"0,000";"ELDO_MOVIL_AH646PT_FIORINO";
"688";"MR-4605";"CINTA AISLADORA";"07";"Materiales consumibles de Redes. FO, UTP,  NAP.";"2,000";"0,000";"ELDO_ALM_PRINCIPAL";
"688";"MR-4605";"CINTA AISLADORA";"07";"Materiales consumibles de Redes. FO, UTP,  NAP.";"1,000";"0,000";"SPD_TOYOTA-HILUX_AH706LK";
"688";"MR-4605";"CINTA AISLADORA";"07";"Materiales consumibles de Redes. FO, UTP,  NAP.";"2,000";"0,000";"OBE_ALM_T-I";
"688";"MR-4605";"CINTA AISLADORA";"07";"Materiales consumibles de Redes. FO, UTP,  NAP.";"1,000";"0,000";"OBE_MOV_AH259TD_FIORINO_OB17";
"688";"MR-4605";"CINTA AISLADORA";"07";"Materiales consumibles de Redes. FO, UTP,  NAP.";"1,000";"0,000";"OBE_FIORINO_AH259TN_OB16";
"688";"MR-4605";"CINTA AISLADORA";"07";"Materiales consumibles de Redes. FO, UTP,  NAP.";"1,000";"0,000";"TAVARES_WWP416_MARBIN";
"688";"MR-4605";"CINTA AISLADORA";"07";"Materiales consumibles de Redes. FO, UTP,  NAP.";"1,000";"0,000";"WND_ECOSPORT_EWD102";
"688";"MR-4605";"CINTA AISLADORA";"07";"Materiales consumibles de Redes. FO, UTP,  NAP.";"10,000";"0,000";"WND-PRINCIPAL";
"688";"MR-4605";"CINTA AISLADORA";"07";"Materiales consumibles de Redes. FO, UTP,  NAP.";"3,000";"0,000";"SPD_PRINCIPAL";
"603";"MR-5054";"CONECTOR 2.0 SM SC-APC(VERDE) (FLAT) FURUKAWA";"07";"Materiales consumibles de Redes. FO, UTP,  NAP.";"1,000";"0,000";"WND_ALM_EXTRAV_PRINCIPAL";
"603";"MR-5054";"CONECTOR 2.0 SM SC-APC(VERDE) (FLAT) FURUKAWA";"07";"Materiales consumibles de Redes. FO, UTP,  NAP.";"6,000";"0,000";"3RO_MOV_AD874FY_FIORINO_ZONAX_EZEQUIEL_04";
"603";"MR-5054";"CONECTOR 2.0 SM SC-APC(VERDE) (FLAT) FURUKAWA";"07";"Materiales consumibles de Redes. FO, UTP,  NAP.";"8,000";"0,000";"ITU_MOV_AH864NB_FIORINO_OB-23";
"603";"MR-5054";"CONECTOR 2.0 SM SC-APC(VERDE) (FLAT) FURUKAWA";"07";"Materiales consumibles de Redes. FO, UTP,  NAP.";"15,000";"0,000";"ELDO_MOVIL_AH646PT_FIORINO";
"603";"MR-5054";"CONECTOR 2.0 SM SC-APC(VERDE) (FLAT) FURUKAWA";"07";"Materiales consumibles de Redes. FO, UTP,  NAP.";"16,000";"0,000";"SPD_FIORINO_AH646PV";
"603";"MR-5054";"CONECTOR 2.0 SM SC-APC(VERDE) (FLAT) FURUKAWA";"07";"Materiales consumibles de Redes. FO, UTP,  NAP.";"6,000";"0,000";"ELDO_ALM_PRINCIPAL";
"603";"MR-5054";"CONECTOR 2.0 SM SC-APC(VERDE) (FLAT) FURUKAWA";"07";"Materiales consumibles de Redes. FO, UTP,  NAP.";"11,000";"0,000";"WND_ALM_EXTRAV_OB16_AH259TN";
"603";"MR-5054";"CONECTOR 2.0 SM SC-APC(VERDE) (FLAT) FURUKAWA";"07";"Materiales consumibles de Redes. FO, UTP,  NAP.";"12,000";"0,000";"OBE_MOV_AH259TD_FIORINO_OB17";
"603";"MR-5054";"CONECTOR 2.0 SM SC-APC(VERDE) (FLAT) FURUKAWA";"07";"Materiales consumibles de Redes. FO, UTP,  NAP.";"18,000";"0,000";"OBE_MOV_AC301UR_PARTNER_OB05";
"603";"MR-5054";"CONECTOR 2.0 SM SC-APC(VERDE) (FLAT) FURUKAWA";"07";"Materiales consumibles de Redes. FO, UTP,  NAP.";"5,000";"0,000";"OCAMPO-MOVIL01";
"603";"MR-5054";"CONECTOR 2.0 SM SC-APC(VERDE) (FLAT) FURUKAWA";"07";"Materiales consumibles de Redes. FO, UTP,  NAP.";"17,000";"0,000";"WND_ECOSPORT_EWD102";
"603";"MR-5054";"CONECTOR 2.0 SM SC-APC(VERDE) (FLAT) FURUKAWA";"07";"Materiales consumibles de Redes. FO, UTP,  NAP.";"24,000";"0,000";"SPD_RANGER_KNV423";
"603";"MR-5054";"CONECTOR 2.0 SM SC-APC(VERDE) (FLAT) FURUKAWA";"07";"Materiales consumibles de Redes. FO, UTP,  NAP.";"28,000";"0,000";"SPD_KANGOO_LDM961";
"603";"MR-5054";"CONECTOR 2.0 SM SC-APC(VERDE) (FLAT) FURUKAWA";"07";"Materiales consumibles de Redes. FO, UTP,  NAP.";"8,000";"0,000";"SPD_GOL_IZF196";
"603";"MR-5054";"CONECTOR 2.0 SM SC-APC(VERDE) (FLAT) FURUKAWA";"07";"Materiales consumibles de Redes. FO, UTP,  NAP.";"28,000";"0,000";"SPD_CORSA_GWT145";
"603";"MR-5054";"CONECTOR 2.0 SM SC-APC(VERDE) (FLAT) FURUKAWA";"07";"Materiales consumibles de Redes. FO, UTP,  NAP.";"80,000";"0,000";"SPD_PRINCIPAL";
"603";"MR-5054";"CONECTOR 2.0 SM SC-APC(VERDE) (FLAT) FURUKAWA";"07";"Materiales consumibles de Redes. FO, UTP,  NAP.";"3,000";"0,000";"OBE_MOV_AF288VL_TOYOTA_OB06";
"603";"MR-5054";"CONECTOR 2.0 SM SC-APC(VERDE) (FLAT) FURUKAWA";"07";"Materiales consumibles de Redes. FO, UTP,  NAP.";"1,000";"0,000";"OBE_ALM_EXTRAV_OB04_EMILIANO";
"603";"MR-5054";"CONECTOR 2.0 SM SC-APC(VERDE) (FLAT) FURUKAWA";"07";"Materiales consumibles de Redes. FO, UTP,  NAP.";"22,000";"0,000";"OBE_MOV_AF626DQ_FIORINO_OB08";
"603";"MR-5054";"CONECTOR 2.0 SM SC-APC(VERDE) (FLAT) FURUKAWA";"07";"Materiales consumibles de Redes. FO, UTP,  NAP.";"4,000";"0,000";"OBE_MOV_AH158HO_MRCDS-1016";
"603";"MR-5054";"CONECTOR 2.0 SM SC-APC(VERDE) (FLAT) FURUKAWA";"07";"Materiales consumibles de Redes. FO, UTP,  NAP.";"4,000";"0,000";"OBE_MOV_AG619SY_YARIS_OB14";
"603";"MR-5054";"CONECTOR 2.0 SM SC-APC(VERDE) (FLAT) FURUKAWA";"07";"Materiales consumibles de Redes. FO, UTP,  NAP.";"10,000";"0,000";"OBE_MOV_AG660RM_FIORINO_OB13";
"603";"MR-5054";"CONECTOR 2.0 SM SC-APC(VERDE) (FLAT) FURUKAWA";"07";"Materiales consumibles de Redes. FO, UTP,  NAP.";"1,000";"1,000";"OBE_MOV_AG619SX_YARIS_OB11";
"603";"MR-5054";"CONECTOR 2.0 SM SC-APC(VERDE) (FLAT) FURUKAWA";"07";"Materiales consumibles de Redes. FO, UTP,  NAP.";"7,000";"0,000";"OBE_MOV_AF645TX_BERLINGO_OB10";
"603";"MR-5054";"CONECTOR 2.0 SM SC-APC(VERDE) (FLAT) FURUKAWA";"07";"Materiales consumibles de Redes. FO, UTP,  NAP.";"5,000";"0,000";"OBE_MOV_AC325KI_PARTNER_OB04";
"603";"MR-5054";"CONECTOR 2.0 SM SC-APC(VERDE) (FLAT) FURUKAWA";"07";"Materiales consumibles de Redes. FO, UTP,  NAP.";"16,000";"0,000";"3RO_MOV_LUZ110_ZONAX_PETRY_02";
"603";"MR-5054";"CONECTOR 2.0 SM SC-APC(VERDE) (FLAT) FURUKAWA";"07";"Materiales consumibles de Redes. FO, UTP,  NAP.";"1,000";"0,000";"OBE_ALM_EXTRAV_OB11_FABIAN";
"603";"MR-5054";"CONECTOR 2.0 SM SC-APC(VERDE) (FLAT) FURUKAWA";"07";"Materiales consumibles de Redes. FO, UTP,  NAP.";"8,000";"0,000";"OBE_ALM_EXTRAV_OB07_GUILLERMO";
"603";"MR-5054";"CONECTOR 2.0 SM SC-APC(VERDE) (FLAT) FURUKAWA";"07";"Materiales consumibles de Redes. FO, UTP,  NAP.";"1,000";"0,000";"WND_AREA_RETIROS_FRANCO";
"603";"MR-5054";"CONECTOR 2.0 SM SC-APC(VERDE) (FLAT) FURUKAWA";"07";"Materiales consumibles de Redes. FO, UTP,  NAP.";"21,000";"0,000";"OBE_ALM_EXTRAV_EMA_PALCZYKOWSKI";
"603";"MR-5054";"CONECTOR 2.0 SM SC-APC(VERDE) (FLAT) FURUKAWA";"07";"Materiales consumibles de Redes. FO, UTP,  NAP.";"6,000";"0,000";"TAVARES_WWP416_MARBIN";
"603";"MR-5054";"CONECTOR 2.0 SM SC-APC(VERDE) (FLAT) FURUKAWA";"07";"Materiales consumibles de Redes. FO, UTP,  NAP.";"1,000";"0,000";"3RO_MOV_AC343ZR_TAVARES_DANIEL";
"603";"MR-5054";"CONECTOR 2.0 SM SC-APC(VERDE) (FLAT) FURUKAWA";"07";"Materiales consumibles de Redes. FO, UTP,  NAP.";"41,000";"0,000";"3RO_MOV_NBF796_ZONAX_ANYELO_01";
"603";"MR-5054";"CONECTOR 2.0 SM SC-APC(VERDE) (FLAT) FURUKAWA";"07";"Materiales consumibles de Redes. FO, UTP,  NAP.";"6,000";"0,000";"SPD_ALM_DEVOLUCIONES";
"603";"MR-5054";"CONECTOR 2.0 SM SC-APC(VERDE) (FLAT) FURUKAWA";"07";"Materiales consumibles de Redes. FO, UTP,  NAP.";"10,000";"0,000";"DOSK_FIAT-PALIO_NUU379";
"603";"MR-5054";"CONECTOR 2.0 SM SC-APC(VERDE) (FLAT) FURUKAWA";"07";"Materiales consumibles de Redes. FO, UTP,  NAP.";"6,000";"0,000";"OBE_FIORINO_AH259TN_OB16";
"603";"MR-5054";"CONECTOR 2.0 SM SC-APC(VERDE) (FLAT) FURUKAWA";"07";"Materiales consumibles de Redes. FO, UTP,  NAP.";"1,000";"0,000";"SPD_FIATUNO_JQL437";
"919";"MR-5336";"CONECTOR CABLE COAXIAL RG59";"07";"Materiales consumibles de Redes. FO, UTP,  NAP.";"166,000";"0,000";"OBE_ALM_PRINCIPAL";
"42";"MR-4295";"CONECTOR CABLE COAXIAL RG6";"07";"Materiales consumibles de Redes. FO, UTP,  NAP.";"45,000";"0,000";"DOSK_FIAT-UNO_NCQ134";
"42";"MR-4295";"CONECTOR CABLE COAXIAL RG6";"07";"Materiales consumibles de Redes. FO, UTP,  NAP.";"9,000";"0,000";"TAVARES_FIAT-UNO_FZD571";
"42";"MR-4295";"CONECTOR CABLE COAXIAL RG6";"07";"Materiales consumibles de Redes. FO, UTP,  NAP.";"2,000";"0,000";"TAVARES_FIAT-UNO_LEW916";
"42";"MR-4295";"CONECTOR CABLE COAXIAL RG6";"07";"Materiales consumibles de Redes. FO, UTP,  NAP.";"4,000";"0,000";"TAVARES_BUJ117_AGUSTIN";
"42";"MR-4295";"CONECTOR CABLE COAXIAL RG6";"07";"Materiales consumibles de Redes. FO, UTP,  NAP.";"60,000";"0,000";"OBE_MOV_AC325KI_PARTNER_OB04";
"42";"MR-4295";"CONECTOR CABLE COAXIAL RG6";"07";"Materiales consumibles de Redes. FO, UTP,  NAP.";"82,000";"0,000";"OBE_MOV_AA701EZ_CLIO_OB09";
"42";"MR-4295";"CONECTOR CABLE COAXIAL RG6";"07";"Materiales consumibles de Redes. FO, UTP,  NAP.";"40,000";"0,000";"OBE_MOV_AF645TX_BERLINGO_OB10";
"42";"MR-4295";"CONECTOR CABLE COAXIAL RG6";"07";"Materiales consumibles de Redes. FO, UTP,  NAP.";"45,000";"0,000";"OBE_MOV_AG619SX_YARIS_OB11";
"42";"MR-4295";"CONECTOR CABLE COAXIAL RG6";"07";"Materiales consumibles de Redes. FO, UTP,  NAP.";"88,000";"0,000";"OBE_MOV_AG660RM_FIORINO_OB13";
"42";"MR-4295";"CONECTOR CABLE COAXIAL RG6";"07";"Materiales consumibles de Redes. FO, UTP,  NAP.";"80,000";"0,000";"OBE_MOV_AG619SY_YARIS_OB14";
"42";"MR-4295";"CONECTOR CABLE COAXIAL RG6";"07";"Materiales consumibles de Redes. FO, UTP,  NAP.";"8,000";"0,000";"OBE_MOV_AF626DQ_FIORINO_OB08";
"42";"MR-4295";"CONECTOR CABLE COAXIAL RG6";"07";"Materiales consumibles de Redes. FO, UTP,  NAP.";"500,000";"0,000";"SPD_PRINCIPAL";
"42";"MR-4295";"CONECTOR CABLE COAXIAL RG6";"07";"Materiales consumibles de Redes. FO, UTP,  NAP.";"53,000";"0,000";"SPD_CORSA_GWT145";
"42";"MR-4295";"CONECTOR CABLE COAXIAL RG6";"07";"Materiales consumibles de Redes. FO, UTP,  NAP.";"27,000";"0,000";"SPD_FIORINO_AE226IV";
"42";"MR-4295";"CONECTOR CABLE COAXIAL RG6";"07";"Materiales consumibles de Redes. FO, UTP,  NAP.";"77,000";"0,000";"SPD_KANGOO_LDM961";
"42";"MR-4295";"CONECTOR CABLE COAXIAL RG6";"07";"Materiales consumibles de Redes. FO, UTP,  NAP.";"68,000";"0,000";"TAVARES_MUW401_FACUNDO";
"42";"MR-4295";"CONECTOR CABLE COAXIAL RG6";"07";"Materiales consumibles de Redes. FO, UTP,  NAP.";"75,000";"0,000";"3RO_MOV_LUZ110_ZONAX_PETRY_02";
"42";"MR-4295";"CONECTOR CABLE COAXIAL RG6";"07";"Materiales consumibles de Redes. FO, UTP,  NAP.";"21,000";"0,000";"TAVARES_WWP416_MARBIN";
"42";"MR-4295";"CONECTOR CABLE COAXIAL RG6";"07";"Materiales consumibles de Redes. FO, UTP,  NAP.";"28,000";"0,000";"OCAMPO-MOVIL01";
"42";"MR-4295";"CONECTOR CABLE COAXIAL RG6";"07";"Materiales consumibles de Redes. FO, UTP,  NAP.";"100,000";"0,000";"WND-PRINCIPAL";
"42";"MR-4295";"CONECTOR CABLE COAXIAL RG6";"07";"Materiales consumibles de Redes. FO, UTP,  NAP.";"94,000";"0,000";"WND_ECOSPORT_EWD102";
"42";"MR-4295";"CONECTOR CABLE COAXIAL RG6";"07";"Materiales consumibles de Redes. FO, UTP,  NAP.";"49,000";"0,000";"WND_YARIS_AG619SV_OB12";
"42";"MR-4295";"CONECTOR CABLE COAXIAL RG6";"07";"Materiales consumibles de Redes. FO, UTP,  NAP.";"42,000";"0,000";"ELECTROTECNIA-MOVIL-02";
"42";"MR-4295";"CONECTOR CABLE COAXIAL RG6";"07";"Materiales consumibles de Redes. FO, UTP,  NAP.";"470,000";"0,000";"OBE_ALM_PRINCIPAL";
"42";"MR-4295";"CONECTOR CABLE COAXIAL RG6";"07";"Materiales consumibles de Redes. FO, UTP,  NAP.";"57,000";"0,000";"OBE_FIORINO_AH259TN_OB16";
"42";"MR-4295";"CONECTOR CABLE COAXIAL RG6";"07";"Materiales consumibles de Redes. FO, UTP,  NAP.";"20,000";"0,000";"DOSK_FIAT-PALIO_OUE911";
"42";"MR-4295";"CONECTOR CABLE COAXIAL RG6";"07";"Materiales consumibles de Redes. FO, UTP,  NAP.";"34,000";"0,000";"3RO_MOV_AD874FY_FIORINO_ZONAX_EZEQUIEL_04";
"42";"MR-4295";"CONECTOR CABLE COAXIAL RG6";"07";"Materiales consumibles de Redes. FO, UTP,  NAP.";"52,000";"0,000";"ITU_MOV_AH864NB_FIORINO_OB-23";
"42";"MR-4295";"CONECTOR CABLE COAXIAL RG6";"07";"Materiales consumibles de Redes. FO, UTP,  NAP.";"16,000";"0,000";"Proyectos_Infraestructura";
"42";"MR-4295";"CONECTOR CABLE COAXIAL RG6";"07";"Materiales consumibles de Redes. FO, UTP,  NAP.";"48,000";"0,000";"SPD_FIORINO_AH646PV";
"42";"MR-4295";"CONECTOR CABLE COAXIAL RG6";"07";"Materiales consumibles de Redes. FO, UTP,  NAP.";"40,000";"0,000";"SPD_PEUGEOT206_FHB226";
"42";"MR-4295";"CONECTOR CABLE COAXIAL RG6";"07";"Materiales consumibles de Redes. FO, UTP,  NAP.";"74,000";"0,000";"3RO_MOV_KEO663_TAVARES_CLAUDIO";
"42";"MR-4295";"CONECTOR CABLE COAXIAL RG6";"07";"Materiales consumibles de Redes. FO, UTP,  NAP.";"32,000";"0,000";"3RO_MOV_DAX488_ZONAX_ABEL_03";
"42";"MR-4295";"CONECTOR CABLE COAXIAL RG6";"07";"Materiales consumibles de Redes. FO, UTP,  NAP.";"170,000";"0,000";"ELDO_ALM_PRINCIPAL";
"42";"MR-4295";"CONECTOR CABLE COAXIAL RG6";"07";"Materiales consumibles de Redes. FO, UTP,  NAP.";"100,000";"0,000";"ITU_ALM_PRINCIPAL";
"42";"MR-4295";"CONECTOR CABLE COAXIAL RG6";"07";"Materiales consumibles de Redes. FO, UTP,  NAP.";"14,000";"0,000";"SPD_TOYOTA-HILUX_AH706LK";
"42";"MR-4295";"CONECTOR CABLE COAXIAL RG6";"07";"Materiales consumibles de Redes. FO, UTP,  NAP.";"12,000";"0,000";"WND_ALM_EXTRAV_FIAT-PALIO_NUU379";
"42";"MR-4295";"CONECTOR CABLE COAXIAL RG6";"07";"Materiales consumibles de Redes. FO, UTP,  NAP.";"64,000";"0,000";"OBE_MOV_AH259TD_FIORINO_OB17";
"42";"MR-4295";"CONECTOR CABLE COAXIAL RG6";"07";"Materiales consumibles de Redes. FO, UTP,  NAP.";"2,000";"0,000";"OBE_ALM_EXTRAV_OB14_FACUNDO_MANCINI";
"42";"MR-4295";"CONECTOR CABLE COAXIAL RG6";"07";"Materiales consumibles de Redes. FO, UTP,  NAP.";"63,000";"0,000";"3RO_MOV_AC343ZR_TAVARES_DANIEL";
"42";"MR-4295";"CONECTOR CABLE COAXIAL RG6";"07";"Materiales consumibles de Redes. FO, UTP,  NAP.";"118,000";"0,000";"3RO_MOV_NBF796_ZONAX_ANYELO_01";
"42";"MR-4295";"CONECTOR CABLE COAXIAL RG6";"07";"Materiales consumibles de Redes. FO, UTP,  NAP.";"80,000";"0,000";"SPD_FIATUNO_JQL437";
"42";"MR-4295";"CONECTOR CABLE COAXIAL RG6";"07";"Materiales consumibles de Redes. FO, UTP,  NAP.";"41,000";"0,000";"DOSK_FIAT-PALIO_NUU379";
"25";"MR-4442";"CONECTOR RAPIDO SC/APC ''SUMITOMO'' (VERDE)";"07";"Materiales consumibles de Redes. FO, UTP,  NAP.";"1,000";"0,000";"TAVARES_BUJ117_AGUSTIN";
"25";"MR-4442";"CONECTOR RAPIDO SC/APC ''SUMITOMO'' (VERDE)";"07";"Materiales consumibles de Redes. FO, UTP,  NAP.";"1,000";"1,000";"WND_ECOSPORT_EWD102";
"25";"MR-4442";"CONECTOR RAPIDO SC/APC ''SUMITOMO'' (VERDE)";"07";"Materiales consumibles de Redes. FO, UTP,  NAP.";"19,000";"0,000";"SPD_PRINCIPAL";
"2";"MR-2448";"CONECTOR RAPIDO SC/APC (VERDE)";"07";"Materiales consumibles de Redes. FO, UTP,  NAP.";"20,000";"0,000";"3RO_MOV_NBF796_ZONAX_ANYELO_01";
"780";"MR-5150";"CONECTOR RAPIDO SC/APC (VERDE) LANLY";"07";"Materiales consumibles de Redes. FO, UTP,  NAP.";"15,000";"0,000";"TAVARES_FIAT-UNO_LEW916";
"780";"MR-5150";"CONECTOR RAPIDO SC/APC (VERDE) LANLY";"07";"Materiales consumibles de Redes. FO, UTP,  NAP.";"2,000";"2,000";"3RO_MOV_LUZ110_ZONAX_PETRY_02";
"780";"MR-5150";"CONECTOR RAPIDO SC/APC (VERDE) LANLY";"07";"Materiales consumibles de Redes. FO, UTP,  NAP.";"22,000";"0,000";"DOSK_FIAT-PALIO_OUE911";
"780";"MR-5150";"CONECTOR RAPIDO SC/APC (VERDE) LANLY";"07";"Materiales consumibles de Redes. FO, UTP,  NAP.";"6,000";"0,000";"ITU_MOV_AH864NB_FIORINO_OB-23";
"780";"MR-5150";"CONECTOR RAPIDO SC/APC (VERDE) LANLY";"07";"Materiales consumibles de Redes. FO, UTP,  NAP.";"15,000";"0,000";"SPD_PEUGEOT206_FHB226";
"780";"MR-5150";"CONECTOR RAPIDO SC/APC (VERDE) LANLY";"07";"Materiales consumibles de Redes. FO, UTP,  NAP.";"150,000";"0,000";"ELDO_ALM_PRINCIPAL";
"780";"MR-5150";"CONECTOR RAPIDO SC/APC (VERDE) LANLY";"07";"Materiales consumibles de Redes. FO, UTP,  NAP.";"190,000";"0,000";"ITU_ALM_PRINCIPAL";
"780";"MR-5150";"CONECTOR RAPIDO SC/APC (VERDE) LANLY";"07";"Materiales consumibles de Redes. FO, UTP,  NAP.";"2,000";"0,000";"3RO_MOV_NBF796_ZONAX_ANYELO_01";
"780";"MR-5150";"CONECTOR RAPIDO SC/APC (VERDE) LANLY";"07";"Materiales consumibles de Redes. FO, UTP,  NAP.";"17,000";"0,000";"TAVARES_MUW401_FACUNDO";
"3";"MR-2449";"CONECTOR RAPIDO SC/UPC (AZUL)";"07";"Materiales consumibles de Redes. FO, UTP,  NAP.";"19,000";"0,000";"SPD_KANGOO_LDM961";
"3";"MR-2449";"CONECTOR RAPIDO SC/UPC (AZUL)";"07";"Materiales consumibles de Redes. FO, UTP,  NAP.";"1,000";"0,000";"OCAMPO-MOVIL01";
"3";"MR-2449";"CONECTOR RAPIDO SC/UPC (AZUL)";"07";"Materiales consumibles de Redes. FO, UTP,  NAP.";"7,000";"0,000";"SPD_FIORINO_AH646PV";
"3";"MR-2449";"CONECTOR RAPIDO SC/UPC (AZUL)";"07";"Materiales consumibles de Redes. FO, UTP,  NAP.";"10,000";"0,000";"3RO_MOV_KEO663_TAVARES_CLAUDIO";
"3";"MR-2449";"CONECTOR RAPIDO SC/UPC (AZUL)";"07";"Materiales consumibles de Redes. FO, UTP,  NAP.";"6,000";"0,000";"OBE_MOV_AH259TD_FIORINO_OB17";
"3";"MR-2449";"CONECTOR RAPIDO SC/UPC (AZUL)";"07";"Materiales consumibles de Redes. FO, UTP,  NAP.";"1,000";"0,000";"OBE_ALM_EXTRAV_OB10_SEBASTIAN_DS";
"3";"MR-2449";"CONECTOR RAPIDO SC/UPC (AZUL)";"07";"Materiales consumibles de Redes. FO, UTP,  NAP.";"1,000";"0,000";"OBE_ALM_EXTRAV_DANI_OCAMPO";
"3";"MR-2449";"CONECTOR RAPIDO SC/UPC (AZUL)";"07";"Materiales consumibles de Redes. FO, UTP,  NAP.";"7,000";"0,000";"OBE_ALM_EXTRAV_EMA_PALCZYKOWSKI";
"3";"MR-2449";"CONECTOR RAPIDO SC/UPC (AZUL)";"07";"Materiales consumibles de Redes. FO, UTP,  NAP.";"31,000";"0,000";"SPD_FIATUNO_JQL437";
"3";"MR-2449";"CONECTOR RAPIDO SC/UPC (AZUL)";"07";"Materiales consumibles de Redes. FO, UTP,  NAP.";"474,000";"0,000";"OBE_ALM_PRINCIPAL";
"3";"MR-2449";"CONECTOR RAPIDO SC/UPC (AZUL)";"07";"Materiales consumibles de Redes. FO, UTP,  NAP.";"4,000";"0,000";"OBE_MOV_AC325KI_PARTNER_OB04";
"3";"MR-2449";"CONECTOR RAPIDO SC/UPC (AZUL)";"07";"Materiales consumibles de Redes. FO, UTP,  NAP.";"13,000";"0,000";"OBE_MOV_AA701EZ_CLIO_OB09";
"3";"MR-2449";"CONECTOR RAPIDO SC/UPC (AZUL)";"07";"Materiales consumibles de Redes. FO, UTP,  NAP.";"2,000";"0,000";"OBE_MOV_AG619SX_YARIS_OB11";
"3";"MR-2449";"CONECTOR RAPIDO SC/UPC (AZUL)";"07";"Materiales consumibles de Redes. FO, UTP,  NAP.";"3,000";"0,000";"OBE_MOV_AG660RM_FIORINO_OB13";
"3";"MR-2449";"CONECTOR RAPIDO SC/UPC (AZUL)";"07";"Materiales consumibles de Redes. FO, UTP,  NAP.";"12,000";"0,000";"OBE_MOV_AG619SY_YARIS_OB14";
"3";"MR-2449";"CONECTOR RAPIDO SC/UPC (AZUL)";"07";"Materiales consumibles de Redes. FO, UTP,  NAP.";"10,000";"0,000";"SPD_CORSA_GWT145";
"3";"MR-2449";"CONECTOR RAPIDO SC/UPC (AZUL)";"07";"Materiales consumibles de Redes. FO, UTP,  NAP.";"250,000";"0,000";"SPD_PRINCIPAL";
"3";"MR-2449";"CONECTOR RAPIDO SC/UPC (AZUL)";"07";"Materiales consumibles de Redes. FO, UTP,  NAP.";"14,000";"0,000";"SPD_GOL_IZF196";
"3";"MR-2449";"CONECTOR RAPIDO SC/UPC (AZUL)";"07";"Materiales consumibles de Redes. FO, UTP,  NAP.";"11,000";"0,000";"SPD_FIORINO_AE226IV";
"660";"MR-5072";"CONECTOR VERDE SM-FIBER L5204A";"07";"Materiales consumibles de Redes. FO, UTP,  NAP.";"12,000";"0,000";"OBE_MOV_AC325KI_PARTNER_OB04";
"660";"MR-5072";"CONECTOR VERDE SM-FIBER L5204A";"07";"Materiales consumibles de Redes. FO, UTP,  NAP.";"14,000";"0,000";"DOSK_FIAT-UNO_NCQ134";
"660";"MR-5072";"CONECTOR VERDE SM-FIBER L5204A";"07";"Materiales consumibles de Redes. FO, UTP,  NAP.";"170,000";"0,000";"OBE_ALM_PRINCIPAL";
"660";"MR-5072";"CONECTOR VERDE SM-FIBER L5204A";"07";"Materiales consumibles de Redes. FO, UTP,  NAP.";"19,000";"0,000";"OBE_MOV_AH259TD_FIORINO_OB17";
"660";"MR-5072";"CONECTOR VERDE SM-FIBER L5204A";"07";"Materiales consumibles de Redes. FO, UTP,  NAP.";"16,000";"0,000";"3RO_MOV_AC343ZR_TAVARES_DANIEL";
"660";"MR-5072";"CONECTOR VERDE SM-FIBER L5204A";"07";"Materiales consumibles de Redes. FO, UTP,  NAP.";"2,000";"0,000";"TAVARES_FIAT-UNO_FZD571";
"660";"MR-5072";"CONECTOR VERDE SM-FIBER L5204A";"07";"Materiales consumibles de Redes. FO, UTP,  NAP.";"2,000";"0,000";"OCAMPO-MOVIL01";
"660";"MR-5072";"CONECTOR VERDE SM-FIBER L5204A";"07";"Materiales consumibles de Redes. FO, UTP,  NAP.";"16,000";"0,000";"OBE_MOV_AG619SX_YARIS_OB11";
"660";"MR-5072";"CONECTOR VERDE SM-FIBER L5204A";"07";"Materiales consumibles de Redes. FO, UTP,  NAP.";"15,000";"0,000";"OBE_MOV_AF626DO_FIORINO_OB07";
"660";"MR-5072";"CONECTOR VERDE SM-FIBER L5204A";"07";"Materiales consumibles de Redes. FO, UTP,  NAP.";"19,000";"0,000";"OBE_MOV_AA701EZ_CLIO_OB09";
"660";"MR-5072";"CONECTOR VERDE SM-FIBER L5204A";"07";"Materiales consumibles de Redes. FO, UTP,  NAP.";"14,000";"0,000";"ELECTROTECNIA-MOVIL-02";
"660";"MR-5072";"CONECTOR VERDE SM-FIBER L5204A";"07";"Materiales consumibles de Redes. FO, UTP,  NAP.";"10,000";"0,000";"WND_YARIS_AG619SV_OB12";
"660";"MR-5072";"CONECTOR VERDE SM-FIBER L5204A";"07";"Materiales consumibles de Redes. FO, UTP,  NAP.";"70,000";"0,000";"WND-PRINCIPAL";
"660";"MR-5072";"CONECTOR VERDE SM-FIBER L5204A";"07";"Materiales consumibles de Redes. FO, UTP,  NAP.";"7,000";"0,000";"OBE_MOV_AH158HO_MRCDS-1016";
"660";"MR-5072";"CONECTOR VERDE SM-FIBER L5204A";"07";"Materiales consumibles de Redes. FO, UTP,  NAP.";"30,000";"0,000";"OBE_MOV_AG619SY_YARIS_OB14";
"660";"MR-5072";"CONECTOR VERDE SM-FIBER L5204A";"07";"Materiales consumibles de Redes. FO, UTP,  NAP.";"20,000";"0,000";"OBE_MOV_AG660RM_FIORINO_OB13";
"660";"MR-5072";"CONECTOR VERDE SM-FIBER L5204A";"07";"Materiales consumibles de Redes. FO, UTP,  NAP.";"2,000";"0,000";"WND_ALM_EXTRAV_OB16_AH259TN";
"660";"MR-5072";"CONECTOR VERDE SM-FIBER L5204A";"07";"Materiales consumibles de Redes. FO, UTP,  NAP.";"14,000";"0,000";"3RO_MOV_KEO663_TAVARES_CLAUDIO";
"303";"MR-2586";"CRUZ DE GANANCIA CHICA + PORTA CAJA";"07";"Materiales consumibles de Redes. FO, UTP,  NAP.";"4,000";"0,000";"SPD_PRINCIPAL";
"299";"MR-2567";"CRUZ DE GANANCIA GRANDE";"07";"Materiales consumibles de Redes. FO, UTP,  NAP.";"1,000";"0,000";"OBE_MOV_AH158HO_MRCDS-1016";
"299";"MR-2567";"CRUZ DE GANANCIA GRANDE";"07";"Materiales consumibles de Redes. FO, UTP,  NAP.";"2,000";"0,000";"OBE_ALM_PRINCIPAL";
"299";"MR-2567";"CRUZ DE GANANCIA GRANDE";"07";"Materiales consumibles de Redes. FO, UTP,  NAP.";"1,000";"0,000";"OBE_MOV_AF626DQ_FIORINO_OB08";
"299";"MR-2567";"CRUZ DE GANANCIA GRANDE";"07";"Materiales consumibles de Redes. FO, UTP,  NAP.";"1,000";"0,000";"OBE_MOV_AC301UR_PARTNER_OB05";
"299";"MR-2567";"CRUZ DE GANANCIA GRANDE";"07";"Materiales consumibles de Redes. FO, UTP,  NAP.";"6,000";"0,000";"OBE_MOV_AF288VL_TOYOTA_OB06";
"299";"MR-2567";"CRUZ DE GANANCIA GRANDE";"07";"Materiales consumibles de Redes. FO, UTP,  NAP.";"10,000";"0,000";"SPD_PRINCIPAL";
"12";"MR-3421";"CRUZ DE GANANCIA MEDIANAS";"07";"Materiales consumibles de Redes. FO, UTP,  NAP.";"30,000";"0,000";"ITU_ALM_PRINCIPAL";
"12";"MR-3421";"CRUZ DE GANANCIA MEDIANAS";"07";"Materiales consumibles de Redes. FO, UTP,  NAP.";"11,000";"0,000";"3RO_PROY_OBRA_BYTE-CARLOS";
"12";"MR-3421";"CRUZ DE GANANCIA MEDIANAS";"07";"Materiales consumibles de Redes. FO, UTP,  NAP.";"15,000";"0,000";"SPD_PRINCIPAL";
"12";"MR-3421";"CRUZ DE GANANCIA MEDIANAS";"07";"Materiales consumibles de Redes. FO, UTP,  NAP.";"61,000";"0,000";"OBE_MOV_AF288VL_TOYOTA_OB06";
"12";"MR-3421";"CRUZ DE GANANCIA MEDIANAS";"07";"Materiales consumibles de Redes. FO, UTP,  NAP.";"5,000";"0,000";"OBE_MOV_AC301UR_PARTNER_OB05";
"12";"MR-3421";"CRUZ DE GANANCIA MEDIANAS";"07";"Materiales consumibles de Redes. FO, UTP,  NAP.";"4,000";"0,000";"OBE_MOV_AF626DQ_FIORINO_OB08";
"12";"MR-3421";"CRUZ DE GANANCIA MEDIANAS";"07";"Materiales consumibles de Redes. FO, UTP,  NAP.";"10,000";"0,000";"OBE_ALM_REDES";
"12";"MR-3421";"CRUZ DE GANANCIA MEDIANAS";"07";"Materiales consumibles de Redes. FO, UTP,  NAP.";"167,000";"0,000";"OBE_ALM_PRINCIPAL";
"338";"MR-4290";"CUADRADITOS (HEBILLAS 19/9)";"07";"Materiales consumibles de Redes. FO, UTP,  NAP.";"550,000";"0,000";"3RO_PROY_OBRA_BYTE-CARLOS";
"338";"MR-4290";"CUADRADITOS (HEBILLAS 19/9)";"07";"Materiales consumibles de Redes. FO, UTP,  NAP.";"321,000";"0,000";"OBE_MOV_AF288VL_TOYOTA_OB06";
"338";"MR-4290";"CUADRADITOS (HEBILLAS 19/9)";"07";"Materiales consumibles de Redes. FO, UTP,  NAP.";"7,000";"0,000";"OBE_FIORINO_AH259TN_OB16";
"338";"MR-4290";"CUADRADITOS (HEBILLAS 19/9)";"07";"Materiales consumibles de Redes. FO, UTP,  NAP.";"36,000";"0,000";"TAVARES_MUW401_FACUNDO";
"338";"MR-4290";"CUADRADITOS (HEBILLAS 19/9)";"07";"Materiales consumibles de Redes. FO, UTP,  NAP.";"75,000";"0,000";"WND-PRINCIPAL";
"338";"MR-4290";"CUADRADITOS (HEBILLAS 19/9)";"07";"Materiales consumibles de Redes. FO, UTP,  NAP.";"2,000";"0,000";"SPD_RANGER_KNV423";
"338";"MR-4290";"CUADRADITOS (HEBILLAS 19/9)";"07";"Materiales consumibles de Redes. FO, UTP,  NAP.";"74,000";"0,000";"SPD_PRINCIPAL";
"338";"MR-4290";"CUADRADITOS (HEBILLAS 19/9)";"07";"Materiales consumibles de Redes. FO, UTP,  NAP.";"1,000";"0,000";"WND_ALM_EXTRAV_PRINCIPAL";
"338";"MR-4290";"CUADRADITOS (HEBILLAS 19/9)";"07";"Materiales consumibles de Redes. FO, UTP,  NAP.";"18,000";"0,000";"WND_ALM_EXTRAV_OB16_AH259TN";
"338";"MR-4290";"CUADRADITOS (HEBILLAS 19/9)";"07";"Materiales consumibles de Redes. FO, UTP,  NAP.";"1447,000";"0,000";"ITU_ALM_PRINCIPAL";
"338";"MR-4290";"CUADRADITOS (HEBILLAS 19/9)";"07";"Materiales consumibles de Redes. FO, UTP,  NAP.";"2250,000";"1550,000";"NordesteTelecomunicaciones_ALM_Tercero_ITU";
"338";"MR-4290";"CUADRADITOS (HEBILLAS 19/9)";"07";"Materiales consumibles de Redes. FO, UTP,  NAP.";"750,000";"0,000";"ELDO_ALM_PRINCIPAL";
"338";"MR-4290";"CUADRADITOS (HEBILLAS 19/9)";"07";"Materiales consumibles de Redes. FO, UTP,  NAP.";"41,000";"0,000";"OBE_MOV_AF626DQ_FIORINO_OB08";
"338";"MR-4290";"CUADRADITOS (HEBILLAS 19/9)";"07";"Materiales consumibles de Redes. FO, UTP,  NAP.";"30,000";"0,000";"OBE_MOV_AC301UR_PARTNER_OB05";
"338";"MR-4290";"CUADRADITOS (HEBILLAS 19/9)";"07";"Materiales consumibles de Redes. FO, UTP,  NAP.";"2880,000";"0,000";"OBE_ALM_PRINCIPAL";
"338";"MR-4290";"CUADRADITOS (HEBILLAS 19/9)";"07";"Materiales consumibles de Redes. FO, UTP,  NAP.";"150,000";"0,000";"OBE_ALM_REDES";
"338";"MR-4290";"CUADRADITOS (HEBILLAS 19/9)";"07";"Materiales consumibles de Redes. FO, UTP,  NAP.";"154,000";"0,000";"OBE_MOV_AH158HO_MRCDS-1016";
"41";"MR-4294";"DIVISOR / SPLITTER X 2 SALIDAS PPC-CATV-HD-TV-TDA";"07";"Materiales consumibles de Redes. FO, UTP,  NAP.";"5,000";"0,000";"3RO_MOV_AC343ZR_TAVARES_DANIEL";
"41";"MR-4294";"DIVISOR / SPLITTER X 2 SALIDAS PPC-CATV-HD-TV-TDA";"07";"Materiales consumibles de Redes. FO, UTP,  NAP.";"8,000";"0,000";"OBE_ALM_EXTRAV_EMA_PALCZYKOWSKI";
"41";"MR-4294";"DIVISOR / SPLITTER X 2 SALIDAS PPC-CATV-HD-TV-TDA";"07";"Materiales consumibles de Redes. FO, UTP,  NAP.";"5,000";"0,000";"OBE_MOV_AH259TD_FIORINO_OB17";
"41";"MR-4294";"DIVISOR / SPLITTER X 2 SALIDAS PPC-CATV-HD-TV-TDA";"07";"Materiales consumibles de Redes. FO, UTP,  NAP.";"5,000";"0,000";"WND_ALM_EXTRAV_OB16_AH259TN";
"41";"MR-4294";"DIVISOR / SPLITTER X 2 SALIDAS PPC-CATV-HD-TV-TDA";"07";"Materiales consumibles de Redes. FO, UTP,  NAP.";"10,000";"0,000";"WND_ALM_EXTRAV_FIAT-UNO_NCQ134";
"41";"MR-4294";"DIVISOR / SPLITTER X 2 SALIDAS PPC-CATV-HD-TV-TDA";"07";"Materiales consumibles de Redes. FO, UTP,  NAP.";"5,000";"0,000";"WND_ALM_EXTRAV_FIAT-PALIO_NUU379";
"41";"MR-4294";"DIVISOR / SPLITTER X 2 SALIDAS PPC-CATV-HD-TV-TDA";"07";"Materiales consumibles de Redes. FO, UTP,  NAP.";"43,000";"0,000";"ITU_ALM_PRINCIPAL";
"41";"MR-4294";"DIVISOR / SPLITTER X 2 SALIDAS PPC-CATV-HD-TV-TDA";"07";"Materiales consumibles de Redes. FO, UTP,  NAP.";"69,000";"0,000";"ELDO_ALM_PRINCIPAL";
"41";"MR-4294";"DIVISOR / SPLITTER X 2 SALIDAS PPC-CATV-HD-TV-TDA";"07";"Materiales consumibles de Redes. FO, UTP,  NAP.";"7,000";"0,000";"3RO_MOV_DAX488_ZONAX_ABEL_03";
"41";"MR-4294";"DIVISOR / SPLITTER X 2 SALIDAS PPC-CATV-HD-TV-TDA";"07";"Materiales consumibles de Redes. FO, UTP,  NAP.";"7,000";"0,000";"3RO_MOV_KEO663_TAVARES_CLAUDIO";
"41";"MR-4294";"DIVISOR / SPLITTER X 2 SALIDAS PPC-CATV-HD-TV-TDA";"07";"Materiales consumibles de Redes. FO, UTP,  NAP.";"5,000";"0,000";"SPD_PEUGEOT206_FHB226";
"41";"MR-4294";"DIVISOR / SPLITTER X 2 SALIDAS PPC-CATV-HD-TV-TDA";"07";"Materiales consumibles de Redes. FO, UTP,  NAP.";"3,000";"0,000";"SPD_FIORINO_AH646PV";
"41";"MR-4294";"DIVISOR / SPLITTER X 2 SALIDAS PPC-CATV-HD-TV-TDA";"07";"Materiales consumibles de Redes. FO, UTP,  NAP.";"3,000";"0,000";"ITU_MOV_AH864NB_FIORINO_OB-23";
"41";"MR-4294";"DIVISOR / SPLITTER X 2 SALIDAS PPC-CATV-HD-TV-TDA";"07";"Materiales consumibles de Redes. FO, UTP,  NAP.";"1,000";"0,000";"3RO_MOV_AD874FY_FIORINO_ZONAX_EZEQUIEL_04";
"41";"MR-4294";"DIVISOR / SPLITTER X 2 SALIDAS PPC-CATV-HD-TV-TDA";"07";"Materiales consumibles de Redes. FO, UTP,  NAP.";"5,000";"0,000";"DOSK_FIAT-PALIO_OUE911";
"41";"MR-4294";"DIVISOR / SPLITTER X 2 SALIDAS PPC-CATV-HD-TV-TDA";"07";"Materiales consumibles de Redes. FO, UTP,  NAP.";"2,000";"0,000";"3RO_MOV_NBF796_ZONAX_ANYELO_01";
"41";"MR-4294";"DIVISOR / SPLITTER X 2 SALIDAS PPC-CATV-HD-TV-TDA";"07";"Materiales consumibles de Redes. FO, UTP,  NAP.";"479,000";"0,000";"OBE_ALM_PRINCIPAL";
"41";"MR-4294";"DIVISOR / SPLITTER X 2 SALIDAS PPC-CATV-HD-TV-TDA";"07";"Materiales consumibles de Redes. FO, UTP,  NAP.";"7,000";"0,000";"OBE_MOV_AC325KI_PARTNER_OB04";
"41";"MR-4294";"DIVISOR / SPLITTER X 2 SALIDAS PPC-CATV-HD-TV-TDA";"07";"Materiales consumibles de Redes. FO, UTP,  NAP.";"2,000";"0,000";"OBE_MOV_AF626DO_FIORINO_OB07";
"41";"MR-4294";"DIVISOR / SPLITTER X 2 SALIDAS PPC-CATV-HD-TV-TDA";"07";"Materiales consumibles de Redes. FO, UTP,  NAP.";"4,000";"0,000";"OBE_MOV_AA701EZ_CLIO_OB09";
"41";"MR-4294";"DIVISOR / SPLITTER X 2 SALIDAS PPC-CATV-HD-TV-TDA";"07";"Materiales consumibles de Redes. FO, UTP,  NAP.";"5,000";"0,000";"OBE_MOV_AF645TX_BERLINGO_OB10";
"41";"MR-4294";"DIVISOR / SPLITTER X 2 SALIDAS PPC-CATV-HD-TV-TDA";"07";"Materiales consumibles de Redes. FO, UTP,  NAP.";"8,000";"0,000";"OBE_MOV_AG619SX_YARIS_OB11";
"41";"MR-4294";"DIVISOR / SPLITTER X 2 SALIDAS PPC-CATV-HD-TV-TDA";"07";"Materiales consumibles de Redes. FO, UTP,  NAP.";"6,000";"0,000";"OBE_MOV_AG660RM_FIORINO_OB13";
"41";"MR-4294";"DIVISOR / SPLITTER X 2 SALIDAS PPC-CATV-HD-TV-TDA";"07";"Materiales consumibles de Redes. FO, UTP,  NAP.";"9,000";"0,000";"OBE_MOV_AG619SY_YARIS_OB14";
"41";"MR-4294";"DIVISOR / SPLITTER X 2 SALIDAS PPC-CATV-HD-TV-TDA";"07";"Materiales consumibles de Redes. FO, UTP,  NAP.";"105,000";"0,000";"SPD_PRINCIPAL";
"41";"MR-4294";"DIVISOR / SPLITTER X 2 SALIDAS PPC-CATV-HD-TV-TDA";"07";"Materiales consumibles de Redes. FO, UTP,  NAP.";"4,000";"0,000";"SPD_CORSA_GWT145";
"41";"MR-4294";"DIVISOR / SPLITTER X 2 SALIDAS PPC-CATV-HD-TV-TDA";"07";"Materiales consumibles de Redes. FO, UTP,  NAP.";"7,000";"0,000";"SPD_FIORINO_AE226IV";
"41";"MR-4294";"DIVISOR / SPLITTER X 2 SALIDAS PPC-CATV-HD-TV-TDA";"07";"Materiales consumibles de Redes. FO, UTP,  NAP.";"8,000";"0,000";"SPD_KANGOO_LDM961";
"41";"MR-4294";"DIVISOR / SPLITTER X 2 SALIDAS PPC-CATV-HD-TV-TDA";"07";"Materiales consumibles de Redes. FO, UTP,  NAP.";"103,000";"0,000";"WND-PRINCIPAL";
"41";"MR-4294";"DIVISOR / SPLITTER X 2 SALIDAS PPC-CATV-HD-TV-TDA";"07";"Materiales consumibles de Redes. FO, UTP,  NAP.";"8,000";"0,000";"WND_ECOSPORT_EWD102";
"41";"MR-4294";"DIVISOR / SPLITTER X 2 SALIDAS PPC-CATV-HD-TV-TDA";"07";"Materiales consumibles de Redes. FO, UTP,  NAP.";"15,000";"0,000";"WND_YARIS_AG619SV_OB12";
"41";"MR-4294";"DIVISOR / SPLITTER X 2 SALIDAS PPC-CATV-HD-TV-TDA";"07";"Materiales consumibles de Redes. FO, UTP,  NAP.";"3,000";"0,000";"ELECTROTECNIA-MOVIL-02";
"41";"MR-4294";"DIVISOR / SPLITTER X 2 SALIDAS PPC-CATV-HD-TV-TDA";"07";"Materiales consumibles de Redes. FO, UTP,  NAP.";"1,000";"0,000";"TAVARES_MUW401_FACUNDO";
"41";"MR-4294";"DIVISOR / SPLITTER X 2 SALIDAS PPC-CATV-HD-TV-TDA";"07";"Materiales consumibles de Redes. FO, UTP,  NAP.";"3,000";"0,000";"TAVARES_BUJ117_AGUSTIN";
"41";"MR-4294";"DIVISOR / SPLITTER X 2 SALIDAS PPC-CATV-HD-TV-TDA";"07";"Materiales consumibles de Redes. FO, UTP,  NAP.";"1,000";"0,000";"OBE_AREA_RETIROS_DIEMINGER";
"41";"MR-4294";"DIVISOR / SPLITTER X 2 SALIDAS PPC-CATV-HD-TV-TDA";"07";"Materiales consumibles de Redes. FO, UTP,  NAP.";"2,000";"0,000";"TAVARES_FIAT-UNO_LEW916";
"41";"MR-4294";"DIVISOR / SPLITTER X 2 SALIDAS PPC-CATV-HD-TV-TDA";"07";"Materiales consumibles de Redes. FO, UTP,  NAP.";"5,000";"0,000";"TAVARES_FIAT-UNO_FZD571";
"41";"MR-4294";"DIVISOR / SPLITTER X 2 SALIDAS PPC-CATV-HD-TV-TDA";"07";"Materiales consumibles de Redes. FO, UTP,  NAP.";"15,000";"0,000";"DOSK_FIAT-UNO_NCQ134";
"41";"MR-4294";"DIVISOR / SPLITTER X 2 SALIDAS PPC-CATV-HD-TV-TDA";"07";"Materiales consumibles de Redes. FO, UTP,  NAP.";"11,000";"0,000";"DOSK_FIAT-PALIO_NUU379";
"41";"MR-4294";"DIVISOR / SPLITTER X 2 SALIDAS PPC-CATV-HD-TV-TDA";"07";"Materiales consumibles de Redes. FO, UTP,  NAP.";"5,000";"0,000";"OBE_FIORINO_AH259TN_OB16";
"41";"MR-4294";"DIVISOR / SPLITTER X 2 SALIDAS PPC-CATV-HD-TV-TDA";"07";"Materiales consumibles de Redes. FO, UTP,  NAP.";"20,000";"0,000";"SPD_FIATUNO_JQL437";
"40";"MR-4002";"DIVISOR / SPLITTER X 3 SALIDAS PPC-CATV-HD-TV-TDA";"07";"Materiales consumibles de Redes. FO, UTP,  NAP.";"226,000";"0,000";"OBE_ALM_PRINCIPAL";
"40";"MR-4002";"DIVISOR / SPLITTER X 3 SALIDAS PPC-CATV-HD-TV-TDA";"07";"Materiales consumibles de Redes. FO, UTP,  NAP.";"15,000";"0,000";"3RO_MOV_AC343ZR_TAVARES_DANIEL";
"40";"MR-4002";"DIVISOR / SPLITTER X 3 SALIDAS PPC-CATV-HD-TV-TDA";"07";"Materiales consumibles de Redes. FO, UTP,  NAP.";"5,000";"0,000";"DOSK_FIAT-PALIO_OUE911";
"40";"MR-4002";"DIVISOR / SPLITTER X 3 SALIDAS PPC-CATV-HD-TV-TDA";"07";"Materiales consumibles de Redes. FO, UTP,  NAP.";"3,000";"0,000";"3RO_MOV_AD874FY_FIORINO_ZONAX_EZEQUIEL_04";
"40";"MR-4002";"DIVISOR / SPLITTER X 3 SALIDAS PPC-CATV-HD-TV-TDA";"07";"Materiales consumibles de Redes. FO, UTP,  NAP.";"8,000";"0,000";"ITU_MOV_AH864NB_FIORINO_OB-23";
"40";"MR-4002";"DIVISOR / SPLITTER X 3 SALIDAS PPC-CATV-HD-TV-TDA";"07";"Materiales consumibles de Redes. FO, UTP,  NAP.";"5,000";"0,000";"SPD_FIORINO_AH646PV";
"40";"MR-4002";"DIVISOR / SPLITTER X 3 SALIDAS PPC-CATV-HD-TV-TDA";"07";"Materiales consumibles de Redes. FO, UTP,  NAP.";"9,000";"0,000";"SPD_PEUGEOT206_FHB226";
"40";"MR-4002";"DIVISOR / SPLITTER X 3 SALIDAS PPC-CATV-HD-TV-TDA";"07";"Materiales consumibles de Redes. FO, UTP,  NAP.";"8,000";"0,000";"3RO_MOV_KEO663_TAVARES_CLAUDIO";
"40";"MR-4002";"DIVISOR / SPLITTER X 3 SALIDAS PPC-CATV-HD-TV-TDA";"07";"Materiales consumibles de Redes. FO, UTP,  NAP.";"5,000";"0,000";"3RO_MOV_DAX488_ZONAX_ABEL_03";
"40";"MR-4002";"DIVISOR / SPLITTER X 3 SALIDAS PPC-CATV-HD-TV-TDA";"07";"Materiales consumibles de Redes. FO, UTP,  NAP.";"75,000";"0,000";"ELDO_ALM_PRINCIPAL";
"40";"MR-4002";"DIVISOR / SPLITTER X 3 SALIDAS PPC-CATV-HD-TV-TDA";"07";"Materiales consumibles de Redes. FO, UTP,  NAP.";"82,000";"0,000";"ITU_ALM_PRINCIPAL";
"40";"MR-4002";"DIVISOR / SPLITTER X 3 SALIDAS PPC-CATV-HD-TV-TDA";"07";"Materiales consumibles de Redes. FO, UTP,  NAP.";"7,000";"0,000";"WND_ALM_EXTRAV_FIAT-UNO_NCQ134";
"40";"MR-4002";"DIVISOR / SPLITTER X 3 SALIDAS PPC-CATV-HD-TV-TDA";"07";"Materiales consumibles de Redes. FO, UTP,  NAP.";"1,000";"0,000";"WND_ALM_EXTRAV_OB16_AH259TN";
"40";"MR-4002";"DIVISOR / SPLITTER X 3 SALIDAS PPC-CATV-HD-TV-TDA";"07";"Materiales consumibles de Redes. FO, UTP,  NAP.";"6,000";"0,000";"OBE_MOV_AH259TD_FIORINO_OB17";
"40";"MR-4002";"DIVISOR / SPLITTER X 3 SALIDAS PPC-CATV-HD-TV-TDA";"07";"Materiales consumibles de Redes. FO, UTP,  NAP.";"5,000";"0,000";"OBE_ALM_EXTRAV_EMA_PALCZYKOWSKI";
"40";"MR-4002";"DIVISOR / SPLITTER X 3 SALIDAS PPC-CATV-HD-TV-TDA";"07";"Materiales consumibles de Redes. FO, UTP,  NAP.";"16,000";"0,000";"WND_ECOSPORT_EWD102";
"40";"MR-4002";"DIVISOR / SPLITTER X 3 SALIDAS PPC-CATV-HD-TV-TDA";"07";"Materiales consumibles de Redes. FO, UTP,  NAP.";"20,000";"0,000";"3RO_MOV_NBF796_ZONAX_ANYELO_01";
"40";"MR-4002";"DIVISOR / SPLITTER X 3 SALIDAS PPC-CATV-HD-TV-TDA";"07";"Materiales consumibles de Redes. FO, UTP,  NAP.";"13,000";"0,000";"SPD_FIATUNO_JQL437";
"40";"MR-4002";"DIVISOR / SPLITTER X 3 SALIDAS PPC-CATV-HD-TV-TDA";"07";"Materiales consumibles de Redes. FO, UTP,  NAP.";"10,000";"0,000";"OBE_FIORINO_AH259TN_OB16";
"40";"MR-4002";"DIVISOR / SPLITTER X 3 SALIDAS PPC-CATV-HD-TV-TDA";"07";"Materiales consumibles de Redes. FO, UTP,  NAP.";"10,000";"0,000";"DOSK_FIAT-PALIO_NUU379";
"40";"MR-4002";"DIVISOR / SPLITTER X 3 SALIDAS PPC-CATV-HD-TV-TDA";"07";"Materiales consumibles de Redes. FO, UTP,  NAP.";"8,000";"0,000";"DOSK_FIAT-UNO_NCQ134";
"40";"MR-4002";"DIVISOR / SPLITTER X 3 SALIDAS PPC-CATV-HD-TV-TDA";"07";"Materiales consumibles de Redes. FO, UTP,  NAP.";"2,000";"0,000";"TAVARES_FIAT-UNO_FZD571";
"40";"MR-4002";"DIVISOR / SPLITTER X 3 SALIDAS PPC-CATV-HD-TV-TDA";"07";"Materiales consumibles de Redes. FO, UTP,  NAP.";"6,000";"0,000";"TAVARES_FIAT-UNO_LEW916";
"40";"MR-4002";"DIVISOR / SPLITTER X 3 SALIDAS PPC-CATV-HD-TV-TDA";"07";"Materiales consumibles de Redes. FO, UTP,  NAP.";"5,000";"0,000";"TAVARES_BUJ117_AGUSTIN";
"40";"MR-4002";"DIVISOR / SPLITTER X 3 SALIDAS PPC-CATV-HD-TV-TDA";"07";"Materiales consumibles de Redes. FO, UTP,  NAP.";"6,000";"0,000";"TAVARES_MUW401_FACUNDO";
"40";"MR-4002";"DIVISOR / SPLITTER X 3 SALIDAS PPC-CATV-HD-TV-TDA";"07";"Materiales consumibles de Redes. FO, UTP,  NAP.";"2,000";"0,000";"3RO_MOV_LUZ110_ZONAX_PETRY_02";
"40";"MR-4002";"DIVISOR / SPLITTER X 3 SALIDAS PPC-CATV-HD-TV-TDA";"07";"Materiales consumibles de Redes. FO, UTP,  NAP.";"2,000";"0,000";"TAVARES_WWP416_MARBIN";
"40";"MR-4002";"DIVISOR / SPLITTER X 3 SALIDAS PPC-CATV-HD-TV-TDA";"07";"Materiales consumibles de Redes. FO, UTP,  NAP.";"3,000";"0,000";"OCAMPO-MOVIL01";
"40";"MR-4002";"DIVISOR / SPLITTER X 3 SALIDAS PPC-CATV-HD-TV-TDA";"07";"Materiales consumibles de Redes. FO, UTP,  NAP.";"7,000";"0,000";"ELECTROTECNIA-MOVIL-02";
"40";"MR-4002";"DIVISOR / SPLITTER X 3 SALIDAS PPC-CATV-HD-TV-TDA";"07";"Materiales consumibles de Redes. FO, UTP,  NAP.";"6,000";"0,000";"WND_YARIS_AG619SV_OB12";
"40";"MR-4002";"DIVISOR / SPLITTER X 3 SALIDAS PPC-CATV-HD-TV-TDA";"07";"Materiales consumibles de Redes. FO, UTP,  NAP.";"9,000";"0,000";"OBE_MOV_AC325KI_PARTNER_OB04";
"40";"MR-4002";"DIVISOR / SPLITTER X 3 SALIDAS PPC-CATV-HD-TV-TDA";"07";"Materiales consumibles de Redes. FO, UTP,  NAP.";"170,000";"0,000";"WND-PRINCIPAL";
"40";"MR-4002";"DIVISOR / SPLITTER X 3 SALIDAS PPC-CATV-HD-TV-TDA";"07";"Materiales consumibles de Redes. FO, UTP,  NAP.";"10,000";"0,000";"SPD_KANGOO_LDM961";
"40";"MR-4002";"DIVISOR / SPLITTER X 3 SALIDAS PPC-CATV-HD-TV-TDA";"07";"Materiales consumibles de Redes. FO, UTP,  NAP.";"13,000";"0,000";"SPD_FIORINO_AE226IV";
"40";"MR-4002";"DIVISOR / SPLITTER X 3 SALIDAS PPC-CATV-HD-TV-TDA";"07";"Materiales consumibles de Redes. FO, UTP,  NAP.";"5,000";"0,000";"SPD_CORSA_GWT145";
"40";"MR-4002";"DIVISOR / SPLITTER X 3 SALIDAS PPC-CATV-HD-TV-TDA";"07";"Materiales consumibles de Redes. FO, UTP,  NAP.";"46,000";"0,000";"SPD_PRINCIPAL";
"40";"MR-4002";"DIVISOR / SPLITTER X 3 SALIDAS PPC-CATV-HD-TV-TDA";"07";"Materiales consumibles de Redes. FO, UTP,  NAP.";"11,000";"0,000";"OBE_MOV_AG619SY_YARIS_OB14";
"40";"MR-4002";"DIVISOR / SPLITTER X 3 SALIDAS PPC-CATV-HD-TV-TDA";"07";"Materiales consumibles de Redes. FO, UTP,  NAP.";"7,000";"0,000";"OBE_MOV_AG660RM_FIORINO_OB13";
"40";"MR-4002";"DIVISOR / SPLITTER X 3 SALIDAS PPC-CATV-HD-TV-TDA";"07";"Materiales consumibles de Redes. FO, UTP,  NAP.";"9,000";"0,000";"OBE_MOV_AG619SX_YARIS_OB11";
"40";"MR-4002";"DIVISOR / SPLITTER X 3 SALIDAS PPC-CATV-HD-TV-TDA";"07";"Materiales consumibles de Redes. FO, UTP,  NAP.";"5,000";"0,000";"OBE_MOV_AF645TX_BERLINGO_OB10";
"40";"MR-4002";"DIVISOR / SPLITTER X 3 SALIDAS PPC-CATV-HD-TV-TDA";"07";"Materiales consumibles de Redes. FO, UTP,  NAP.";"3,000";"0,000";"OBE_MOV_AA701EZ_CLIO_OB09";
"40";"MR-4002";"DIVISOR / SPLITTER X 3 SALIDAS PPC-CATV-HD-TV-TDA";"07";"Materiales consumibles de Redes. FO, UTP,  NAP.";"5,000";"0,000";"OBE_MOV_AF626DO_FIORINO_OB07";
"626";"MR-5052";"DROP LANLY 1CORE TERSOR ACERO";"02";"Materiales consumibles de Redes. FO, UTP,  NAP.";"26,000";"0,000";"SPD_KANGOO_LDM961";
"29";"MR-4489";"DROP POWER 1HILO TENSOR ACERO";"02";"Materiales consumibles de Redes. FO, UTP,  NAP.";"401,000";"0,000";"OBE_ALM_PRINCIPAL";
"346";"MR-4575";"DROP PROFIBER 1CORE TERSOR ACERO";"02";"Materiales consumibles de Redes. FO, UTP,  NAP.";"1000,000";"0,000";"OBE_ALM_PRINCIPAL";
"38";"MR-3621";"ELEC GRAMPA (CLIP) SUJETA CABLE TV COAXIL NÂ°6- N/B CAJA 50U";"07";"Materiales consumibles de Redes. FO, UTP,  NAP.";"6,000";"0,000";"DOSK_FIAT-UNO_NCQ134";
"38";"MR-3621";"ELEC GRAMPA (CLIP) SUJETA CABLE TV COAXIL NÂ°6- N/B CAJA 50U";"07";"Materiales consumibles de Redes. FO, UTP,  NAP.";"1,000";"0,000";"OBE_MOV_AC301UR_PARTNER_OB05";
"38";"MR-3621";"ELEC GRAMPA (CLIP) SUJETA CABLE TV COAXIL NÂ°6- N/B CAJA 50U";"07";"Materiales consumibles de Redes. FO, UTP,  NAP.";"2,000";"0,000";"TAVARES_FIAT-UNO_LEW916";
"38";"MR-3621";"ELEC GRAMPA (CLIP) SUJETA CABLE TV COAXIL NÂ°6- N/B CAJA 50U";"07";"Materiales consumibles de Redes. FO, UTP,  NAP.";"1,000";"0,000";"OCAMPO-MOVIL01";
"38";"MR-3621";"ELEC GRAMPA (CLIP) SUJETA CABLE TV COAXIL NÂ°6- N/B CAJA 50U";"07";"Materiales consumibles de Redes. FO, UTP,  NAP.";"4,000";"0,000";"WND_YARIS_AG619SV_OB12";
"38";"MR-3621";"ELEC GRAMPA (CLIP) SUJETA CABLE TV COAXIL NÂ°6- N/B CAJA 50U";"07";"Materiales consumibles de Redes. FO, UTP,  NAP.";"7,000";"1,000";"WND_ECOSPORT_EWD102";
"38";"MR-3621";"ELEC GRAMPA (CLIP) SUJETA CABLE TV COAXIL NÂ°6- N/B CAJA 50U";"07";"Materiales consumibles de Redes. FO, UTP,  NAP.";"36,000";"0,000";"WND-PRINCIPAL";
"38";"MR-3621";"ELEC GRAMPA (CLIP) SUJETA CABLE TV COAXIL NÂ°6- N/B CAJA 50U";"07";"Materiales consumibles de Redes. FO, UTP,  NAP.";"1,000";"0,000";"SPD_RANGER_KNV423";
"38";"MR-3621";"ELEC GRAMPA (CLIP) SUJETA CABLE TV COAXIL NÂ°6- N/B CAJA 50U";"07";"Materiales consumibles de Redes. FO, UTP,  NAP.";"2,000";"0,000";"SPD_KANGOO_LDM961";
"38";"MR-3621";"ELEC GRAMPA (CLIP) SUJETA CABLE TV COAXIL NÂ°6- N/B CAJA 50U";"07";"Materiales consumibles de Redes. FO, UTP,  NAP.";"1,000";"0,000";"SPD_CORSA_GWT145";
"38";"MR-3621";"ELEC GRAMPA (CLIP) SUJETA CABLE TV COAXIL NÂ°6- N/B CAJA 50U";"07";"Materiales consumibles de Redes. FO, UTP,  NAP.";"3,000";"0,000";"3RO_MOV_AD874FY_FIORINO_ZONAX_EZEQUIEL_04";
"38";"MR-3621";"ELEC GRAMPA (CLIP) SUJETA CABLE TV COAXIL NÂ°6- N/B CAJA 50U";"07";"Materiales consumibles de Redes. FO, UTP,  NAP.";"3,000";"0,000";"OBE_MOV_AG619SY_YARIS_OB14";
"38";"MR-3621";"ELEC GRAMPA (CLIP) SUJETA CABLE TV COAXIL NÂ°6- N/B CAJA 50U";"07";"Materiales consumibles de Redes. FO, UTP,  NAP.";"3,000";"0,000";"OBE_MOV_AG660RM_FIORINO_OB13";
"38";"MR-3621";"ELEC GRAMPA (CLIP) SUJETA CABLE TV COAXIL NÂ°6- N/B CAJA 50U";"07";"Materiales consumibles de Redes. FO, UTP,  NAP.";"2,000";"0,000";"OBE_MOV_AF645TX_BERLINGO_OB10";
"38";"MR-3621";"ELEC GRAMPA (CLIP) SUJETA CABLE TV COAXIL NÂ°6- N/B CAJA 50U";"07";"Materiales consumibles de Redes. FO, UTP,  NAP.";"4,000";"0,000";"OBE_MOV_AA701EZ_CLIO_OB09";
"38";"MR-3621";"ELEC GRAMPA (CLIP) SUJETA CABLE TV COAXIL NÂ°6- N/B CAJA 50U";"07";"Materiales consumibles de Redes. FO, UTP,  NAP.";"3,000";"0,000";"OBE_MOV_AF626DO_FIORINO_OB07";
"38";"MR-3621";"ELEC GRAMPA (CLIP) SUJETA CABLE TV COAXIL NÂ°6- N/B CAJA 50U";"07";"Materiales consumibles de Redes. FO, UTP,  NAP.";"5,000";"0,000";"OBE_MOV_AC325KI_PARTNER_OB04";
"38";"MR-3621";"ELEC GRAMPA (CLIP) SUJETA CABLE TV COAXIL NÂ°6- N/B CAJA 50U";"07";"Materiales consumibles de Redes. FO, UTP,  NAP.";"554,000";"0,000";"OBE_ALM_PRINCIPAL";
"38";"MR-3621";"ELEC GRAMPA (CLIP) SUJETA CABLE TV COAXIL NÂ°6- N/B CAJA 50U";"07";"Materiales consumibles de Redes. FO, UTP,  NAP.";"3,000";"0,000";"DOSK_FIAT-PALIO_OUE911";
"38";"MR-3621";"ELEC GRAMPA (CLIP) SUJETA CABLE TV COAXIL NÂ°6- N/B CAJA 50U";"07";"Materiales consumibles de Redes. FO, UTP,  NAP.";"2,000";"0,000";"DOSK_FIAT-PALIO_NUU379";
"38";"MR-3621";"ELEC GRAMPA (CLIP) SUJETA CABLE TV COAXIL NÂ°6- N/B CAJA 50U";"07";"Materiales consumibles de Redes. FO, UTP,  NAP.";"1,000";"0,000";"TAVARES_FIAT-UNO_FZD571";
"38";"MR-3621";"ELEC GRAMPA (CLIP) SUJETA CABLE TV COAXIL NÂ°6- N/B CAJA 50U";"07";"Materiales consumibles de Redes. FO, UTP,  NAP.";"2,000";"0,000";"ITU_MOV_AH864NB_FIORINO_OB-23";
"38";"MR-3621";"ELEC GRAMPA (CLIP) SUJETA CABLE TV COAXIL NÂ°6- N/B CAJA 50U";"07";"Materiales consumibles de Redes. FO, UTP,  NAP.";"5,000";"0,000";"ELDO_MOVIL_AH646PT_FIORINO";
"38";"MR-3621";"ELEC GRAMPA (CLIP) SUJETA CABLE TV COAXIL NÂ°6- N/B CAJA 50U";"07";"Materiales consumibles de Redes. FO, UTP,  NAP.";"2,000";"0,000";"SPD_FIORINO_AH646PV";
"38";"MR-3621";"ELEC GRAMPA (CLIP) SUJETA CABLE TV COAXIL NÂ°6- N/B CAJA 50U";"07";"Materiales consumibles de Redes. FO, UTP,  NAP.";"2,000";"0,000";"SPD_PEUGEOT206_FHB226";
"38";"MR-3621";"ELEC GRAMPA (CLIP) SUJETA CABLE TV COAXIL NÂ°6- N/B CAJA 50U";"07";"Materiales consumibles de Redes. FO, UTP,  NAP.";"3,000";"0,000";"3RO_MOV_KEO663_TAVARES_CLAUDIO";
"38";"MR-3621";"ELEC GRAMPA (CLIP) SUJETA CABLE TV COAXIL NÂ°6- N/B CAJA 50U";"07";"Materiales consumibles de Redes. FO, UTP,  NAP.";"3,000";"0,000";"3RO_MOV_DAX488_ZONAX_ABEL_03";
"38";"MR-3621";"ELEC GRAMPA (CLIP) SUJETA CABLE TV COAXIL NÂ°6- N/B CAJA 50U";"07";"Materiales consumibles de Redes. FO, UTP,  NAP.";"53,000";"0,000";"ELDO_ALM_PRINCIPAL";
"38";"MR-3621";"ELEC GRAMPA (CLIP) SUJETA CABLE TV COAXIL NÂ°6- N/B CAJA 50U";"07";"Materiales consumibles de Redes. FO, UTP,  NAP.";"1,000";"0,000";"OBE_ALM_T-I";
"38";"MR-3621";"ELEC GRAMPA (CLIP) SUJETA CABLE TV COAXIL NÂ°6- N/B CAJA 50U";"07";"Materiales consumibles de Redes. FO, UTP,  NAP.";"5,000";"0,000";"OBE_MOV_AH259TD_FIORINO_OB17";
"38";"MR-3621";"ELEC GRAMPA (CLIP) SUJETA CABLE TV COAXIL NÂ°6- N/B CAJA 50U";"07";"Materiales consumibles de Redes. FO, UTP,  NAP.";"4,000";"0,000";"WND_ALM_EXTRAV_PRINCIPAL";
"38";"MR-3621";"ELEC GRAMPA (CLIP) SUJETA CABLE TV COAXIL NÂ°6- N/B CAJA 50U";"07";"Materiales consumibles de Redes. FO, UTP,  NAP.";"1,000";"0,000";"3RO_MOV_AC343ZR_TAVARES_DANIEL";
"38";"MR-3621";"ELEC GRAMPA (CLIP) SUJETA CABLE TV COAXIL NÂ°6- N/B CAJA 50U";"07";"Materiales consumibles de Redes. FO, UTP,  NAP.";"2,000";"0,000";"3RO_MOV_NBF796_ZONAX_ANYELO_01";
"38";"MR-3621";"ELEC GRAMPA (CLIP) SUJETA CABLE TV COAXIL NÂ°6- N/B CAJA 50U";"07";"Materiales consumibles de Redes. FO, UTP,  NAP.";"1,000";"0,000";"SPD_FIATUNO_JQL437";
"38";"MR-3621";"ELEC GRAMPA (CLIP) SUJETA CABLE TV COAXIL NÂ°6- N/B CAJA 50U";"07";"Materiales consumibles de Redes. FO, UTP,  NAP.";"3,000";"0,000";"OBE_FIORINO_AH259TN_OB16";
"38";"MR-3621";"ELEC GRAMPA (CLIP) SUJETA CABLE TV COAXIL NÂ°6- N/B CAJA 50U";"07";"Materiales consumibles de Redes. FO, UTP,  NAP.";"80,000";"0,000";"ITU_ALM_PRINCIPAL";
"312";"MR-2626";"FLEJE DE ACERO 1/2 0.5 25MTS";"07";"Materiales consumibles de Redes. FO, UTP,  NAP.";"3,000";"0,000";"OBE_ALM_PRINCIPAL";
"312";"MR-2626";"FLEJE DE ACERO 1/2 0.5 25MTS";"07";"Materiales consumibles de Redes. FO, UTP,  NAP.";"10,000";"0,000";"SPD_PRINCIPAL";
"323";"MR-3563";"FLEJE DE ACERO 3/4 0.7 25MTS";"07";"Materiales consumibles de Redes. FO, UTP,  NAP.";"3,000";"0,000";"OBE_MOV_AF288VL_TOYOTA_OB06";
"323";"MR-3563";"FLEJE DE ACERO 3/4 0.7 25MTS";"07";"Materiales consumibles de Redes. FO, UTP,  NAP.";"1,000";"0,000";"OBE_ALM_PRINCIPAL";
"323";"MR-3563";"FLEJE DE ACERO 3/4 0.7 25MTS";"07";"Materiales consumibles de Redes. FO, UTP,  NAP.";"3,000";"0,000";"SPD_PRINCIPAL";
"323";"MR-3563";"FLEJE DE ACERO 3/4 0.7 25MTS";"07";"Materiales consumibles de Redes. FO, UTP,  NAP.";"2,000";"0,000";"WND-PRINCIPAL";
"323";"MR-3563";"FLEJE DE ACERO 3/4 0.7 25MTS";"07";"Materiales consumibles de Redes. FO, UTP,  NAP.";"1,000";"0,000";"TAVARES_MUW401_FACUNDO";
"323";"MR-3563";"FLEJE DE ACERO 3/4 0.7 25MTS";"07";"Materiales consumibles de Redes. FO, UTP,  NAP.";"1,000";"0,000";"OBE_FIORINO_AH259TN_OB16";
"323";"MR-3563";"FLEJE DE ACERO 3/4 0.7 25MTS";"07";"Materiales consumibles de Redes. FO, UTP,  NAP.";"9,000";"0,000";"3RO_PROY_OBRA_BYTE-CARLOS";
"323";"MR-3563";"FLEJE DE ACERO 3/4 0.7 25MTS";"07";"Materiales consumibles de Redes. FO, UTP,  NAP.";"1,000";"0,000";"3RO_MOV_NBF796_ZONAX_ANYELO_01";
"323";"MR-3563";"FLEJE DE ACERO 3/4 0.7 25MTS";"07";"Materiales consumibles de Redes. FO, UTP,  NAP.";"35,000";"0,000";"ITU_ALM_PRINCIPAL";
"323";"MR-3563";"FLEJE DE ACERO 3/4 0.7 25MTS";"07";"Materiales consumibles de Redes. FO, UTP,  NAP.";"31,000";"18,000";"NordesteTelecomunicaciones_ALM_Tercero_ITU";
"323";"MR-3563";"FLEJE DE ACERO 3/4 0.7 25MTS";"07";"Materiales consumibles de Redes. FO, UTP,  NAP.";"30,000";"0,000";"ELDO_ALM_PRINCIPAL";
"323";"MR-3563";"FLEJE DE ACERO 3/4 0.7 25MTS";"07";"Materiales consumibles de Redes. FO, UTP,  NAP.";"1,000";"0,000";"OBE_MOV_AC301UR_PARTNER_OB05";
"323";"MR-3563";"FLEJE DE ACERO 3/4 0.7 25MTS";"07";"Materiales consumibles de Redes. FO, UTP,  NAP.";"1,000";"0,000";"OBE_MOV_AF626DQ_FIORINO_OB08";
"323";"MR-3563";"FLEJE DE ACERO 3/4 0.7 25MTS";"07";"Materiales consumibles de Redes. FO, UTP,  NAP.";"2,000";"0,000";"OBE_MOV_AH158HO_MRCDS-1016";
"323";"MR-3563";"FLEJE DE ACERO 3/4 0.7 25MTS";"07";"Materiales consumibles de Redes. FO, UTP,  NAP.";"265,000";"0,000";"OBE_ALM_CATRIEL";
"323";"MR-3563";"FLEJE DE ACERO 3/4 0.7 25MTS";"07";"Materiales consumibles de Redes. FO, UTP,  NAP.";"5,000";"0,000";"OBE_ALM_REDES";
"474";"MR-4625";"FO DROP 1F  FIBER HOME";"02";"Materiales consumibles de Redes. FO, UTP,  NAP.";"925,000";"0,000";"OCAMPO-MOVIL01";
"474";"MR-4625";"FO DROP 1F  FIBER HOME";"02";"Materiales consumibles de Redes. FO, UTP,  NAP.";"460,000";"0,000";"OBE_MOV_AG619SY_YARIS_OB14";
"474";"MR-4625";"FO DROP 1F  FIBER HOME";"02";"Materiales consumibles de Redes. FO, UTP,  NAP.";"300,000";"0,000";"ELECTROTECNIA-MOVIL-02";
"474";"MR-4625";"FO DROP 1F  FIBER HOME";"02";"Materiales consumibles de Redes. FO, UTP,  NAP.";"1084,000";"21,000";"WND_YARIS_AG619SV_OB12";
"474";"MR-4625";"FO DROP 1F  FIBER HOME";"02";"Materiales consumibles de Redes. FO, UTP,  NAP.";"428,000";"0,000";"WND_ECOSPORT_EWD102";
"474";"MR-4625";"FO DROP 1F  FIBER HOME";"02";"Materiales consumibles de Redes. FO, UTP,  NAP.";"6000,000";"0,000";"WND-PRINCIPAL";
"474";"MR-4625";"FO DROP 1F  FIBER HOME";"02";"Materiales consumibles de Redes. FO, UTP,  NAP.";"1000,000";"0,000";"SPD_RANGER_KNV423";
"474";"MR-4625";"FO DROP 1F  FIBER HOME";"02";"Materiales consumibles de Redes. FO, UTP,  NAP.";"832,000";"0,000";"SPD_KANGOO_LDM961";
"474";"MR-4625";"FO DROP 1F  FIBER HOME";"02";"Materiales consumibles de Redes. FO, UTP,  NAP.";"1201,000";"0,000";"SPD_GOL_IZF196";
"474";"MR-4625";"FO DROP 1F  FIBER HOME";"02";"Materiales consumibles de Redes. FO, UTP,  NAP.";"943,000";"0,000";"SPD_FIORINO_AE226IV";
"474";"MR-4625";"FO DROP 1F  FIBER HOME";"02";"Materiales consumibles de Redes. FO, UTP,  NAP.";"215,000";"0,000";"SPD_CORSA_GWT145";
"474";"MR-4625";"FO DROP 1F  FIBER HOME";"02";"Materiales consumibles de Redes. FO, UTP,  NAP.";"6000,000";"0,000";"SPD_PRINCIPAL";
"474";"MR-4625";"FO DROP 1F  FIBER HOME";"02";"Materiales consumibles de Redes. FO, UTP,  NAP.";"1006,000";"122,000";"3RO_MOV_LUZ110_ZONAX_PETRY_02";
"474";"MR-4625";"FO DROP 1F  FIBER HOME";"02";"Materiales consumibles de Redes. FO, UTP,  NAP.";"542,000";"0,000";"OBE_MOV_AG660RM_FIORINO_OB13";
"474";"MR-4625";"FO DROP 1F  FIBER HOME";"02";"Materiales consumibles de Redes. FO, UTP,  NAP.";"1070,000";"0,000";"OBE_MOV_AG619SX_YARIS_OB11";
"474";"MR-4625";"FO DROP 1F  FIBER HOME";"02";"Materiales consumibles de Redes. FO, UTP,  NAP.";"554,000";"0,000";"OBE_MOV_AF645TX_BERLINGO_OB10";
"474";"MR-4625";"FO DROP 1F  FIBER HOME";"02";"Materiales consumibles de Redes. FO, UTP,  NAP.";"274,000";"0,000";"OBE_MOV_AA701EZ_CLIO_OB09";
"474";"MR-4625";"FO DROP 1F  FIBER HOME";"02";"Materiales consumibles de Redes. FO, UTP,  NAP.";"760,000";"0,000";"OBE_MOV_AF626DO_FIORINO_OB07";
"474";"MR-4625";"FO DROP 1F  FIBER HOME";"02";"Materiales consumibles de Redes. FO, UTP,  NAP.";"841,000";"0,000";"OBE_MOV_AC325KI_PARTNER_OB04";
"474";"MR-4625";"FO DROP 1F  FIBER HOME";"02";"Materiales consumibles de Redes. FO, UTP,  NAP.";"109000,000";"0,000";"OBE_ALM_CATRIEL";
"474";"MR-4625";"FO DROP 1F  FIBER HOME";"02";"Materiales consumibles de Redes. FO, UTP,  NAP.";"1000,000";"0,000";"OBE_ALM_REDES";
"474";"MR-4625";"FO DROP 1F  FIBER HOME";"02";"Materiales consumibles de Redes. FO, UTP,  NAP.";"3000,000";"0,000";"OBE_ALM_PRINCIPAL";
"474";"MR-4625";"FO DROP 1F  FIBER HOME";"02";"Materiales consumibles de Redes. FO, UTP,  NAP.";"23000,000";"0,000";"ELDO_ALM_PRINCIPAL";
"474";"MR-4625";"FO DROP 1F  FIBER HOME";"02";"Materiales consumibles de Redes. FO, UTP,  NAP.";"380,000";"0,000";"OBE_FIORINO_AH259TN_OB16";
"474";"MR-4625";"FO DROP 1F  FIBER HOME";"02";"Materiales consumibles de Redes. FO, UTP,  NAP.";"1345,000";"0,000";"SPD_FIATUNO_JQL437";
"474";"MR-4625";"FO DROP 1F  FIBER HOME";"02";"Materiales consumibles de Redes. FO, UTP,  NAP.";"1000,000";"0,000";"Lucas_ Ventas B2B";
"474";"MR-4625";"FO DROP 1F  FIBER HOME";"02";"Materiales consumibles de Redes. FO, UTP,  NAP.";"444,000";"0,000";"ITU_MOV_AH864NB_FIORINO_OB-23";
"474";"MR-4625";"FO DROP 1F  FIBER HOME";"02";"Materiales consumibles de Redes. FO, UTP,  NAP.";"901,000";"0,000";"ELDO_MOVIL_AH646PT_FIORINO";
"474";"MR-4625";"FO DROP 1F  FIBER HOME";"02";"Materiales consumibles de Redes. FO, UTP,  NAP.";"978,000";"0,000";"SPD_FIORINO_AH646PV";
"474";"MR-4625";"FO DROP 1F  FIBER HOME";"02";"Materiales consumibles de Redes. FO, UTP,  NAP.";"693,000";"0,000";"SPD_PEUGEOT206_FHB226";
"474";"MR-4625";"FO DROP 1F  FIBER HOME";"02";"Materiales consumibles de Redes. FO, UTP,  NAP.";"528,000";"0,000";"3RO_MOV_KEO663_TAVARES_CLAUDIO";
"474";"MR-4625";"FO DROP 1F  FIBER HOME";"02";"Materiales consumibles de Redes. FO, UTP,  NAP.";"564,000";"0,000";"3RO_MOV_DAX488_ZONAX_ABEL_03";
"474";"MR-4625";"FO DROP 1F  FIBER HOME";"02";"Materiales consumibles de Redes. FO, UTP,  NAP.";"1280,000";"0,000";"DOSK_FIAT-PALIO_NUU379";
"474";"MR-4625";"FO DROP 1F  FIBER HOME";"02";"Materiales consumibles de Redes. FO, UTP,  NAP.";"9998,000";"0,000";"ITU_ALM_PRINCIPAL";
"474";"MR-4625";"FO DROP 1F  FIBER HOME";"02";"Materiales consumibles de Redes. FO, UTP,  NAP.";"290,000";"0,000";"WND_ALM_EXTRAV_OB16_AH259TN";
"474";"MR-4625";"FO DROP 1F  FIBER HOME";"02";"Materiales consumibles de Redes. FO, UTP,  NAP.";"1080,000";"0,000";"OBE_MOV_AH259TD_FIORINO_OB17";
"474";"MR-4625";"FO DROP 1F  FIBER HOME";"02";"Materiales consumibles de Redes. FO, UTP,  NAP.";"2,000";"0,000";"OBE_ALM_EXTRAV_OB10_SEBASTIAN_DS";
"474";"MR-4625";"FO DROP 1F  FIBER HOME";"02";"Materiales consumibles de Redes. FO, UTP,  NAP.";"138,000";"0,000";"OBE_ALM_EXTRAV_OB04_EMILIANO";
"474";"MR-4625";"FO DROP 1F  FIBER HOME";"02";"Materiales consumibles de Redes. FO, UTP,  NAP.";"58,000";"0,000";"OBE_ALM_EXTRAV_OB11_FABIAN";
"474";"MR-4625";"FO DROP 1F  FIBER HOME";"02";"Materiales consumibles de Redes. FO, UTP,  NAP.";"100,000";"0,000";"OBE_ALM_EXTRAV_DANI_OCAMPO";
"474";"MR-4625";"FO DROP 1F  FIBER HOME";"02";"Materiales consumibles de Redes. FO, UTP,  NAP.";"423,000";"0,000";"3RO_MOV_AC343ZR_TAVARES_DANIEL";
"474";"MR-4625";"FO DROP 1F  FIBER HOME";"02";"Materiales consumibles de Redes. FO, UTP,  NAP.";"1085,000";"0,000";"3RO_MOV_NBF796_ZONAX_ANYELO_01";
"474";"MR-4625";"FO DROP 1F  FIBER HOME";"02";"Materiales consumibles de Redes. FO, UTP,  NAP.";"770,000";"0,000";"DOSK_FIAT-UNO_NCQ134";
"474";"MR-4625";"FO DROP 1F  FIBER HOME";"02";"Materiales consumibles de Redes. FO, UTP,  NAP.";"1000,000";"0,000";"TAVARES_FIAT-UNO_FZD571";
"474";"MR-4625";"FO DROP 1F  FIBER HOME";"02";"Materiales consumibles de Redes. FO, UTP,  NAP.";"439,000";"0,000";"TAVARES_FIAT-UNO_LEW916";
"474";"MR-4625";"FO DROP 1F  FIBER HOME";"02";"Materiales consumibles de Redes. FO, UTP,  NAP.";"1000,000";"0,000";"TAVARES_MUW401_FACUNDO";
"474";"MR-4625";"FO DROP 1F  FIBER HOME";"02";"Materiales consumibles de Redes. FO, UTP,  NAP.";"679,000";"0,000";"3RO_MOV_AD874FY_FIORINO_ZONAX_EZEQUIEL_04";
"474";"MR-4625";"FO DROP 1F  FIBER HOME";"02";"Materiales consumibles de Redes. FO, UTP,  NAP.";"822,000";"0,000";"DOSK_FIAT-PALIO_OUE911";
"632";"MR-4229";"FO PIGTAIL SC/APC 1M";"07";"Materiales consumibles de Redes. FO, UTP,  NAP.";"221,000";"0,000";"OBE_ALM_PRINCIPAL";
"632";"MR-4229";"FO PIGTAIL SC/APC 1M";"07";"Materiales consumibles de Redes. FO, UTP,  NAP.";"12,000";"0,000";"SPD_PRINCIPAL";
"632";"MR-4229";"FO PIGTAIL SC/APC 1M";"07";"Materiales consumibles de Redes. FO, UTP,  NAP.";"12,000";"0,000";"OBE_MOV_AC301UR_PARTNER_OB05";
"782";"MR-5149";"FO PIGTAIL SC/UPC 1M";"07";"Materiales consumibles de Redes. FO, UTP,  NAP.";"8,000";"0,000";"SPD_PRINCIPAL";
"631";"MR-3482";"FO SPLITTER 1X16 SC-APC PLC";"07";"Materiales consumibles de Redes. FO, UTP,  NAP.";"9,000";"0,000";"SPD_PRINCIPAL";
"631";"MR-3482";"FO SPLITTER 1X16 SC-APC PLC";"07";"Materiales consumibles de Redes. FO, UTP,  NAP.";"7,000";"0,000";"WND-PRINCIPAL";
"631";"MR-3482";"FO SPLITTER 1X16 SC-APC PLC";"07";"Materiales consumibles de Redes. FO, UTP,  NAP.";"68,000";"0,000";"OBE_ALM_PRINCIPAL";
"341";"MR-4337";"FTTH CAJA  INTERIOR 8 PORT/CON SPLITTER(OTB-08A)";"07";"Materiales consumibles de Redes. FO, UTP,  NAP.";"6,000";"0,000";"OBE_ALM_PRINCIPAL";
"740";"MR-5124";"HEBILLAS ACERO INOX 1/2";"07";"Materiales consumibles de Redes. FO, UTP,  NAP.";"5,000";"0,000";"SPD_TOYOTA-HILUX_AH706LK";
"740";"MR-5124";"HEBILLAS ACERO INOX 1/2";"07";"Materiales consumibles de Redes. FO, UTP,  NAP.";"711,000";"0,000";"SPD_PRINCIPAL";
"300";"MR-2568";"HEBILLAS ACERO INOX 3/4";"07";"Materiales consumibles de Redes. FO, UTP,  NAP.";"73,000";"0,000";"OBE_MOV_AH158HO_MRCDS-1016";
"300";"MR-2568";"HEBILLAS ACERO INOX 3/4";"07";"Materiales consumibles de Redes. FO, UTP,  NAP.";"200,000";"0,000";"OBE_ALM_REDES";
"300";"MR-2568";"HEBILLAS ACERO INOX 3/4";"07";"Materiales consumibles de Redes. FO, UTP,  NAP.";"28,000";"0,000";"OBE_MOV_AF626DQ_FIORINO_OB08";
"300";"MR-2568";"HEBILLAS ACERO INOX 3/4";"07";"Materiales consumibles de Redes. FO, UTP,  NAP.";"20,000";"0,000";"OBE_MOV_AC301UR_PARTNER_OB05";
"300";"MR-2568";"HEBILLAS ACERO INOX 3/4";"07";"Materiales consumibles de Redes. FO, UTP,  NAP.";"125,000";"0,000";"OBE_MOV_AF288VL_TOYOTA_OB06";
"300";"MR-2568";"HEBILLAS ACERO INOX 3/4";"07";"Materiales consumibles de Redes. FO, UTP,  NAP.";"688,000";"0,000";"SPD_PRINCIPAL";
"300";"MR-2568";"HEBILLAS ACERO INOX 3/4";"07";"Materiales consumibles de Redes. FO, UTP,  NAP.";"2,000";"0,000";"SPD_RANGER_KNV423";
"300";"MR-2568";"HEBILLAS ACERO INOX 3/4";"07";"Materiales consumibles de Redes. FO, UTP,  NAP.";"100,000";"0,000";"WND-PRINCIPAL";
"300";"MR-2568";"HEBILLAS ACERO INOX 3/4";"07";"Materiales consumibles de Redes. FO, UTP,  NAP.";"92,000";"0,000";"TAVARES_MUW401_FACUNDO";
"300";"MR-2568";"HEBILLAS ACERO INOX 3/4";"07";"Materiales consumibles de Redes. FO, UTP,  NAP.";"2200,000";"0,000";"3RO_PROY_OBRA_BYTE-CARLOS";
"300";"MR-2568";"HEBILLAS ACERO INOX 3/4";"07";"Materiales consumibles de Redes. FO, UTP,  NAP.";"15,000";"0,000";"3RO_MOV_NBF796_ZONAX_ANYELO_01";
"300";"MR-2568";"HEBILLAS ACERO INOX 3/4";"07";"Materiales consumibles de Redes. FO, UTP,  NAP.";"950,000";"0,000";"ITU_ALM_PRINCIPAL";
"300";"MR-2568";"HEBILLAS ACERO INOX 3/4";"07";"Materiales consumibles de Redes. FO, UTP,  NAP.";"1800,000";"979,000";"NordesteTelecomunicaciones_ALM_Tercero_ITU";
"300";"MR-2568";"HEBILLAS ACERO INOX 3/4";"07";"Materiales consumibles de Redes. FO, UTP,  NAP.";"300,000";"0,000";"ELDO_ALM_PRINCIPAL";
"300";"MR-2568";"HEBILLAS ACERO INOX 3/4";"07";"Materiales consumibles de Redes. FO, UTP,  NAP.";"5365,000";"0,000";"OBE_ALM_PRINCIPAL";
"321";"MR-3488";"PATCHCORD LC-APC/LC-APC 3MTS";"07";"Materiales consumibles de Redes. FO, UTP,  NAP.";"15,000";"0,000";"OBE_ALM_PRINCIPAL";
"691";"MR-5096";"PATCHCORD LC-PC/LC-PC MM-0M4 1MTS";"07";"Materiales consumibles de Redes. FO, UTP,  NAP.";"2,000";"0,000";"OBE_ALM_PRINCIPAL";
"690";"MR-5095";"PATCHCORD LC-PC/LC-PC MM-0M4 2MTS";"07";"Materiales consumibles de Redes. FO, UTP,  NAP.";"4,000";"0,000";"OBE_ALM_REDES";
"690";"MR-5095";"PATCHCORD LC-PC/LC-PC MM-0M4 2MTS";"07";"Materiales consumibles de Redes. FO, UTP,  NAP.";"2,000";"0,000";"OBE_ALM_PRINCIPAL";
"689";"MR-5094";"PATCHCORD LC-PC/LC-PC MM-0M4 3MTS";"07";"Materiales consumibles de Redes. FO, UTP,  NAP.";"6,000";"0,000";"OBE_ALM_PRINCIPAL";
"320";"MR-3487";"PATCHCORD LC-UPC/LC-UPC 2MTS";"07";"Materiales consumibles de Redes. FO, UTP,  NAP.";"10,000";"0,000";"SPD_PRINCIPAL";
"320";"MR-3487";"PATCHCORD LC-UPC/LC-UPC 2MTS";"07";"Materiales consumibles de Redes. FO, UTP,  NAP.";"6,000";"0,000";"OBE_ALM_REDES";
"315";"MR-3405";"PATCHCORD LC-UPC/LC-UPC 3MTS";"07";"Materiales consumibles de Redes. FO, UTP,  NAP.";"9,000";"0,000";"SPD_PRINCIPAL";
"309";"MR-2617";"PATCHCORD LC-UPC/LC-UPC 5MTS";"07";"Materiales consumibles de Redes. FO, UTP,  NAP.";"1,000";"0,000";"WND-PRINCIPAL";
"309";"MR-2617";"PATCHCORD LC-UPC/LC-UPC 5MTS";"07";"Materiales consumibles de Redes. FO, UTP,  NAP.";"13,000";"0,000";"SPD_PRINCIPAL";
"329";"MR-4078";"PATCHCORD LC-UPC/LC-UPC DUPLEX 10MTS";"07";"Materiales consumibles de Redes. FO, UTP,  NAP.";"6,000";"0,000";"SPD_PRINCIPAL";
"329";"MR-4078";"PATCHCORD LC-UPC/LC-UPC DUPLEX 10MTS";"07";"Materiales consumibles de Redes. FO, UTP,  NAP.";"11,000";"0,000";"OBE_ALM_PRINCIPAL";
"316";"MR-3483";"PATCHCORD LC-UPC/LC-UPC DUPLEX 2MTS";"07";"Materiales consumibles de Redes. FO, UTP,  NAP.";"9,000";"0,000";"SPD_PRINCIPAL";
"316";"MR-3483";"PATCHCORD LC-UPC/LC-UPC DUPLEX 2MTS";"07";"Materiales consumibles de Redes. FO, UTP,  NAP.";"28,000";"0,000";"OBE_ALM_PRINCIPAL";
"317";"MR-3484";"PATCHCORD LC-UPC/LC-UPC DUPLEX 5MTS";"07";"Materiales consumibles de Redes. FO, UTP,  NAP.";"9,000";"0,000";"SPD_PRINCIPAL";
"317";"MR-3484";"PATCHCORD LC-UPC/LC-UPC DUPLEX 5MTS";"07";"Materiales consumibles de Redes. FO, UTP,  NAP.";"49,000";"0,000";"OBE_ALM_PRINCIPAL";
"340";"MR-4298";"PATCHCORD MPO/MPO  ''MULTIMODO'' OM3 (50/125) 5MTS";"07";"Materiales consumibles de Redes. FO, UTP,  NAP.";"2,000";"0,000";"OBE_ALM_PRINCIPAL";
"335";"MR-4261";"PATCHCORD MPO/MPO ''SM''  0S2-9/125 5MTS";"07";"Materiales consumibles de Redes. FO, UTP,  NAP.";"6,000";"0,000";"OBE_ALM_PRINCIPAL";
"308";"MR-2616";"PATCHCORD SC-APC/LC-APC 3MTS";"07";"Materiales consumibles de Redes. FO, UTP,  NAP.";"1,000";"0,000";"SPD_PRINCIPAL";
"305";"MR-2613";"PATCHCORD SC-APC/LC-UPC 2MTS";"07";"Materiales consumibles de Redes. FO, UTP,  NAP.";"2,000";"0,000";"OBE_ALM_REDES";
"307";"MR-2615";"PATCHCORD SC-APC/LC-UPC 5MTS";"07";"Materiales consumibles de Redes. FO, UTP,  NAP.";"2,000";"0,000";"OBE_ALM_REDES";
"307";"MR-2615";"PATCHCORD SC-APC/LC-UPC 5MTS";"07";"Materiales consumibles de Redes. FO, UTP,  NAP.";"1,000";"0,000";"OBE_MOV_AH259TD_FIORINO_OB17";
"342";"MR-4367";"PATCHCORD SC-APC/LC-UPC DUPLEX 2MTS";"07";"Materiales consumibles de Redes. FO, UTP,  NAP.";"1,000";"0,000";"SPD_PRINCIPAL";
"342";"MR-4367";"PATCHCORD SC-APC/LC-UPC DUPLEX 2MTS";"07";"Materiales consumibles de Redes. FO, UTP,  NAP.";"3,000";"0,000";"SPD_TOYOTA-HILUX_AH706LK";
"311";"MR-2619";"PATCHCORD SC-APC/SC-APC 2MTS";"07";"Materiales consumibles de Redes. FO, UTP,  NAP.";"1,000";"0,000";"OBE_MOV_AF626DQ_FIORINO_OB08";
"311";"MR-2619";"PATCHCORD SC-APC/SC-APC 2MTS";"07";"Materiales consumibles de Redes. FO, UTP,  NAP.";"1,000";"0,000";"OBE_MOV_AH158HO_MRCDS-1016";
"311";"MR-2619";"PATCHCORD SC-APC/SC-APC 2MTS";"07";"Materiales consumibles de Redes. FO, UTP,  NAP.";"1,000";"0,000";"OBE_ALM_REDES";
"311";"MR-2619";"PATCHCORD SC-APC/SC-APC 2MTS";"07";"Materiales consumibles de Redes. FO, UTP,  NAP.";"23,000";"0,000";"OBE_ALM_PRINCIPAL";
"311";"MR-2619";"PATCHCORD SC-APC/SC-APC 2MTS";"07";"Materiales consumibles de Redes. FO, UTP,  NAP.";"1,000";"0,000";"SPD_KANGOO_LDM961";
"311";"MR-2619";"PATCHCORD SC-APC/SC-APC 2MTS";"07";"Materiales consumibles de Redes. FO, UTP,  NAP.";"1,000";"0,000";"3RO_MOV_KEO663_TAVARES_CLAUDIO";
"311";"MR-2619";"PATCHCORD SC-APC/SC-APC 2MTS";"07";"Materiales consumibles de Redes. FO, UTP,  NAP.";"1,000";"0,000";"ELDO_ALM_PRINCIPAL";
"311";"MR-2619";"PATCHCORD SC-APC/SC-APC 2MTS";"07";"Materiales consumibles de Redes. FO, UTP,  NAP.";"1,000";"0,000";"DOSK_FIAT-PALIO_OUE911";
"333";"MR-4095";"PATCHCORD SC-APC/SC-APC 5MTS";"07";"Materiales consumibles de Redes. FO, UTP,  NAP.";"16,000";"0,000";"OBE_ALM_PRINCIPAL";
"333";"MR-4095";"PATCHCORD SC-APC/SC-APC 5MTS";"07";"Materiales consumibles de Redes. FO, UTP,  NAP.";"2,000";"0,000";"OBE_ALM_REDES";
"333";"MR-4095";"PATCHCORD SC-APC/SC-APC 5MTS";"07";"Materiales consumibles de Redes. FO, UTP,  NAP.";"1,000";"0,000";"OBE_MOV_AG619SY_YARIS_OB14";
"333";"MR-4095";"PATCHCORD SC-APC/SC-APC 5MTS";"07";"Materiales consumibles de Redes. FO, UTP,  NAP.";"5,000";"0,000";"OBE_MOV_AF626DQ_FIORINO_OB08";
"333";"MR-4095";"PATCHCORD SC-APC/SC-APC 5MTS";"07";"Materiales consumibles de Redes. FO, UTP,  NAP.";"33,000";"0,000";"OBE_MOV_AF288VL_TOYOTA_OB06";
"333";"MR-4095";"PATCHCORD SC-APC/SC-APC 5MTS";"07";"Materiales consumibles de Redes. FO, UTP,  NAP.";"2,000";"0,000";"SPD_PRINCIPAL";
"333";"MR-4095";"PATCHCORD SC-APC/SC-APC 5MTS";"07";"Materiales consumibles de Redes. FO, UTP,  NAP.";"1,000";"0,000";"SPD_CORSA_GWT145";
"333";"MR-4095";"PATCHCORD SC-APC/SC-APC 5MTS";"07";"Materiales consumibles de Redes. FO, UTP,  NAP.";"1,000";"0,000";"WND-PRINCIPAL";
"333";"MR-4095";"PATCHCORD SC-APC/SC-APC 5MTS";"07";"Materiales consumibles de Redes. FO, UTP,  NAP.";"1,000";"0,000";"3RO_MOV_LUZ110_ZONAX_PETRY_02";
"333";"MR-4095";"PATCHCORD SC-APC/SC-APC 5MTS";"07";"Materiales consumibles de Redes. FO, UTP,  NAP.";"1,000";"0,000";"TAVARES_FIAT-UNO_LEW916";
"328";"MR-4032";"PATCHCORD SC-APC/SC-UPC 10MTS";"07";"Materiales consumibles de Redes. FO, UTP,  NAP.";"16,000";"0,000";"OBE_ALM_PRINCIPAL";
"306";"MR-2614";"PATCHCORD SC-APC/SC-UPC 2MTS";"07";"Materiales consumibles de Redes. FO, UTP,  NAP.";"14,000";"0,000";"3RO_PROY_OBRA_BYTE-CARLOS";
"306";"MR-2614";"PATCHCORD SC-APC/SC-UPC 2MTS";"07";"Materiales consumibles de Redes. FO, UTP,  NAP.";"38,000";"0,000";"WND-PRINCIPAL";
"306";"MR-2614";"PATCHCORD SC-APC/SC-UPC 2MTS";"07";"Materiales consumibles de Redes. FO, UTP,  NAP.";"1,000";"0,000";"SPD_KANGOO_LDM961";
"306";"MR-2614";"PATCHCORD SC-APC/SC-UPC 2MTS";"07";"Materiales consumibles de Redes. FO, UTP,  NAP.";"1,000";"0,000";"SPD_FIORINO_AE226IV";
"306";"MR-2614";"PATCHCORD SC-APC/SC-UPC 2MTS";"07";"Materiales consumibles de Redes. FO, UTP,  NAP.";"18,000";"0,000";"SPD_PRINCIPAL";
"306";"MR-2614";"PATCHCORD SC-APC/SC-UPC 2MTS";"07";"Materiales consumibles de Redes. FO, UTP,  NAP.";"2,000";"0,000";"OBE_MOV_AF626DQ_FIORINO_OB08";
"306";"MR-2614";"PATCHCORD SC-APC/SC-UPC 2MTS";"07";"Materiales consumibles de Redes. FO, UTP,  NAP.";"2,000";"0,000";"OBE_ALM_REDES";
"306";"MR-2614";"PATCHCORD SC-APC/SC-UPC 2MTS";"07";"Materiales consumibles de Redes. FO, UTP,  NAP.";"68,000";"0,000";"OBE_ALM_PRINCIPAL";
"318";"MR-3485";"PATCHCORD SC-APC/SC-UPC 5MTS";"07";"Materiales consumibles de Redes. FO, UTP,  NAP.";"1,000";"0,000";"SPD_PRINCIPAL";
"318";"MR-3485";"PATCHCORD SC-APC/SC-UPC 5MTS";"07";"Materiales consumibles de Redes. FO, UTP,  NAP.";"2,000";"0,000";"OBE_ALM_PRINCIPAL";
"330";"MR-4079";"PATCHCORD SC-UPC/LC-UPC 2 MTS";"07";"Materiales consumibles de Redes. FO, UTP,  NAP.";"9,000";"0,000";"OBE_ALM_PRINCIPAL";
"310";"MR-2618";"PATCHCORD SC-UPC/SC-UPC 2 MTS";"07";"Materiales consumibles de Redes. FO, UTP,  NAP.";"25,000";"0,000";"OBE_ALM_PRINCIPAL";
"310";"MR-2618";"PATCHCORD SC-UPC/SC-UPC 2 MTS";"07";"Materiales consumibles de Redes. FO, UTP,  NAP.";"6,000";"0,000";"SPD_PRINCIPAL";
"520";"MR-4396";"PITON ABIERTO CON TOPE N°6";"07";"Materiales consumibles de Redes. FO, UTP,  NAP.";"20,000";"0,000";"OBE_MOV_AF626DO_FIORINO_OB07";
"520";"MR-4396";"PITON ABIERTO CON TOPE N°6";"07";"Materiales consumibles de Redes. FO, UTP,  NAP.";"5,800";"0,000";"OBE_MOV_AC325KI_PARTNER_OB04";
"520";"MR-4396";"PITON ABIERTO CON TOPE N°6";"07";"Materiales consumibles de Redes. FO, UTP,  NAP.";"6,000";"0,000";"OBE_MOV_AF645TX_BERLINGO_OB10";
"520";"MR-4396";"PITON ABIERTO CON TOPE N°6";"07";"Materiales consumibles de Redes. FO, UTP,  NAP.";"39,000";"0,000";"OBE_MOV_AG619SX_YARIS_OB11";
"520";"MR-4396";"PITON ABIERTO CON TOPE N°6";"07";"Materiales consumibles de Redes. FO, UTP,  NAP.";"23,000";"0,000";"OBE_MOV_AH158HO_MRCDS-1016";
"520";"MR-4396";"PITON ABIERTO CON TOPE N°6";"07";"Materiales consumibles de Redes. FO, UTP,  NAP.";"34,000";"0,000";"WND_ALM_EXTRAV_OB16_AH259TN";
"520";"MR-4396";"PITON ABIERTO CON TOPE N°6";"07";"Materiales consumibles de Redes. FO, UTP,  NAP.";"10,000";"0,000";"SPD_RANGER_KNV423";
"701";"MR-5106";"PITON CERRADO CON TOPE N°6";"07";"Materiales consumibles de Redes. FO, UTP,  NAP.";"125,000";"0,000";"WND-PRINCIPAL";
"701";"MR-5106";"PITON CERRADO CON TOPE N°6";"07";"Materiales consumibles de Redes. FO, UTP,  NAP.";"14,000";"0,000";"WND_ECOSPORT_EWD102";
"701";"MR-5106";"PITON CERRADO CON TOPE N°6";"07";"Materiales consumibles de Redes. FO, UTP,  NAP.";"2,000";"0,000";"WND_YARIS_AG619SV_OB12";
"701";"MR-5106";"PITON CERRADO CON TOPE N°6";"07";"Materiales consumibles de Redes. FO, UTP,  NAP.";"20,000";"0,000";"OCAMPO-MOVIL01";
"701";"MR-5106";"PITON CERRADO CON TOPE N°6";"07";"Materiales consumibles de Redes. FO, UTP,  NAP.";"5,000";"0,000";"3RO_MOV_LUZ110_ZONAX_PETRY_02";
"701";"MR-5106";"PITON CERRADO CON TOPE N°6";"07";"Materiales consumibles de Redes. FO, UTP,  NAP.";"21,000";"0,000";"TAVARES_MUW401_FACUNDO";
"701";"MR-5106";"PITON CERRADO CON TOPE N°6";"07";"Materiales consumibles de Redes. FO, UTP,  NAP.";"25,000";"0,000";"SPD_CORSA_GWT145";
"701";"MR-5106";"PITON CERRADO CON TOPE N°6";"07";"Materiales consumibles de Redes. FO, UTP,  NAP.";"2,000";"0,000";"SPD_FIORINO_AE226IV";
"701";"MR-5106";"PITON CERRADO CON TOPE N°6";"07";"Materiales consumibles de Redes. FO, UTP,  NAP.";"100,000";"0,000";"SPD_PRINCIPAL";
"701";"MR-5106";"PITON CERRADO CON TOPE N°6";"07";"Materiales consumibles de Redes. FO, UTP,  NAP.";"60,000";"0,000";"OBE_MOV_AG619SY_YARIS_OB14";
"701";"MR-5106";"PITON CERRADO CON TOPE N°6";"07";"Materiales consumibles de Redes. FO, UTP,  NAP.";"15,000";"0,000";"SPD_GOL_IZF196";
"701";"MR-5106";"PITON CERRADO CON TOPE N°6";"07";"Materiales consumibles de Redes. FO, UTP,  NAP.";"10,000";"0,000";"OBE_MOV_AG660RM_FIORINO_OB13";
"701";"MR-5106";"PITON CERRADO CON TOPE N°6";"07";"Materiales consumibles de Redes. FO, UTP,  NAP.";"19,000";"0,000";"OBE_MOV_AG619SX_YARIS_OB11";
"701";"MR-5106";"PITON CERRADO CON TOPE N°6";"07";"Materiales consumibles de Redes. FO, UTP,  NAP.";"11,000";"0,000";"OBE_MOV_AF645TX_BERLINGO_OB10";
"701";"MR-5106";"PITON CERRADO CON TOPE N°6";"07";"Materiales consumibles de Redes. FO, UTP,  NAP.";"26,000";"0,000";"OBE_MOV_AA701EZ_CLIO_OB09";
"701";"MR-5106";"PITON CERRADO CON TOPE N°6";"07";"Materiales consumibles de Redes. FO, UTP,  NAP.";"14,000";"0,000";"OBE_MOV_AC325KI_PARTNER_OB04";
"701";"MR-5106";"PITON CERRADO CON TOPE N°6";"07";"Materiales consumibles de Redes. FO, UTP,  NAP.";"8,000";"0,000";"SPD_KANGOO_LDM961";
"701";"MR-5106";"PITON CERRADO CON TOPE N°6";"07";"Materiales consumibles de Redes. FO, UTP,  NAP.";"13,000";"0,000";"DOSK_FIAT-PALIO_NUU379";
"701";"MR-5106";"PITON CERRADO CON TOPE N°6";"07";"Materiales consumibles de Redes. FO, UTP,  NAP.";"26,000";"0,000";"SPD_FIATUNO_JQL437";
"701";"MR-5106";"PITON CERRADO CON TOPE N°6";"07";"Materiales consumibles de Redes. FO, UTP,  NAP.";"62,000";"0,000";"3RO_MOV_AC343ZR_TAVARES_DANIEL";
"701";"MR-5106";"PITON CERRADO CON TOPE N°6";"07";"Materiales consumibles de Redes. FO, UTP,  NAP.";"18,000";"0,000";"OBE_MOV_AH259TD_FIORINO_OB17";
"701";"MR-5106";"PITON CERRADO CON TOPE N°6";"07";"Materiales consumibles de Redes. FO, UTP,  NAP.";"4,000";"0,000";"WND_ALM_EXTRAV_FIAT-UNO_NCQ134";
"701";"MR-5106";"PITON CERRADO CON TOPE N°6";"07";"Materiales consumibles de Redes. FO, UTP,  NAP.";"26,000";"0,000";"3RO_MOV_KEO663_TAVARES_CLAUDIO";
"701";"MR-5106";"PITON CERRADO CON TOPE N°6";"07";"Materiales consumibles de Redes. FO, UTP,  NAP.";"34,000";"0,000";"SPD_FIORINO_AH646PV";
"701";"MR-5106";"PITON CERRADO CON TOPE N°6";"07";"Materiales consumibles de Redes. FO, UTP,  NAP.";"8,000";"0,000";"TAVARES_FIAT-UNO_LEW916";
"519";"MR-4397";"PITON CERRADO CON TOPE N°8";"07";"Materiales consumibles de Redes. FO, UTP,  NAP.";"9,000";"0,000";"WND_YARIS_AG619SV_OB12";
"519";"MR-4397";"PITON CERRADO CON TOPE N°8";"07";"Materiales consumibles de Redes. FO, UTP,  NAP.";"11,000";"0,000";"SPD_FIATUNO_JQL437";
"519";"MR-4397";"PITON CERRADO CON TOPE N°8";"07";"Materiales consumibles de Redes. FO, UTP,  NAP.";"30,000";"0,000";"WND_ECOSPORT_EWD102";
"519";"MR-4397";"PITON CERRADO CON TOPE N°8";"07";"Materiales consumibles de Redes. FO, UTP,  NAP.";"40,000";"0,000";"WND-PRINCIPAL";
"519";"MR-4397";"PITON CERRADO CON TOPE N°8";"07";"Materiales consumibles de Redes. FO, UTP,  NAP.";"10,000";"0,000";"SPD_FIORINO_AE226IV";
"519";"MR-4397";"PITON CERRADO CON TOPE N°8";"07";"Materiales consumibles de Redes. FO, UTP,  NAP.";"20,000";"0,000";"OBE_MOV_AF288VL_TOYOTA_OB06";
"519";"MR-4397";"PITON CERRADO CON TOPE N°8";"07";"Materiales consumibles de Redes. FO, UTP,  NAP.";"78,000";"0,000";"OBE_MOV_AC301UR_PARTNER_OB05";
"519";"MR-4397";"PITON CERRADO CON TOPE N°8";"07";"Materiales consumibles de Redes. FO, UTP,  NAP.";"28,000";"0,000";"OBE_MOV_AF626DQ_FIORINO_OB08";
"519";"MR-4397";"PITON CERRADO CON TOPE N°8";"07";"Materiales consumibles de Redes. FO, UTP,  NAP.";"20,000";"0,000";"OBE_MOV_AG619SY_YARIS_OB14";
"519";"MR-4397";"PITON CERRADO CON TOPE N°8";"07";"Materiales consumibles de Redes. FO, UTP,  NAP.";"10,000";"0,000";"OBE_MOV_AG660RM_FIORINO_OB13";
"519";"MR-4397";"PITON CERRADO CON TOPE N°8";"07";"Materiales consumibles de Redes. FO, UTP,  NAP.";"30,000";"0,000";"OBE_MOV_AF645TX_BERLINGO_OB10";
"519";"MR-4397";"PITON CERRADO CON TOPE N°8";"07";"Materiales consumibles de Redes. FO, UTP,  NAP.";"25,000";"0,000";"OBE_MOV_AA701EZ_CLIO_OB09";
"519";"MR-4397";"PITON CERRADO CON TOPE N°8";"07";"Materiales consumibles de Redes. FO, UTP,  NAP.";"9,000";"0,000";"OBE_MOV_AC325KI_PARTNER_OB04";
"519";"MR-4397";"PITON CERRADO CON TOPE N°8";"07";"Materiales consumibles de Redes. FO, UTP,  NAP.";"270,000";"0,000";"OBE_ALM_PRINCIPAL";
"519";"MR-4397";"PITON CERRADO CON TOPE N°8";"07";"Materiales consumibles de Redes. FO, UTP,  NAP.";"12,000";"0,000";"TAVARES_FIAT-UNO_FZD571";
"519";"MR-4397";"PITON CERRADO CON TOPE N°8";"07";"Materiales consumibles de Redes. FO, UTP,  NAP.";"10,000";"0,000";"DOSK_FIAT-UNO_NCQ134";
"519";"MR-4397";"PITON CERRADO CON TOPE N°8";"07";"Materiales consumibles de Redes. FO, UTP,  NAP.";"22,000";"0,000";"DOSK_FIAT-PALIO_NUU379";
"519";"MR-4397";"PITON CERRADO CON TOPE N°8";"07";"Materiales consumibles de Redes. FO, UTP,  NAP.";"26,000";"0,000";"OBE_FIORINO_AH259TN_OB16";
"519";"MR-4397";"PITON CERRADO CON TOPE N°8";"07";"Materiales consumibles de Redes. FO, UTP,  NAP.";"9,000";"0,000";"WND_ALM_EXTRAV_PRINCIPAL";
"519";"MR-4397";"PITON CERRADO CON TOPE N°8";"07";"Materiales consumibles de Redes. FO, UTP,  NAP.";"4,000";"0,000";"OBE_MOV_AH259TD_FIORINO_OB17";
"519";"MR-4397";"PITON CERRADO CON TOPE N°8";"07";"Materiales consumibles de Redes. FO, UTP,  NAP.";"4,000";"0,000";"WND_ALM_EXTRAV_OB12_AG619SV";
"519";"MR-4397";"PITON CERRADO CON TOPE N°8";"07";"Materiales consumibles de Redes. FO, UTP,  NAP.";"85,000";"0,000";"ITU_ALM_PRINCIPAL";
"519";"MR-4397";"PITON CERRADO CON TOPE N°8";"07";"Materiales consumibles de Redes. FO, UTP,  NAP.";"187,000";"0,000";"ELDO_ALM_PRINCIPAL";
"519";"MR-4397";"PITON CERRADO CON TOPE N°8";"07";"Materiales consumibles de Redes. FO, UTP,  NAP.";"14,000";"0,000";"3RO_MOV_KEO663_TAVARES_CLAUDIO";
"519";"MR-4397";"PITON CERRADO CON TOPE N°8";"07";"Materiales consumibles de Redes. FO, UTP,  NAP.";"27,000";"0,000";"SPD_PEUGEOT206_FHB226";
"519";"MR-4397";"PITON CERRADO CON TOPE N°8";"07";"Materiales consumibles de Redes. FO, UTP,  NAP.";"9,000";"0,000";"ITU_MOV_AH864NB_FIORINO_OB-23";
"519";"MR-4397";"PITON CERRADO CON TOPE N°8";"07";"Materiales consumibles de Redes. FO, UTP,  NAP.";"28,000";"0,000";"3RO_MOV_AD874FY_FIORINO_ZONAX_EZEQUIEL_04";
"519";"MR-4397";"PITON CERRADO CON TOPE N°8";"07";"Materiales consumibles de Redes. FO, UTP,  NAP.";"13,000";"0,000";"DOSK_FIAT-PALIO_OUE911";
"696";"MR-5101";"POSTES 7.5MTS PARA TENDIDO ELECTRICO";"07";"Materiales consumibles de Redes. FO, UTP,  NAP.";"42,000";"0,000";"OBE_ALM_REDES";
"551";"MR-4374";"PRECINTO PLASTICO    X100  100/2.5  (PRECINTO CHICO)";"07";"Materiales consumibles de Redes. FO, UTP,  NAP.";"5,000";"0,000";"SPD_FIATUNO_JQL437";
"551";"MR-4374";"PRECINTO PLASTICO    X100  100/2.5  (PRECINTO CHICO)";"07";"Materiales consumibles de Redes. FO, UTP,  NAP.";"1,000";"0,000";"SPD_CORSA_GWT145";
"551";"MR-4374";"PRECINTO PLASTICO    X100  100/2.5  (PRECINTO CHICO)";"07";"Materiales consumibles de Redes. FO, UTP,  NAP.";"1,000";"0,000";"SPD_PRINCIPAL";
"37";"MR-3617";"PRECINTO PLASTICO  ALT-2  X100  150/3.5";"07";"Materiales consumibles de Redes. FO, UTP,  NAP.";"2,000";"0,000";"OBE_MOV_AF626DQ_FIORINO_OB08";
"37";"MR-3617";"PRECINTO PLASTICO  ALT-2  X100  150/3.5";"07";"Materiales consumibles de Redes. FO, UTP,  NAP.";"2,000";"0,000";"OBE_MOV_AC301UR_PARTNER_OB05";
"37";"MR-3617";"PRECINTO PLASTICO  ALT-2  X100  150/3.5";"07";"Materiales consumibles de Redes. FO, UTP,  NAP.";"11,000";"0,000";"OBE_MOV_AF288VL_TOYOTA_OB06";
"37";"MR-3617";"PRECINTO PLASTICO  ALT-2  X100  150/3.5";"07";"Materiales consumibles de Redes. FO, UTP,  NAP.";"1,000";"0,000";"SPD_CORSA_GWT145";
"37";"MR-3617";"PRECINTO PLASTICO  ALT-2  X100  150/3.5";"07";"Materiales consumibles de Redes. FO, UTP,  NAP.";"26,000";"0,000";"WND-PRINCIPAL";
"37";"MR-3617";"PRECINTO PLASTICO  ALT-2  X100  150/3.5";"07";"Materiales consumibles de Redes. FO, UTP,  NAP.";"4,000";"1,000";"WND_ECOSPORT_EWD102";
"37";"MR-3617";"PRECINTO PLASTICO  ALT-2  X100  150/3.5";"07";"Materiales consumibles de Redes. FO, UTP,  NAP.";"2,000";"0,000";"WND_YARIS_AG619SV_OB12";
"37";"MR-3617";"PRECINTO PLASTICO  ALT-2  X100  150/3.5";"07";"Materiales consumibles de Redes. FO, UTP,  NAP.";"1,000";"0,000";"OCAMPO-MOVIL01";
"37";"MR-3617";"PRECINTO PLASTICO  ALT-2  X100  150/3.5";"07";"Materiales consumibles de Redes. FO, UTP,  NAP.";"1,000";"0,000";"TAVARES_WWP416_MARBIN";
"37";"MR-3617";"PRECINTO PLASTICO  ALT-2  X100  150/3.5";"07";"Materiales consumibles de Redes. FO, UTP,  NAP.";"2,000";"0,000";"OBE_MOV_AH158HO_MRCDS-1016";
"37";"MR-3617";"PRECINTO PLASTICO  ALT-2  X100  150/3.5";"07";"Materiales consumibles de Redes. FO, UTP,  NAP.";"5,000";"0,000";"OBE_MOV_AG619SY_YARIS_OB14";
"37";"MR-3617";"PRECINTO PLASTICO  ALT-2  X100  150/3.5";"07";"Materiales consumibles de Redes. FO, UTP,  NAP.";"3,000";"0,000";"OBE_MOV_AG660RM_FIORINO_OB13";
"37";"MR-3617";"PRECINTO PLASTICO  ALT-2  X100  150/3.5";"07";"Materiales consumibles de Redes. FO, UTP,  NAP.";"2,000";"0,000";"OBE_MOV_AG619SX_YARIS_OB11";
"37";"MR-3617";"PRECINTO PLASTICO  ALT-2  X100  150/3.5";"07";"Materiales consumibles de Redes. FO, UTP,  NAP.";"1,000";"0,000";"OBE_MOV_AF645TX_BERLINGO_OB10";
"37";"MR-3617";"PRECINTO PLASTICO  ALT-2  X100  150/3.5";"07";"Materiales consumibles de Redes. FO, UTP,  NAP.";"2,000";"0,000";"OBE_MOV_AA701EZ_CLIO_OB09";
"37";"MR-3617";"PRECINTO PLASTICO  ALT-2  X100  150/3.5";"07";"Materiales consumibles de Redes. FO, UTP,  NAP.";"1,000";"0,000";"OBE_MOV_AF626DO_FIORINO_OB07";
"37";"MR-3617";"PRECINTO PLASTICO  ALT-2  X100  150/3.5";"07";"Materiales consumibles de Redes. FO, UTP,  NAP.";"3,000";"0,000";"OBE_MOV_AC325KI_PARTNER_OB04";
"37";"MR-3617";"PRECINTO PLASTICO  ALT-2  X100  150/3.5";"07";"Materiales consumibles de Redes. FO, UTP,  NAP.";"279,000";"2,000";"OBE_ALM_PRINCIPAL";
"37";"MR-3617";"PRECINTO PLASTICO  ALT-2  X100  150/3.5";"07";"Materiales consumibles de Redes. FO, UTP,  NAP.";"2,000";"0,000";"TAVARES_FIAT-UNO_FZD571";
"37";"MR-3617";"PRECINTO PLASTICO  ALT-2  X100  150/3.5";"07";"Materiales consumibles de Redes. FO, UTP,  NAP.";"2,000";"0,000";"TAVARES_FIAT-UNO_LEW916";
"37";"MR-3617";"PRECINTO PLASTICO  ALT-2  X100  150/3.5";"07";"Materiales consumibles de Redes. FO, UTP,  NAP.";"3,000";"0,000";"DOSK_FIAT-PALIO_OUE911";
"37";"MR-3617";"PRECINTO PLASTICO  ALT-2  X100  150/3.5";"07";"Materiales consumibles de Redes. FO, UTP,  NAP.";"2,000";"0,000";"3RO_MOV_AD874FY_FIORINO_ZONAX_EZEQUIEL_04";
"37";"MR-3617";"PRECINTO PLASTICO  ALT-2  X100  150/3.5";"07";"Materiales consumibles de Redes. FO, UTP,  NAP.";"2,000";"0,000";"ITU_MOV_AH864NB_FIORINO_OB-23";
"37";"MR-3617";"PRECINTO PLASTICO  ALT-2  X100  150/3.5";"07";"Materiales consumibles de Redes. FO, UTP,  NAP.";"4,000";"0,000";"ELDO_MOVIL_AH646PT_FIORINO";
"37";"MR-3617";"PRECINTO PLASTICO  ALT-2  X100  150/3.5";"07";"Materiales consumibles de Redes. FO, UTP,  NAP.";"3,000";"0,000";"SPD_PEUGEOT206_FHB226";
"37";"MR-3617";"PRECINTO PLASTICO  ALT-2  X100  150/3.5";"07";"Materiales consumibles de Redes. FO, UTP,  NAP.";"3,000";"0,000";"3RO_MOV_KEO663_TAVARES_CLAUDIO";
"37";"MR-3617";"PRECINTO PLASTICO  ALT-2  X100  150/3.5";"07";"Materiales consumibles de Redes. FO, UTP,  NAP.";"2,000";"0,000";"TAVARES_A221VDO_H.WAVE_IVAN";
"37";"MR-3617";"PRECINTO PLASTICO  ALT-2  X100  150/3.5";"07";"Materiales consumibles de Redes. FO, UTP,  NAP.";"22,000";"0,000";"ELDO_ALM_PRINCIPAL";
"37";"MR-3617";"PRECINTO PLASTICO  ALT-2  X100  150/3.5";"07";"Materiales consumibles de Redes. FO, UTP,  NAP.";"1,000";"0,000";"OBE_ALM_T-I";
"37";"MR-3617";"PRECINTO PLASTICO  ALT-2  X100  150/3.5";"07";"Materiales consumibles de Redes. FO, UTP,  NAP.";"4,000";"0,000";"OBE_MOV_AH259TD_FIORINO_OB17";
"37";"MR-3617";"PRECINTO PLASTICO  ALT-2  X100  150/3.5";"07";"Materiales consumibles de Redes. FO, UTP,  NAP.";"1,000";"0,000";"3RO_MOV_NBF796_ZONAX_ANYELO_01";
"37";"MR-3617";"PRECINTO PLASTICO  ALT-2  X100  150/3.5";"07";"Materiales consumibles de Redes. FO, UTP,  NAP.";"2,000";"0,000";"SPD_FIATUNO_JQL437";
"37";"MR-3617";"PRECINTO PLASTICO  ALT-2  X100  150/3.5";"07";"Materiales consumibles de Redes. FO, UTP,  NAP.";"1,000";"0,000";"TAVARES_IIE083_TOMAS";
"37";"MR-3617";"PRECINTO PLASTICO  ALT-2  X100  150/3.5";"07";"Materiales consumibles de Redes. FO, UTP,  NAP.";"4,000";"0,000";"OBE_FIORINO_AH259TN_OB16";
"37";"MR-3617";"PRECINTO PLASTICO  ALT-2  X100  150/3.5";"07";"Materiales consumibles de Redes. FO, UTP,  NAP.";"3,000";"0,000";"DOSK_FIAT-PALIO_NUU379";
"37";"MR-3617";"PRECINTO PLASTICO  ALT-2  X100  150/3.5";"07";"Materiales consumibles de Redes. FO, UTP,  NAP.";"4,000";"0,000";"DOSK_FIAT-UNO_NCQ134";
"37";"MR-3617";"PRECINTO PLASTICO  ALT-2  X100  150/3.5";"07";"Materiales consumibles de Redes. FO, UTP,  NAP.";"42,000";"0,000";"ITU_ALM_PRINCIPAL";
"728";"MR-5112";"PRECINTO PLASTICO ALT-2 X100 300/3.5";"07";"Materiales consumibles de Redes. FO, UTP,  NAP.";"1,000";"0,000";"OBE_ALM_REDES";
"728";"MR-5112";"PRECINTO PLASTICO ALT-2 X100 300/3.5";"07";"Materiales consumibles de Redes. FO, UTP,  NAP.";"1,000";"0,000";"OBE_MOV_AH158HO_MRCDS-1016";
"728";"MR-5112";"PRECINTO PLASTICO ALT-2 X100 300/3.5";"07";"Materiales consumibles de Redes. FO, UTP,  NAP.";"1,000";"0,000";"OBE_MOV_AH259TD_FIORINO_OB17";
"728";"MR-5112";"PRECINTO PLASTICO ALT-2 X100 300/3.5";"07";"Materiales consumibles de Redes. FO, UTP,  NAP.";"1,000";"0,000";"ELDO_ALM_PRINCIPAL";
"36";"MR-3530";"PRECINTO PLASTICO ALT-8 X50 400/7.6 T120R";"07";"Materiales consumibles de Redes. FO, UTP,  NAP.";"1,000";"0,000";"3RO_MOV_NBF796_ZONAX_ANYELO_01";
"36";"MR-3530";"PRECINTO PLASTICO ALT-8 X50 400/7.6 T120R";"07";"Materiales consumibles de Redes. FO, UTP,  NAP.";"12,000";"0,000";"OBE_ALM_PRINCIPAL";
"36";"MR-3530";"PRECINTO PLASTICO ALT-8 X50 400/7.6 T120R";"07";"Materiales consumibles de Redes. FO, UTP,  NAP.";"1,000";"0,000";"OBE_MOV_AF645TX_BERLINGO_OB10";
"36";"MR-3530";"PRECINTO PLASTICO ALT-8 X50 400/7.6 T120R";"07";"Materiales consumibles de Redes. FO, UTP,  NAP.";"2,000";"0,000";"OBE_MOV_AH158HO_MRCDS-1016";
"36";"MR-3530";"PRECINTO PLASTICO ALT-8 X50 400/7.6 T120R";"07";"Materiales consumibles de Redes. FO, UTP,  NAP.";"2,000";"0,000";"OBE_MOV_AF626DQ_FIORINO_OB08";
"36";"MR-3530";"PRECINTO PLASTICO ALT-8 X50 400/7.6 T120R";"07";"Materiales consumibles de Redes. FO, UTP,  NAP.";"2,000";"0,000";"OBE_MOV_AC301UR_PARTNER_OB05";
"36";"MR-3530";"PRECINTO PLASTICO ALT-8 X50 400/7.6 T120R";"07";"Materiales consumibles de Redes. FO, UTP,  NAP.";"9,000";"0,000";"OBE_MOV_AF288VL_TOYOTA_OB06";
"36";"MR-3530";"PRECINTO PLASTICO ALT-8 X50 400/7.6 T120R";"07";"Materiales consumibles de Redes. FO, UTP,  NAP.";"4,000";"0,000";"WND-PRINCIPAL";
"36";"MR-3530";"PRECINTO PLASTICO ALT-8 X50 400/7.6 T120R";"07";"Materiales consumibles de Redes. FO, UTP,  NAP.";"12,000";"0,000";"ITU_ALM_PRINCIPAL";
"36";"MR-3530";"PRECINTO PLASTICO ALT-8 X50 400/7.6 T120R";"07";"Materiales consumibles de Redes. FO, UTP,  NAP.";"9,000";"0,000";"ELDO_ALM_PRINCIPAL";
"36";"MR-3530";"PRECINTO PLASTICO ALT-8 X50 400/7.6 T120R";"07";"Materiales consumibles de Redes. FO, UTP,  NAP.";"1,000";"0,000";"ITU_MOV_AH864NB_FIORINO_OB-23";
"552";"MR-4641";"PRECINTO PLASTICO X100 200/4.6";"07";"Materiales consumibles de Redes. FO, UTP,  NAP.";"2,000";"0,000";"SPD_FIORINO_AH646PV";
"790";"MR-5159";"PREFORMADO RETENCION FODE 8-9MM";"07";"Materiales consumibles de Redes. FO, UTP,  NAP.";"16,000";"0,000";"OBE_ALM_PRINCIPAL";
"790";"MR-5159";"PREFORMADO RETENCION FODE 8-9MM";"07";"Materiales consumibles de Redes. FO, UTP,  NAP.";"474,000";"0,000";"OBE_ALM_CATRIEL";
"790";"MR-5159";"PREFORMADO RETENCION FODE 8-9MM";"07";"Materiales consumibles de Redes. FO, UTP,  NAP.";"9,000";"0,000";"OBE_MOV_AH158HO_MRCDS-1016";
"790";"MR-5159";"PREFORMADO RETENCION FODE 8-9MM";"07";"Materiales consumibles de Redes. FO, UTP,  NAP.";"175,000";"0,000";"3RO_PROY_OBRA_BYTE-CARLOS";
"789";"MR-5158";"PREFORMADO RETENCION OPDE 8-9MM";"07";"Materiales consumibles de Redes. FO, UTP,  NAP.";"1,000";"0,000";"OBE_ALM_PRINCIPAL";
"789";"MR-5158";"PREFORMADO RETENCION OPDE 8-9MM";"07";"Materiales consumibles de Redes. FO, UTP,  NAP.";"1278,000";"0,000";"OBE_ALM_CATRIEL";
"789";"MR-5158";"PREFORMADO RETENCION OPDE 8-9MM";"07";"Materiales consumibles de Redes. FO, UTP,  NAP.";"700,000";"0,000";"ELDO_ALM_PRINCIPAL";
"6";"MR-2569";"PREFORMADO-MORDAZA P/OVAL";"07";"Materiales consumibles de Redes. FO, UTP,  NAP.";"152,000";"0,000";"OBE_ALM_PRINCIPAL";
"6";"MR-2569";"PREFORMADO-MORDAZA P/OVAL";"07";"Materiales consumibles de Redes. FO, UTP,  NAP.";"50,000";"0,000";"OBE_ALM_REDES";
"6";"MR-2569";"PREFORMADO-MORDAZA P/OVAL";"07";"Materiales consumibles de Redes. FO, UTP,  NAP.";"2,000";"0,000";"OBE_MOV_AH158HO_MRCDS-1016";
"6";"MR-2569";"PREFORMADO-MORDAZA P/OVAL";"07";"Materiales consumibles de Redes. FO, UTP,  NAP.";"423,000";"0,000";"SPD_PRINCIPAL";
"15";"MR-3583";"PREFORMADOS RETENCION 11-12MM";"07";"Materiales consumibles de Redes. FO, UTP,  NAP.";"60,000";"0,000";"OBE_ALM_REDES";
"15";"MR-3583";"PREFORMADOS RETENCION 11-12MM";"07";"Materiales consumibles de Redes. FO, UTP,  NAP.";"242,000";"0,000";"OBE_ALM_PRINCIPAL";
"15";"MR-3583";"PREFORMADOS RETENCION 11-12MM";"07";"Materiales consumibles de Redes. FO, UTP,  NAP.";"500,000";"0,000";"OBE_ALM_CATRIEL";
"559";"MR-4646";"PREFORMADOS RETENCION 6-7 MM";"07";"Materiales consumibles de Redes. FO, UTP,  NAP.";"2125,000";"905,000";"NordesteTelecomunicaciones_ALM_Tercero_ITU";
"559";"MR-4646";"PREFORMADOS RETENCION 6-7 MM";"07";"Materiales consumibles de Redes. FO, UTP,  NAP.";"3550,000";"0,000";"ELDO_ALM_PRINCIPAL";
"559";"MR-4646";"PREFORMADOS RETENCION 6-7 MM";"07";"Materiales consumibles de Redes. FO, UTP,  NAP.";"2013,000";"0,000";"ITU_ALM_PRINCIPAL";
"559";"MR-4646";"PREFORMADOS RETENCION 6-7 MM";"07";"Materiales consumibles de Redes. FO, UTP,  NAP.";"275,000";"0,000";"3RO_PROY_OBRA_BYTE-CARLOS";
"559";"MR-4646";"PREFORMADOS RETENCION 6-7 MM";"07";"Materiales consumibles de Redes. FO, UTP,  NAP.";"7,000";"0,000";"SPD_RANGER_KNV423";
"559";"MR-4646";"PREFORMADOS RETENCION 6-7 MM";"07";"Materiales consumibles de Redes. FO, UTP,  NAP.";"145,000";"0,000";"SPD_PRINCIPAL";
"559";"MR-4646";"PREFORMADOS RETENCION 6-7 MM";"07";"Materiales consumibles de Redes. FO, UTP,  NAP.";"285,000";"0,000";"OBE_MOV_AF288VL_TOYOTA_OB06";
"559";"MR-4646";"PREFORMADOS RETENCION 6-7 MM";"07";"Materiales consumibles de Redes. FO, UTP,  NAP.";"1900,000";"0,000";"OBE_ALM_PRINCIPAL";
"559";"MR-4646";"PREFORMADOS RETENCION 6-7 MM";"07";"Materiales consumibles de Redes. FO, UTP,  NAP.";"11,000";"0,000";"OBE_MOV_AC301UR_PARTNER_OB05";
"559";"MR-4646";"PREFORMADOS RETENCION 6-7 MM";"07";"Materiales consumibles de Redes. FO, UTP,  NAP.";"650,000";"0,000";"OBE_ALM_CATRIEL";
"559";"MR-4646";"PREFORMADOS RETENCION 6-7 MM";"07";"Materiales consumibles de Redes. FO, UTP,  NAP.";"2,000";"0,000";"OBE_MOV_AH158HO_MRCDS-1016";
"559";"MR-4646";"PREFORMADOS RETENCION 6-7 MM";"07";"Materiales consumibles de Redes. FO, UTP,  NAP.";"16,000";"0,000";"OBE_MOV_AF626DQ_FIORINO_OB08";
"559";"MR-4646";"PREFORMADOS RETENCION 6-7 MM";"07";"Materiales consumibles de Redes. FO, UTP,  NAP.";"10,000";"0,000";"WND-PRINCIPAL";
"9";"MR-2744";"PREFORMADOS RETENCION 7-8 MM";"07";"Materiales consumibles de Redes. FO, UTP,  NAP.";"107,000";"0,000";"OBE_MOV_AF288VL_TOYOTA_OB06";
"301";"MR-2570";"PREFORMADOS RETERCION 9-10MM";"07";"Materiales consumibles de Redes. FO, UTP,  NAP.";"1576,000";"0,000";"OBE_ALM_CATRIEL";
"301";"MR-2570";"PREFORMADOS RETERCION 9-10MM";"07";"Materiales consumibles de Redes. FO, UTP,  NAP.";"800,000";"0,000";"ELDO_ALM_PRINCIPAL";
"301";"MR-2570";"PREFORMADOS RETERCION 9-10MM";"07";"Materiales consumibles de Redes. FO, UTP,  NAP.";"2465,000";"0,000";"OBE_ALM_PRINCIPAL";
"301";"MR-2570";"PREFORMADOS RETERCION 9-10MM";"07";"Materiales consumibles de Redes. FO, UTP,  NAP.";"80,000";"0,000";"OBE_ALM_REDES";
"301";"MR-2570";"PREFORMADOS RETERCION 9-10MM";"07";"Materiales consumibles de Redes. FO, UTP,  NAP.";"25,000";"0,000";"OBE_MOV_AH158HO_MRCDS-1016";
"301";"MR-2570";"PREFORMADOS RETERCION 9-10MM";"07";"Materiales consumibles de Redes. FO, UTP,  NAP.";"8,000";"0,000";"OBE_MOV_AF626DQ_FIORINO_OB08";
"301";"MR-2570";"PREFORMADOS RETERCION 9-10MM";"07";"Materiales consumibles de Redes. FO, UTP,  NAP.";"75,000";"0,000";"OBE_MOV_AF288VL_TOYOTA_OB06";
"301";"MR-2570";"PREFORMADOS RETERCION 9-10MM";"07";"Materiales consumibles de Redes. FO, UTP,  NAP.";"196,000";"0,000";"SPD_PRINCIPAL";
"301";"MR-2570";"PREFORMADOS RETERCION 9-10MM";"07";"Materiales consumibles de Redes. FO, UTP,  NAP.";"37,000";"0,000";"OBE_FIORINO_AH259TN_OB16";
"301";"MR-2570";"PREFORMADOS RETERCION 9-10MM";"07";"Materiales consumibles de Redes. FO, UTP,  NAP.";"580,000";"360,000";"NordesteTelecomunicaciones_ALM_Tercero_ITU";
"301";"MR-2570";"PREFORMADOS RETERCION 9-10MM";"07";"Materiales consumibles de Redes. FO, UTP,  NAP.";"453,000";"0,000";"ITU_ALM_PRINCIPAL";
"301";"MR-2570";"PREFORMADOS RETERCION 9-10MM";"07";"Materiales consumibles de Redes. FO, UTP,  NAP.";"25,000";"0,000";"3RO_PROY_OBRA_BYTE-CARLOS";
"347";"MR-4576";"PREFORMADOS SUSPERSION 11-12MM";"07";"Materiales consumibles de Redes. FO, UTP,  NAP.";"87,000";"0,000";"OBE_ALM_PRINCIPAL";
"734";"MR-5118";"SPLITTER 1-2 SC/APC 10/90";"07";"Materiales consumibles de Redes. FO, UTP,  NAP.";"8,000";"0,000";"SPD_PRINCIPAL";
"732";"MR-5116";"SPLITTER 1-2 SC/APC 15/85";"07";"Materiales consumibles de Redes. FO, UTP,  NAP.";"28,000";"0,000";"SPD_PRINCIPAL";
"731";"MR-5115";"SPLITTER 1-2 SC/APC 20/80";"07";"Materiales consumibles de Redes. FO, UTP,  NAP.";"21,000";"0,000";"SPD_PRINCIPAL";
"733";"MR-5117";"SPLITTER 1-2 SC/APC 30/70";"07";"Materiales consumibles de Redes. FO, UTP,  NAP.";"23,000";"0,000";"SPD_PRINCIPAL";
"304";"MR-2611";"SPLITTER 1-2 SC/APC 50/50";"07";"Materiales consumibles de Redes. FO, UTP,  NAP.";"3,000";"0,000";"OBE_FIORINO_AH259TN_OB16";
"304";"MR-2611";"SPLITTER 1-2 SC/APC 50/50";"07";"Materiales consumibles de Redes. FO, UTP,  NAP.";"7,000";"0,000";"WND-PRINCIPAL";
"304";"MR-2611";"SPLITTER 1-2 SC/APC 50/50";"07";"Materiales consumibles de Redes. FO, UTP,  NAP.";"34,000";"0,000";"SPD_PRINCIPAL";
"304";"MR-2611";"SPLITTER 1-2 SC/APC 50/50";"07";"Materiales consumibles de Redes. FO, UTP,  NAP.";"3,000";"0,000";"OBE_MOV_AF288VL_TOYOTA_OB06";
"304";"MR-2611";"SPLITTER 1-2 SC/APC 50/50";"07";"Materiales consumibles de Redes. FO, UTP,  NAP.";"4,000";"0,000";"OBE_MOV_AC301UR_PARTNER_OB05";
"304";"MR-2611";"SPLITTER 1-2 SC/APC 50/50";"07";"Materiales consumibles de Redes. FO, UTP,  NAP.";"1,000";"0,000";"OBE_MOV_AF626DQ_FIORINO_OB08";
"304";"MR-2611";"SPLITTER 1-2 SC/APC 50/50";"07";"Materiales consumibles de Redes. FO, UTP,  NAP.";"1,000";"0,000";"OBE_ALM_REDES";
"304";"MR-2611";"SPLITTER 1-2 SC/APC 50/50";"07";"Materiales consumibles de Redes. FO, UTP,  NAP.";"42,000";"0,000";"OBE_ALM_PRINCIPAL";
"304";"MR-2611";"SPLITTER 1-2 SC/APC 50/50";"07";"Materiales consumibles de Redes. FO, UTP,  NAP.";"130,000";"0,000";"3RO_PROY_OBRA_BYTE-CARLOS";
"304";"MR-2611";"SPLITTER 1-2 SC/APC 50/50";"07";"Materiales consumibles de Redes. FO, UTP,  NAP.";"4,000";"0,000";"WND_ALM_EXTRAV_PRINCIPAL";
"304";"MR-2611";"SPLITTER 1-2 SC/APC 50/50";"07";"Materiales consumibles de Redes. FO, UTP,  NAP.";"65,000";"0,000";"ITU_ALM_PRINCIPAL";
"322";"MR-3494";"SPLITTER 1-8  S/CONECTOR";"07";"Materiales consumibles de Redes. FO, UTP,  NAP.";"66,000";"0,000";"ITU_ALM_PRINCIPAL";
"322";"MR-3494";"SPLITTER 1-8  S/CONECTOR";"07";"Materiales consumibles de Redes. FO, UTP,  NAP.";"1,000";"0,000";"OBE_FIORINO_AH259TN_OB16";
"322";"MR-3494";"SPLITTER 1-8  S/CONECTOR";"07";"Materiales consumibles de Redes. FO, UTP,  NAP.";"40,000";"0,000";"3RO_PROY_OBRA_BYTE-CARLOS";
"322";"MR-3494";"SPLITTER 1-8  S/CONECTOR";"07";"Materiales consumibles de Redes. FO, UTP,  NAP.";"10,000";"0,000";"WND-PRINCIPAL";
"322";"MR-3494";"SPLITTER 1-8  S/CONECTOR";"07";"Materiales consumibles de Redes. FO, UTP,  NAP.";"29,000";"0,000";"SPD_PRINCIPAL";
"322";"MR-3494";"SPLITTER 1-8  S/CONECTOR";"07";"Materiales consumibles de Redes. FO, UTP,  NAP.";"4,000";"0,000";"OBE_MOV_AF288VL_TOYOTA_OB06";
"322";"MR-3494";"SPLITTER 1-8  S/CONECTOR";"07";"Materiales consumibles de Redes. FO, UTP,  NAP.";"3,000";"0,000";"OBE_MOV_AC301UR_PARTNER_OB05";
"322";"MR-3494";"SPLITTER 1-8  S/CONECTOR";"07";"Materiales consumibles de Redes. FO, UTP,  NAP.";"167,000";"0,000";"OBE_ALM_PRINCIPAL";
"296";"MR-24";"SPLITTER 1-8 SC-APC VERDE";"07";"Materiales consumibles de Redes. FO, UTP,  NAP.";"100,000";"0,000";"3RO_PROY_OBRA_BYTE-CARLOS";
"296";"MR-24";"SPLITTER 1-8 SC-APC VERDE";"07";"Materiales consumibles de Redes. FO, UTP,  NAP.";"131,000";"0,000";"ITU_ALM_PRINCIPAL";
"296";"MR-24";"SPLITTER 1-8 SC-APC VERDE";"07";"Materiales consumibles de Redes. FO, UTP,  NAP.";"5,000";"0,000";"WND_ALM_EXTRAV_OB16_AH259TN";
"296";"MR-24";"SPLITTER 1-8 SC-APC VERDE";"07";"Materiales consumibles de Redes. FO, UTP,  NAP.";"3,000";"0,000";"OBE_FIORINO_AH259TN_OB16";
"296";"MR-24";"SPLITTER 1-8 SC-APC VERDE";"07";"Materiales consumibles de Redes. FO, UTP,  NAP.";"12,000";"0,000";"WND-PRINCIPAL";
"296";"MR-24";"SPLITTER 1-8 SC-APC VERDE";"07";"Materiales consumibles de Redes. FO, UTP,  NAP.";"1,000";"0,000";"SPD_RANGER_KNV423";
"296";"MR-24";"SPLITTER 1-8 SC-APC VERDE";"07";"Materiales consumibles de Redes. FO, UTP,  NAP.";"40,000";"0,000";"SPD_PRINCIPAL";
"296";"MR-24";"SPLITTER 1-8 SC-APC VERDE";"07";"Materiales consumibles de Redes. FO, UTP,  NAP.";"28,000";"0,000";"OBE_MOV_AF288VL_TOYOTA_OB06";
"296";"MR-24";"SPLITTER 1-8 SC-APC VERDE";"07";"Materiales consumibles de Redes. FO, UTP,  NAP.";"2,000";"0,000";"OBE_MOV_AC301UR_PARTNER_OB05";
"296";"MR-24";"SPLITTER 1-8 SC-APC VERDE";"07";"Materiales consumibles de Redes. FO, UTP,  NAP.";"3,000";"0,000";"OBE_MOV_AF626DQ_FIORINO_OB08";
"296";"MR-24";"SPLITTER 1-8 SC-APC VERDE";"07";"Materiales consumibles de Redes. FO, UTP,  NAP.";"4,000";"0,000";"OBE_ALM_REDES";
"296";"MR-24";"SPLITTER 1-8 SC-APC VERDE";"07";"Materiales consumibles de Redes. FO, UTP,  NAP.";"777,000";"0,000";"OBE_ALM_PRINCIPAL";
"736";"MR-5120";"SPLITTER 1X16 SC/UPC C/CONECTOR";"07";"Materiales consumibles de Redes. FO, UTP,  NAP.";"2,000";"0,000";"SPD_PRINCIPAL";
"735";"MR-5119";"SPLITTER 1X4 SC/APC  C/CONECTOR";"07";"Materiales consumibles de Redes. FO, UTP,  NAP.";"4,000";"0,000";"SPD_PRINCIPAL";
"302";"MR-2571";"SUPA";"07";"Materiales consumibles de Redes. FO, UTP,  NAP.";"17,000";"0,000";"OBE_FIORINO_AH259TN_OB16";
"302";"MR-2571";"SUPA";"07";"Materiales consumibles de Redes. FO, UTP,  NAP.";"2275,000";"0,000";"ELDO_ALM_PRINCIPAL";
"302";"MR-2571";"SUPA";"07";"Materiales consumibles de Redes. FO, UTP,  NAP.";"175,000";"0,000";"3RO_PROY_OBRA_BYTE-CARLOS";
"302";"MR-2571";"SUPA";"07";"Materiales consumibles de Redes. FO, UTP,  NAP.";"42,000";"0,000";"WND-PRINCIPAL";
"302";"MR-2571";"SUPA";"07";"Materiales consumibles de Redes. FO, UTP,  NAP.";"1,000";"0,000";"SPD_RANGER_KNV423";
"302";"MR-2571";"SUPA";"07";"Materiales consumibles de Redes. FO, UTP,  NAP.";"41,000";"0,000";"SPD_PRINCIPAL";
"302";"MR-2571";"SUPA";"07";"Materiales consumibles de Redes. FO, UTP,  NAP.";"6,000";"0,000";"OBE_MOV_AH158HO_MRCDS-1016";
"302";"MR-2571";"SUPA";"07";"Materiales consumibles de Redes. FO, UTP,  NAP.";"680,000";"0,000";"OBE_ALM_CATRIEL";
"302";"MR-2571";"SUPA";"07";"Materiales consumibles de Redes. FO, UTP,  NAP.";"1975,000";"0,000";"OBE_ALM_PRINCIPAL";
"302";"MR-2571";"SUPA";"07";"Materiales consumibles de Redes. FO, UTP,  NAP.";"1,000";"0,000";"SPD_TOYOTA-HILUX_AH706LK";
"302";"MR-2571";"SUPA";"07";"Materiales consumibles de Redes. FO, UTP,  NAP.";"1509,000";"0,000";"ITU_ALM_PRINCIPAL";
"302";"MR-2571";"SUPA";"07";"Materiales consumibles de Redes. FO, UTP,  NAP.";"1625,000";"912,000";"NordesteTelecomunicaciones_ALM_Tercero_ITU";
"302";"MR-2571";"SUPA";"07";"Materiales consumibles de Redes. FO, UTP,  NAP.";"50,000";"0,000";"OBE_ALM_REDES";
"517";"MR-3912";"TARUGO N°6";"07";"Materiales consumibles de Redes. FO, UTP,  NAP.";"12,000";"0,000";"TAVARES_MUW401_FACUNDO";
"517";"MR-3912";"TARUGO N°6";"07";"Materiales consumibles de Redes. FO, UTP,  NAP.";"54,000";"0,000";"3RO_MOV_LUZ110_ZONAX_PETRY_02";
"517";"MR-3912";"TARUGO N°6";"07";"Materiales consumibles de Redes. FO, UTP,  NAP.";"62,000";"0,000";"SPD_RANGER_KNV423";
"517";"MR-3912";"TARUGO N°6";"07";"Materiales consumibles de Redes. FO, UTP,  NAP.";"32,000";"0,000";"TAVARES_FIAT-UNO_LEW916";
"517";"MR-3912";"TARUGO N°6";"07";"Materiales consumibles de Redes. FO, UTP,  NAP.";"11,000";"0,000";"TAVARES_WWP416_MARBIN";
"517";"MR-3912";"TARUGO N°6";"07";"Materiales consumibles de Redes. FO, UTP,  NAP.";"20,000";"0,000";"OCAMPO-MOVIL01";
"517";"MR-3912";"TARUGO N°6";"07";"Materiales consumibles de Redes. FO, UTP,  NAP.";"37,000";"0,000";"WND_YARIS_AG619SV_OB12";
"517";"MR-3912";"TARUGO N°6";"07";"Materiales consumibles de Redes. FO, UTP,  NAP.";"28,000";"0,000";"WND_ECOSPORT_EWD102";
"517";"MR-3912";"TARUGO N°6";"07";"Materiales consumibles de Redes. FO, UTP,  NAP.";"65,000";"0,000";"WND-PRINCIPAL";
"517";"MR-3912";"TARUGO N°6";"07";"Materiales consumibles de Redes. FO, UTP,  NAP.";"28,000";"0,000";"DOSK_FIAT-PALIO_OUE911";
"517";"MR-3912";"TARUGO N°6";"07";"Materiales consumibles de Redes. FO, UTP,  NAP.";"6,000";"0,000";"WND_ALM_EXTRAV_OB16_AH259TN";
"517";"MR-3912";"TARUGO N°6";"07";"Materiales consumibles de Redes. FO, UTP,  NAP.";"22,000";"0,000";"3RO_MOV_AD874FY_FIORINO_ZONAX_EZEQUIEL_04";
"517";"MR-3912";"TARUGO N°6";"07";"Materiales consumibles de Redes. FO, UTP,  NAP.";"26,000";"0,000";"ITU_MOV_AH864NB_FIORINO_OB-23";
"517";"MR-3912";"TARUGO N°6";"07";"Materiales consumibles de Redes. FO, UTP,  NAP.";"33,000";"0,000";"ELDO_MOVIL_AH646PT_FIORINO";
"517";"MR-3912";"TARUGO N°6";"07";"Materiales consumibles de Redes. FO, UTP,  NAP.";"52,000";"0,000";"SPD_FIORINO_AH646PV";
"517";"MR-3912";"TARUGO N°6";"07";"Materiales consumibles de Redes. FO, UTP,  NAP.";"41,000";"0,000";"3RO_MOV_KEO663_TAVARES_CLAUDIO";
"517";"MR-3912";"TARUGO N°6";"07";"Materiales consumibles de Redes. FO, UTP,  NAP.";"1010,000";"0,000";"ELDO_ALM_PRINCIPAL";
"517";"MR-3912";"TARUGO N°6";"07";"Materiales consumibles de Redes. FO, UTP,  NAP.";"230,000";"0,000";"ITU_ALM_PRINCIPAL";
"517";"MR-3912";"TARUGO N°6";"07";"Materiales consumibles de Redes. FO, UTP,  NAP.";"40,000";"0,000";"OBE_ALM_T-I";
"517";"MR-3912";"TARUGO N°6";"07";"Materiales consumibles de Redes. FO, UTP,  NAP.";"16,000";"0,000";"WND_ALM_EXTRAV_FIAT-UNO_NCQ134";
"517";"MR-3912";"TARUGO N°6";"07";"Materiales consumibles de Redes. FO, UTP,  NAP.";"20,000";"0,000";"TAVARES_FIAT-UNO_FZD571";
"517";"MR-3912";"TARUGO N°6";"07";"Materiales consumibles de Redes. FO, UTP,  NAP.";"38,000";"0,000";"OBE_MOV_AH259TD_FIORINO_OB17";
"517";"MR-3912";"TARUGO N°6";"07";"Materiales consumibles de Redes. FO, UTP,  NAP.";"1,000";"0,000";"WND_AREA_RETIROS_FRANCO";
"517";"MR-3912";"TARUGO N°6";"07";"Materiales consumibles de Redes. FO, UTP,  NAP.";"22,000";"0,000";"3RO_MOV_AC343ZR_TAVARES_DANIEL";
"517";"MR-3912";"TARUGO N°6";"07";"Materiales consumibles de Redes. FO, UTP,  NAP.";"85,000";"0,000";"3RO_MOV_NBF796_ZONAX_ANYELO_01";
"517";"MR-3912";"TARUGO N°6";"07";"Materiales consumibles de Redes. FO, UTP,  NAP.";"34,000";"0,000";"SPD_FIATUNO_JQL437";
"517";"MR-3912";"TARUGO N°6";"07";"Materiales consumibles de Redes. FO, UTP,  NAP.";"7,000";"0,000";"TAVARES_IIE083_TOMAS";
"517";"MR-3912";"TARUGO N°6";"07";"Materiales consumibles de Redes. FO, UTP,  NAP.";"14,000";"0,000";"OBE_FIORINO_AH259TN_OB16";
"517";"MR-3912";"TARUGO N°6";"07";"Materiales consumibles de Redes. FO, UTP,  NAP.";"16,000";"0,000";"DOSK_FIAT-PALIO_NUU379";
"517";"MR-3912";"TARUGO N°6";"07";"Materiales consumibles de Redes. FO, UTP,  NAP.";"56,000";"0,000";"DOSK_FIAT-UNO_NCQ134";
"517";"MR-3912";"TARUGO N°6";"07";"Materiales consumibles de Redes. FO, UTP,  NAP.";"29,000";"0,000";"SPD_KANGOO_LDM961";
"517";"MR-3912";"TARUGO N°6";"07";"Materiales consumibles de Redes. FO, UTP,  NAP.";"18,000";"0,000";"SPD_GOL_IZF196";
"517";"MR-3912";"TARUGO N°6";"07";"Materiales consumibles de Redes. FO, UTP,  NAP.";"19,000";"0,000";"SPD_FIORINO_AE226IV";
"517";"MR-3912";"TARUGO N°6";"07";"Materiales consumibles de Redes. FO, UTP,  NAP.";"70,000";"0,000";"SPD_CORSA_GWT145";
"517";"MR-3912";"TARUGO N°6";"07";"Materiales consumibles de Redes. FO, UTP,  NAP.";"300,000";"0,000";"SPD_PRINCIPAL";
"517";"MR-3912";"TARUGO N°6";"07";"Materiales consumibles de Redes. FO, UTP,  NAP.";"10,000";"0,000";"OBE_MOV_AC301UR_PARTNER_OB05";
"517";"MR-3912";"TARUGO N°6";"07";"Materiales consumibles de Redes. FO, UTP,  NAP.";"41,000";"0,000";"OBE_MOV_AG619SY_YARIS_OB14";
"517";"MR-3912";"TARUGO N°6";"07";"Materiales consumibles de Redes. FO, UTP,  NAP.";"30,000";"0,000";"OBE_MOV_AG660RM_FIORINO_OB13";
"517";"MR-3912";"TARUGO N°6";"07";"Materiales consumibles de Redes. FO, UTP,  NAP.";"264,000";"0,000";"OBE_MOV_AG619SX_YARIS_OB11";
"517";"MR-3912";"TARUGO N°6";"07";"Materiales consumibles de Redes. FO, UTP,  NAP.";"6,000";"0,000";"OBE_MOV_AF645TX_BERLINGO_OB10";
"517";"MR-3912";"TARUGO N°6";"07";"Materiales consumibles de Redes. FO, UTP,  NAP.";"25,000";"0,000";"OBE_MOV_AF626DO_FIORINO_OB07";
"517";"MR-3912";"TARUGO N°6";"07";"Materiales consumibles de Redes. FO, UTP,  NAP.";"63,000";"0,000";"OBE_MOV_AC325KI_PARTNER_OB04";
"517";"MR-3912";"TARUGO N°6";"07";"Materiales consumibles de Redes. FO, UTP,  NAP.";"3853,000";"30,000";"OBE_ALM_PRINCIPAL";
"518";"MR-4393";"TARUGO N°8";"07";"Materiales consumibles de Redes. FO, UTP,  NAP.";"10,000";"0,000";"SPD_FIATUNO_JQL437";
"518";"MR-4393";"TARUGO N°8";"07";"Materiales consumibles de Redes. FO, UTP,  NAP.";"10,000";"0,000";"SPD_PRINCIPAL";
"516";"MR-4394";"TORNILLO FIX 4x40 [para fijar ONU]";"07";"Materiales consumibles de Redes. FO, UTP,  NAP.";"26,000";"0,000";"OBE_FIORINO_AH259TN_OB16";
"516";"MR-4394";"TORNILLO FIX 4x40 [para fijar ONU]";"07";"Materiales consumibles de Redes. FO, UTP,  NAP.";"20,000";"0,000";"TAVARES_IIE083_TOMAS";
"516";"MR-4394";"TORNILLO FIX 4x40 [para fijar ONU]";"07";"Materiales consumibles de Redes. FO, UTP,  NAP.";"28,000";"0,000";"DOSK_FIAT-UNO_NCQ134";
"516";"MR-4394";"TORNILLO FIX 4x40 [para fijar ONU]";"07";"Materiales consumibles de Redes. FO, UTP,  NAP.";"18,000";"0,000";"TAVARES_FIAT-UNO_FZD571";
"516";"MR-4394";"TORNILLO FIX 4x40 [para fijar ONU]";"07";"Materiales consumibles de Redes. FO, UTP,  NAP.";"28,000";"0,000";"TAVARES_FIAT-UNO_LEW916";
"516";"MR-4394";"TORNILLO FIX 4x40 [para fijar ONU]";"07";"Materiales consumibles de Redes. FO, UTP,  NAP.";"16,000";"0,000";"TAVARES_MUW401_FACUNDO";
"516";"MR-4394";"TORNILLO FIX 4x40 [para fijar ONU]";"07";"Materiales consumibles de Redes. FO, UTP,  NAP.";"762,000";"30,000";"OBE_ALM_PRINCIPAL";
"516";"MR-4394";"TORNILLO FIX 4x40 [para fijar ONU]";"07";"Materiales consumibles de Redes. FO, UTP,  NAP.";"94,000";"0,000";"OBE_MOV_AC325KI_PARTNER_OB04";
"516";"MR-4394";"TORNILLO FIX 4x40 [para fijar ONU]";"07";"Materiales consumibles de Redes. FO, UTP,  NAP.";"36,000";"0,000";"3RO_MOV_LUZ110_ZONAX_PETRY_02";
"516";"MR-4394";"TORNILLO FIX 4x40 [para fijar ONU]";"07";"Materiales consumibles de Redes. FO, UTP,  NAP.";"16,000";"0,000";"OBE_MOV_AF626DO_FIORINO_OB07";
"516";"MR-4394";"TORNILLO FIX 4x40 [para fijar ONU]";"07";"Materiales consumibles de Redes. FO, UTP,  NAP.";"11,000";"0,000";"OBE_MOV_AF645TX_BERLINGO_OB10";
"516";"MR-4394";"TORNILLO FIX 4x40 [para fijar ONU]";"07";"Materiales consumibles de Redes. FO, UTP,  NAP.";"338,000";"0,000";"OBE_MOV_AG619SX_YARIS_OB11";
"516";"MR-4394";"TORNILLO FIX 4x40 [para fijar ONU]";"07";"Materiales consumibles de Redes. FO, UTP,  NAP.";"30,000";"0,000";"OBE_MOV_AG660RM_FIORINO_OB13";
"516";"MR-4394";"TORNILLO FIX 4x40 [para fijar ONU]";"07";"Materiales consumibles de Redes. FO, UTP,  NAP.";"48,000";"0,000";"OBE_MOV_AG619SY_YARIS_OB14";
"516";"MR-4394";"TORNILLO FIX 4x40 [para fijar ONU]";"07";"Materiales consumibles de Redes. FO, UTP,  NAP.";"10,000";"0,000";"OBE_MOV_AC301UR_PARTNER_OB05";
"516";"MR-4394";"TORNILLO FIX 4x40 [para fijar ONU]";"07";"Materiales consumibles de Redes. FO, UTP,  NAP.";"170,000";"0,000";"SPD_PRINCIPAL";
"516";"MR-4394";"TORNILLO FIX 4x40 [para fijar ONU]";"07";"Materiales consumibles de Redes. FO, UTP,  NAP.";"38,000";"0,000";"SPD_CORSA_GWT145";
"516";"MR-4394";"TORNILLO FIX 4x40 [para fijar ONU]";"07";"Materiales consumibles de Redes. FO, UTP,  NAP.";"55,000";"0,000";"SPD_FIORINO_AE226IV";
"516";"MR-4394";"TORNILLO FIX 4x40 [para fijar ONU]";"07";"Materiales consumibles de Redes. FO, UTP,  NAP.";"35,000";"0,000";"SPD_KANGOO_LDM961";
"516";"MR-4394";"TORNILLO FIX 4x40 [para fijar ONU]";"07";"Materiales consumibles de Redes. FO, UTP,  NAP.";"65,000";"0,000";"SPD_RANGER_KNV423";
"516";"MR-4394";"TORNILLO FIX 4x40 [para fijar ONU]";"07";"Materiales consumibles de Redes. FO, UTP,  NAP.";"125,000";"0,000";"WND-PRINCIPAL";
"516";"MR-4394";"TORNILLO FIX 4x40 [para fijar ONU]";"07";"Materiales consumibles de Redes. FO, UTP,  NAP.";"8,000";"0,000";"WND_ECOSPORT_EWD102";
"516";"MR-4394";"TORNILLO FIX 4x40 [para fijar ONU]";"07";"Materiales consumibles de Redes. FO, UTP,  NAP.";"47,000";"0,000";"WND_YARIS_AG619SV_OB12";
"516";"MR-4394";"TORNILLO FIX 4x40 [para fijar ONU]";"07";"Materiales consumibles de Redes. FO, UTP,  NAP.";"19,000";"0,000";"OCAMPO-MOVIL01";
"516";"MR-4394";"TORNILLO FIX 4x40 [para fijar ONU]";"07";"Materiales consumibles de Redes. FO, UTP,  NAP.";"18,000";"0,000";"TAVARES_WWP416_MARBIN";
"516";"MR-4394";"TORNILLO FIX 4x40 [para fijar ONU]";"07";"Materiales consumibles de Redes. FO, UTP,  NAP.";"23,000";"0,000";"OBE_MOV_AH259TD_FIORINO_OB17";
"516";"MR-4394";"TORNILLO FIX 4x40 [para fijar ONU]";"07";"Materiales consumibles de Redes. FO, UTP,  NAP.";"16,000";"0,000";"3RO_MOV_AD874FY_FIORINO_ZONAX_EZEQUIEL_04";
"516";"MR-4394";"TORNILLO FIX 4x40 [para fijar ONU]";"07";"Materiales consumibles de Redes. FO, UTP,  NAP.";"23,000";"0,000";"ITU_MOV_AH864NB_FIORINO_OB-23";
"516";"MR-4394";"TORNILLO FIX 4x40 [para fijar ONU]";"07";"Materiales consumibles de Redes. FO, UTP,  NAP.";"33,000";"0,000";"ELDO_MOVIL_AH646PT_FIORINO";
"516";"MR-4394";"TORNILLO FIX 4x40 [para fijar ONU]";"07";"Materiales consumibles de Redes. FO, UTP,  NAP.";"163,000";"0,000";"SPD_FIORINO_AH646PV";
"516";"MR-4394";"TORNILLO FIX 4x40 [para fijar ONU]";"07";"Materiales consumibles de Redes. FO, UTP,  NAP.";"8,000";"0,000";"SPD_PEUGEOT206_FHB226";
"516";"MR-4394";"TORNILLO FIX 4x40 [para fijar ONU]";"07";"Materiales consumibles de Redes. FO, UTP,  NAP.";"46,000";"0,000";"3RO_MOV_KEO663_TAVARES_CLAUDIO";
"516";"MR-4394";"TORNILLO FIX 4x40 [para fijar ONU]";"07";"Materiales consumibles de Redes. FO, UTP,  NAP.";"190,000";"0,000";"ELDO_ALM_PRINCIPAL";
"516";"MR-4394";"TORNILLO FIX 4x40 [para fijar ONU]";"07";"Materiales consumibles de Redes. FO, UTP,  NAP.";"230,000";"0,000";"ITU_ALM_PRINCIPAL";
"516";"MR-4394";"TORNILLO FIX 4x40 [para fijar ONU]";"07";"Materiales consumibles de Redes. FO, UTP,  NAP.";"40,000";"0,000";"OBE_ALM_T-I";
"516";"MR-4394";"TORNILLO FIX 4x40 [para fijar ONU]";"07";"Materiales consumibles de Redes. FO, UTP,  NAP.";"19,000";"0,000";"WND_ALM_EXTRAV_FIAT-PALIO_NUU379";
"516";"MR-4394";"TORNILLO FIX 4x40 [para fijar ONU]";"07";"Materiales consumibles de Redes. FO, UTP,  NAP.";"22,000";"0,000";"WND_ALM_EXTRAV_FIAT-UNO_NCQ134";
"516";"MR-4394";"TORNILLO FIX 4x40 [para fijar ONU]";"07";"Materiales consumibles de Redes. FO, UTP,  NAP.";"22,000";"0,000";"WND_ALM_EXTRAV_OB16_AH259TN";
"516";"MR-4394";"TORNILLO FIX 4x40 [para fijar ONU]";"07";"Materiales consumibles de Redes. FO, UTP,  NAP.";"28,000";"0,000";"DOSK_FIAT-PALIO_OUE911";
"516";"MR-4394";"TORNILLO FIX 4x40 [para fijar ONU]";"07";"Materiales consumibles de Redes. FO, UTP,  NAP.";"37,000";"0,000";"WND_ALM_EXTRAV_PRINCIPAL";
"516";"MR-4394";"TORNILLO FIX 4x40 [para fijar ONU]";"07";"Materiales consumibles de Redes. FO, UTP,  NAP.";"18,000";"0,000";"3RO_MOV_AC343ZR_TAVARES_DANIEL";
"516";"MR-4394";"TORNILLO FIX 4x40 [para fijar ONU]";"07";"Materiales consumibles de Redes. FO, UTP,  NAP.";"183,000";"0,000";"SPD_FIATUNO_JQL437";
"50";"MR-3581";"WIFI CABLE UTP CAT.5E X MTS EXTERIOR NEGRO ''GLC''";"02";"Materiales consumibles de Redes. FO, UTP,  NAP.";"47,000";"0,000";"OBE_MOV_AC325KI_PARTNER_OB04";
"50";"MR-3581";"WIFI CABLE UTP CAT.5E X MTS EXTERIOR NEGRO ''GLC''";"02";"Materiales consumibles de Redes. FO, UTP,  NAP.";"915,000";"0,000";"OBE_ALM_PRINCIPAL";
"52";"MR-4413";"WIFI CABLE UTP CAT.5E X MTS EXTERIOR NEGRO FURUKAWA";"02";"Materiales consumibles de Redes. FO, UTP,  NAP.";"189,000";"0,000";"OBE_ALM_PRINCIPAL";
"52";"MR-4413";"WIFI CABLE UTP CAT.5E X MTS EXTERIOR NEGRO FURUKAWA";"02";"Materiales consumibles de Redes. FO, UTP,  NAP.";"26,000";"0,000";"WND-PRINCIPAL";
"52";"MR-4413";"WIFI CABLE UTP CAT.5E X MTS EXTERIOR NEGRO FURUKAWA";"02";"Materiales consumibles de Redes. FO, UTP,  NAP.";"193,000";"0,000";"SPD_RANGER_KNV423";
"52";"MR-4413";"WIFI CABLE UTP CAT.5E X MTS EXTERIOR NEGRO FURUKAWA";"02";"Materiales consumibles de Redes. FO, UTP,  NAP.";"305,000";"0,000";"SPD_PRINCIPAL";
"52";"MR-4413";"WIFI CABLE UTP CAT.5E X MTS EXTERIOR NEGRO FURUKAWA";"02";"Materiales consumibles de Redes. FO, UTP,  NAP.";"295,000";"0,000";"OBE_MOV_AF288VL_TOYOTA_OB06";
"54";"MR-4506";"WIFI CABLE UTP CAT.6 X MTS EXTERIOR NEGRO ''GLC";"02";"Materiales consumibles de Redes. FO, UTP,  NAP.";"35,000";"0,000";"OCAMPO-MOVIL01";
"54";"MR-4506";"WIFI CABLE UTP CAT.6 X MTS EXTERIOR NEGRO ''GLC";"02";"Materiales consumibles de Redes. FO, UTP,  NAP.";"48,000";"0,000";"WND_YARIS_AG619SV_OB12";
"54";"MR-4506";"WIFI CABLE UTP CAT.6 X MTS EXTERIOR NEGRO ''GLC";"02";"Materiales consumibles de Redes. FO, UTP,  NAP.";"193,000";"18,000";"WND_ECOSPORT_EWD102";
"54";"MR-4506";"WIFI CABLE UTP CAT.6 X MTS EXTERIOR NEGRO ''GLC";"02";"Materiales consumibles de Redes. FO, UTP,  NAP.";"383,000";"0,000";"WND-PRINCIPAL";
"54";"MR-4506";"WIFI CABLE UTP CAT.6 X MTS EXTERIOR NEGRO ''GLC";"02";"Materiales consumibles de Redes. FO, UTP,  NAP.";"182,000";"0,000";"SPD_KANGOO_LDM961";
"54";"MR-4506";"WIFI CABLE UTP CAT.6 X MTS EXTERIOR NEGRO ''GLC";"02";"Materiales consumibles de Redes. FO, UTP,  NAP.";"0,500";"0,000";"SPD_KANGOO_AE071VE";
"54";"MR-4506";"WIFI CABLE UTP CAT.6 X MTS EXTERIOR NEGRO ''GLC";"02";"Materiales consumibles de Redes. FO, UTP,  NAP.";"75,000";"0,000";"SPD_GOL_IZF196";
"54";"MR-4506";"WIFI CABLE UTP CAT.6 X MTS EXTERIOR NEGRO ''GLC";"02";"Materiales consumibles de Redes. FO, UTP,  NAP.";"127,000";"0,000";"SPD_FIORINO_AE226IV";
"54";"MR-4506";"WIFI CABLE UTP CAT.6 X MTS EXTERIOR NEGRO ''GLC";"02";"Materiales consumibles de Redes. FO, UTP,  NAP.";"17,000";"0,000";"SPD_CORSA_GWT145";
"54";"MR-4506";"WIFI CABLE UTP CAT.6 X MTS EXTERIOR NEGRO ''GLC";"02";"Materiales consumibles de Redes. FO, UTP,  NAP.";"2135,000";"0,000";"SPD_PRINCIPAL";
"54";"MR-4506";"WIFI CABLE UTP CAT.6 X MTS EXTERIOR NEGRO ''GLC";"02";"Materiales consumibles de Redes. FO, UTP,  NAP.";"89,000";"0,000";"OBE_MOV_AG619SY_YARIS_OB14";
"54";"MR-4506";"WIFI CABLE UTP CAT.6 X MTS EXTERIOR NEGRO ''GLC";"02";"Materiales consumibles de Redes. FO, UTP,  NAP.";"385,000";"0,000";"OBE_MOV_AG660RM_FIORINO_OB13";
"54";"MR-4506";"WIFI CABLE UTP CAT.6 X MTS EXTERIOR NEGRO ''GLC";"02";"Materiales consumibles de Redes. FO, UTP,  NAP.";"156,000";"0,000";"OBE_MOV_AG619SX_YARIS_OB11";
"54";"MR-4506";"WIFI CABLE UTP CAT.6 X MTS EXTERIOR NEGRO ''GLC";"02";"Materiales consumibles de Redes. FO, UTP,  NAP.";"357,000";"0,000";"OBE_MOV_AF645TX_BERLINGO_OB10";
"54";"MR-4506";"WIFI CABLE UTP CAT.6 X MTS EXTERIOR NEGRO ''GLC";"02";"Materiales consumibles de Redes. FO, UTP,  NAP.";"284,000";"0,000";"OBE_MOV_AA701EZ_CLIO_OB09";
"54";"MR-4506";"WIFI CABLE UTP CAT.6 X MTS EXTERIOR NEGRO ''GLC";"02";"Materiales consumibles de Redes. FO, UTP,  NAP.";"69,000";"0,000";"OBE_MOV_AF626DO_FIORINO_OB07";
"54";"MR-4506";"WIFI CABLE UTP CAT.6 X MTS EXTERIOR NEGRO ''GLC";"02";"Materiales consumibles de Redes. FO, UTP,  NAP.";"194,000";"0,000";"OBE_ALM_REDES";
"54";"MR-4506";"WIFI CABLE UTP CAT.6 X MTS EXTERIOR NEGRO ''GLC";"02";"Materiales consumibles de Redes. FO, UTP,  NAP.";"2440,000";"0,000";"OBE_ALM_PRINCIPAL";
"54";"MR-4506";"WIFI CABLE UTP CAT.6 X MTS EXTERIOR NEGRO ''GLC";"02";"Materiales consumibles de Redes. FO, UTP,  NAP.";"64,000";"0,000";"OBE_ALM_EXTRAV_EMA_PALCZYKOWSKI";
"54";"MR-4506";"WIFI CABLE UTP CAT.6 X MTS EXTERIOR NEGRO ''GLC";"02";"Materiales consumibles de Redes. FO, UTP,  NAP.";"83,000";"0,000";"3RO_MOV_AC343ZR_TAVARES_DANIEL";
"54";"MR-4506";"WIFI CABLE UTP CAT.6 X MTS EXTERIOR NEGRO ''GLC";"02";"Materiales consumibles de Redes. FO, UTP,  NAP.";"228,000";"0,000";"3RO_MOV_NBF796_ZONAX_ANYELO_01";
"54";"MR-4506";"WIFI CABLE UTP CAT.6 X MTS EXTERIOR NEGRO ''GLC";"02";"Materiales consumibles de Redes. FO, UTP,  NAP.";"305,000";"0,000";"Lucas_ Ventas B2B";
"54";"MR-4506";"WIFI CABLE UTP CAT.6 X MTS EXTERIOR NEGRO ''GLC";"02";"Materiales consumibles de Redes. FO, UTP,  NAP.";"81,000";"0,000";"SPD_FIATUNO_JQL437";
"54";"MR-4506";"WIFI CABLE UTP CAT.6 X MTS EXTERIOR NEGRO ''GLC";"02";"Materiales consumibles de Redes. FO, UTP,  NAP.";"90,000";"0,000";"TAVARES_IIE083_TOMAS";
"54";"MR-4506";"WIFI CABLE UTP CAT.6 X MTS EXTERIOR NEGRO ''GLC";"02";"Materiales consumibles de Redes. FO, UTP,  NAP.";"305,000";"0,000";"OBE_FIORINO_AH259TN_OB16";
"54";"MR-4506";"WIFI CABLE UTP CAT.6 X MTS EXTERIOR NEGRO ''GLC";"02";"Materiales consumibles de Redes. FO, UTP,  NAP.";"145,000";"0,000";"DOSK_FIAT-PALIO_NUU379";
"54";"MR-4506";"WIFI CABLE UTP CAT.6 X MTS EXTERIOR NEGRO ''GLC";"02";"Materiales consumibles de Redes. FO, UTP,  NAP.";"309,000";"0,000";"DOSK_FIAT-UNO_NCQ134";
"54";"MR-4506";"WIFI CABLE UTP CAT.6 X MTS EXTERIOR NEGRO ''GLC";"02";"Materiales consumibles de Redes. FO, UTP,  NAP.";"226,000";"0,000";"TAVARES_FIAT-UNO_FZD571";
"54";"MR-4506";"WIFI CABLE UTP CAT.6 X MTS EXTERIOR NEGRO ''GLC";"02";"Materiales consumibles de Redes. FO, UTP,  NAP.";"211,000";"0,000";"TAVARES_WWP416_MARBIN";
"54";"MR-4506";"WIFI CABLE UTP CAT.6 X MTS EXTERIOR NEGRO ''GLC";"02";"Materiales consumibles de Redes. FO, UTP,  NAP.";"305,000";"0,000";"TAVARES_FIAT-UNO_LEW916";
"54";"MR-4506";"WIFI CABLE UTP CAT.6 X MTS EXTERIOR NEGRO ''GLC";"02";"Materiales consumibles de Redes. FO, UTP,  NAP.";"100,000";"0,000";"OBE_ALM_EXTRAV_OB04_EMILIANO";
"54";"MR-4506";"WIFI CABLE UTP CAT.6 X MTS EXTERIOR NEGRO ''GLC";"02";"Materiales consumibles de Redes. FO, UTP,  NAP.";"262,000";"30,000";"OBE_MOV_AH259TD_FIORINO_OB17";
"54";"MR-4506";"WIFI CABLE UTP CAT.6 X MTS EXTERIOR NEGRO ''GLC";"02";"Materiales consumibles de Redes. FO, UTP,  NAP.";"83,000";"0,000";"WND_ALM_EXTRAV_FIAT-PALIO_NUU379";
"54";"MR-4506";"WIFI CABLE UTP CAT.6 X MTS EXTERIOR NEGRO ''GLC";"02";"Materiales consumibles de Redes. FO, UTP,  NAP.";"723,000";"0,000";"ITU_ALM_PRINCIPAL";
"54";"MR-4506";"WIFI CABLE UTP CAT.6 X MTS EXTERIOR NEGRO ''GLC";"02";"Materiales consumibles de Redes. FO, UTP,  NAP.";"176,000";"0,000";"ELDO_ALM_PRINCIPAL";
"54";"MR-4506";"WIFI CABLE UTP CAT.6 X MTS EXTERIOR NEGRO ''GLC";"02";"Materiales consumibles de Redes. FO, UTP,  NAP.";"283,000";"0,000";"TAVARES_A221VDO_H.WAVE_IVAN";
"54";"MR-4506";"WIFI CABLE UTP CAT.6 X MTS EXTERIOR NEGRO ''GLC";"02";"Materiales consumibles de Redes. FO, UTP,  NAP.";"335,000";"0,000";"3RO_MOV_KEO663_TAVARES_CLAUDIO";
"54";"MR-4506";"WIFI CABLE UTP CAT.6 X MTS EXTERIOR NEGRO ''GLC";"02";"Materiales consumibles de Redes. FO, UTP,  NAP.";"305,000";"0,000";"SPD_PEUGEOT206_FHB226";
"54";"MR-4506";"WIFI CABLE UTP CAT.6 X MTS EXTERIOR NEGRO ''GLC";"02";"Materiales consumibles de Redes. FO, UTP,  NAP.";"216,000";"0,000";"SPD_FIORINO_AH646PV";
"54";"MR-4506";"WIFI CABLE UTP CAT.6 X MTS EXTERIOR NEGRO ''GLC";"02";"Materiales consumibles de Redes. FO, UTP,  NAP.";"207,000";"0,000";"ELDO_MOVIL_AH646PT_FIORINO";
"54";"MR-4506";"WIFI CABLE UTP CAT.6 X MTS EXTERIOR NEGRO ''GLC";"02";"Materiales consumibles de Redes. FO, UTP,  NAP.";"265,000";"0,000";"ITU_MOV_AH864NB_FIORINO_OB-23";
"54";"MR-4506";"WIFI CABLE UTP CAT.6 X MTS EXTERIOR NEGRO ''GLC";"02";"Materiales consumibles de Redes. FO, UTP,  NAP.";"305,000";"0,000";"DOSK_FIAT-PALIO_OUE911";
"593";"VC-5049";"CABLE CANAL X 2M";"07";"Productos para la venta de Clientes";"1,000";"0,000";"SPD_PRINCIPAL";
"592";"VC-5048";"CAÑOS 1,5 X 1M";"07";"Productos para la venta de Clientes";"2,000";"0,000";"SPD_FIORINO_AE226IV";
"592";"VC-5048";"CAÑOS 1,5 X 1M";"07";"Productos para la venta de Clientes";"2,000";"0,000";"SPD_KANGOO_LDM961";
"592";"VC-5048";"CAÑOS 1,5 X 1M";"07";"Productos para la venta de Clientes";"3,000";"0,000";"SPD_FIORINO_AH646PV";
"823";"VC-5187";"DELL R710 /8 slots de HDD de 2.5 /CPU XEON X5650 (2.66ghz) /64 Gb Ram iDrac 6 enterprise/ 3 discos 2.5   SAS 600Gb 10k rpm (c/placa de red)";"07";"Productos para la venta de Clientes";"1,000";"0,000";"OBE_ALM_PRINCIPAL";
"851";"VC-5206";"ONU HUAWEI ECHOLIFE EG8141A5";"07";"Productos para la venta de Clientes";"8,000";"0,000";"OBE_ALM_PRINCIPAL";
"594";"VC-5050";"TRIPLE PIRÁMIDE (ENCHUFE)";"07";"Productos para la venta de Clientes";"1,000";"0,000";"SPD_CORSA_GWT145";
"594";"VC-5050";"TRIPLE PIRÁMIDE (ENCHUFE)";"07";"Productos para la venta de Clientes";"2,000";"0,000";"SPD_FIORINO_AE226IV";
"594";"VC-5050";"TRIPLE PIRÁMIDE (ENCHUFE)";"07";"Productos para la venta de Clientes";"3,000";"0,000";"SPD_FIATUNO_JQL437";
"594";"VC-5050";"TRIPLE PIRÁMIDE (ENCHUFE)";"07";"Productos para la venta de Clientes";"1,000";"0,000";"SPD_ALM_DEVOLUCIONES";
"594";"VC-5050";"TRIPLE PIRÁMIDE (ENCHUFE)";"07";"Productos para la venta de Clientes";"4,000";"0,000";"SPD_FIORINO_AH646PV";
